dataset,query_id,scheme,original_feasible,disrupted_feasible,original_path_blocked,surviving_candidates,path_changed,original_scalar,original_optimal_scalar,disrupted_optimal_scalar,surviving_best_scalar,original_score,original_optimal_score,disrupted_score,original_candidate_gap,intrinsic_closure_relative_loss,recommendation_relative_change,gain_over_surviving_candidate,scalar_seconds,reference_seconds,replan_seconds,expanded,original_c1,disrupted_c1,delta_c1,relative_c1,original_c2,disrupted_c2,delta_c2,relative_c2,original_c3,disrupted_c3,delta_c3,relative_c3,original_c4,disrupted_c4,delta_c4,relative_c4,original_c5,disrupted_c5,delta_c5,relative_c5
BAY,0001,time_priority,True,True,True,25,True,1807996407397136280,1807519555898317580,1847484838650971460,1935149526067523370,0.07798190999862485,0.07780333151404857,0.09277012861400903,0.0002638154023078937,0.02211056728113327,0.02184098988929093,0.04745082913945017,0.043245614,0.082040132,0.00463184,495,373526,373630,104,0.0002784277399699084,466042,491203,25161,0.05398869629775857,1410,1412,2,0.0014184397163120568,1098,1092,-6,-0.00546448087431694,204,202,-2,-0.00980392156862745
BAY,0001,stable_priority,True,True,False,25,False,2440239668701863450,2440239668701863450,2440239668701863450,2440239668701863450,0.14751956768124114,0.14751956768124114,0.14751956768124114,0.0,0.0,0.0,0.0,0.038886473,0.076681597,0.001491112,0,357082,357082,0,0.0,774395,774395,0,0.0,1088,1088,0,0.0,1140,1140,0,0.0,202,202,0,0.0
BAY,0001,balanced,True,True,False,25,False,2285948246945364120,2285948246945364120,2285948246945364120,2285948246945364120,0.13211874661535505,0.13211874661535505,0.13211874661535505,0.0,0.0,0.0,0.0,0.038207607,0.074234309,0.000964579,0,357082,357082,0,0.0,774395,774395,0,0.0,1088,1088,0,0.0,1140,1140,0,0.0,202,202,0,0.0
BAY,0001,time_shortest,True,True,True,25,True,1266371953487902800,1266371953487902800,1332381389514688800,1467343130976374400,0.0,0.0,0.024720201325990166,0.0,0.05212484045069035,0.05212484045069035,0.10129362547674471,0.038131043,0.081322632,0.001230468,1049,375766,375223,-543,-0.0014450482481118568,463023,487158,24135,0.05212484045069035,1468,1436,-32,-0.021798365122615803,1080,1100,20,0.018518518518518517,200,205,5,0.025
BAY,0002,time_priority,True,True,True,8,True,441109205574232240,439770946084762100,450008884253401380,485471826016121460,0.15209681534399358,0.14686305140505082,0.18690233527918582,0.0030430829989669256,0.023280160410292326,0.020175681139058554,0.07880498142065744,0.043210856,0.076370311,0.003921665,881,378161,382730,4569,0.012082155484039866,500959,528036,27077,0.05405033146425157,413,423,10,0.024213075060532687,1104,1098,-6,-0.005434782608695652,194,188,-6,-0.030927835051546393
BAY,0002,stable_priority,True,True,True,8,True,556354678363758970,554326516155024640,555862087560620860,569901415375601585,0.20457361101340127,0.19664172462371235,0.20264715056054855,0.0036587862020425665,0.0027701568675577797,-0.0008853898822003641,0.02525685440536477,0.039032155,0.073765377,0.00152705,267,386983,386742,-241,-0.000622766374750312,634286,657058,22772,0.035901785629826294,349,349,0,0.0,1164,1156,-8,-0.006872852233676976,191,188,-3,-0.015706806282722512
BAY,0002,balanced,True,True,True,8,True,647981461973469980,645774373417332580,647899416070423960,671245696883100620,0.22441028735811605,0.2157786426090557,0.2240894161877048,0.003417739456674082,0.003290689040269593,-0.00012661767019714397,0.036033804373947785,0.038143541,0.070876884,0.000965861,255,378161,383953,5792,0.015316227744267653,500959,608814,107855,0.21529706023846262,413,385,-28,-0.06779661016949153,1104,1096,-8,-0.007246376811594203,194,183,-11,-0.05670103092783505
BAY,0002,time_shortest,True,True,True,8,True,213836560934629500,213836560934629500,230468745442950000,276230982377920500,0.0,0.0,0.06504637418260018,0.0,0.07777989150042967,0.07777989150042967,0.19856157435585312,0.038031317,0.078398706,0.001323249,1913,381658,411685,30027,0.07867514895534745,457329,492900,35571,0.07777989150042967,487,533,46,0.0944558521560575,1136,1160,24,0.02112676056338028,204,224,20,0.09803921568627451
BAY,0003,time_priority,True,True,True,7,True,2143119562004215220210,2134873457440807918530,2286058806727725399270,2444504336764094813030,0.18873153175962062,0.18406904586314843,0.26955177936273583,0.003862572994510114,0.07081700733126908,0.06669681302793737,0.06930947251666243,0.04267351,0.071169457,0.006229837,10850,1386564,1453445,66881,0.048235061634371,1899787,1898575,-1212,-0.0006379662562171443,984,1106,122,0.12398373983739837,1879,2109,230,0.12240553485896753,366,410,44,0.12021857923497267
BAY,0003,stable_priority,True,True,True,7,True,2862550304178336988245,2811052942336038194155,2855032341075675555595,2909659539138142079545,0.24930522441457514,0.2201877518614461,0.24505444191881284,0.018319598705068683,0.015645169138326386,-0.002626316502346805,0.01913365298057707,0.037607123,0.067200501,0.000848085,733,1617321,1801904,184583,0.11412885877324291,3078235,3670655,592420,0.19245444223719113,766,706,-60,-0.0783289817232376,1791,1721,-70,-0.03908431044109436,340,325,-15,-0.04411764705882353
BAY,0003,balanced,True,True,True,7,True,3041336377234844956420,3031233430581797929500,3103489595552617046580,3212751184818456502060,0.25694154933632746,0.25122917376305687,0.2920840219546021,0.0033329490731790735,0.023837215650181938,0.020436153916746698,0.03520604335919612,0.037405961,0.071417897,0.001634235,2000,1386564,1622803,236239,0.17037727793307775,1899787,3154562,1254775,0.6604819382383393,984,774,-210,-0.21341463414634146,1879,1779,-100,-0.05321979776476849,366,332,-34,-0.09289617486338798
BAY,0003,time_shortest,True,True,True,7,True,1031747569436866932000,1031747569436866932000,1114012102687150212000,1676257488709733124000,0.0,0.0,0.04651374756529024,0.0,0.0797331980100362,0.0797331980100362,0.5047031218658844,0.038374664,0.078603848,0.005006368,15494,1361853,1396285,34432,0.02528319870059397,1574501,1700041,125540,0.0797331980100362,1242,1426,184,0.14814814814814814,2307,2785,478,0.2071954919809276,452,525,73,0.16150442477876106
BAY,0004,time_priority,True,True,True,18,True,3188666377126926447200,3177613327258106033600,3502666498634495556960,4105642187754779210800,0.17215616571756873,0.16878167728065666,0.26802018440848935,0.0034784124846171426,0.10229475329425021,0.09847380828548505,0.1721476164959901,0.042743718,0.074775405,0.008452802,14952,1125005,1200031,75026,0.06668948138008275,1620801,1844843,224042,0.1382291842120038,1462,1512,50,0.03419972640218878,2408,2578,170,0.07059800664451828,456,483,27,0.05921052631578947
BAY,0004,stable_priority,True,True,True,18,True,3217082706292116203870,3207044737649440713960,3264854301402298471310,4115422092814015053990,0.22098474410818908,0.21792015926357103,0.23556937886740592,0.003129974622690384,0.018025805213814534,0.014849352494652504,0.26052243466006625,0.03849252,0.071787829,0.001304744,1397,1187611,1183031,-4580,-0.003856481625717512,1920706,2189916,269210,0.14016200293017256,1332,1550,218,0.16366366366366367,2166,2048,-118,-0.05447830101569714,415,376,-39,-0.09397590361445783
BAY,0004,balanced,True,True,True,18,True,3807359412514383531600,3743869126285605001400,3820380631608152396040,4520613067245592003640,0.23742884512455872,0.218045304900098,0.24140421425687145,0.016958468388495455,0.020436479679634675,0.003420013106976323,0.18328865711547793,0.038617015,0.072685423,0.001926451,2516,1187611,1173478,-14133,-0.011900361313595108,1920706,2166835,246129,0.12814506749080806,1332,1568,236,0.17717717717717718,2166,2060,-106,-0.048938134810710986,415,379,-36,-0.08674698795180723
BAY,0004,time_shortest,True,True,True,18,True,2219879238164684148800,2219879238164684148800,2479384142379255040000,3689992335629775044800,0.0,0.0,0.07922666675596023,0.0,0.11690046005796251,0.11690046005796251,0.48826971688574317,0.038937747,0.079054763,0.008200305,22643,1340137,1356966,16829,0.012557671342556769,1416778,1582400,165622,0.11690046005796251,2496,2552,56,0.022435897435897436,3228,3594,366,0.11338289962825279,602,657,55,0.09136212624584718
BAY,0005,time_priority,True,True,True,72,True,226365038273355265830,223356406819468508030,238993049319783486810,263284516038229269670,0.17252533715124116,0.15761358416618068,0.23511385432362075,0.013470092471171126,0.07000758439382289,0.05578604868822018,0.10164089201582889,0.042544586,0.080458458,0.012385115,27355,1506940,1536180,29240,0.019403559531235483,1948409,2065345,116936,0.060016146507227176,1841,2033,192,0.10429114611624117,2860,3086,226,0.07902097902097902,525,562,37,0.07047619047619047
BAY,0005,stable_priority,True,True,True,72,True,239134413265771083305,237158631857016458715,237158631857016458715,242377446691525889555,0.24003787425826362,0.23024526098163173,0.23024526098163173,0.008331054169454934,0.0,-0.008262221157432349,0.022005586698003333,0.038249855,0.079931152,0.001374572,427,1495626,1548641,53015,0.03544669589857358,2184249,2721458,537209,0.24594677621461655,1931,1753,-178,-0.092180217503884,2430,2338,-92,-0.03786008230452675,462,426,-36,-0.07792207792207792
BAY,0005,balanced,True,True,True,72,True,277018659981503018060,276904624695859588900,279796962998888105500,288942406027336411340,0.21589740239646016,0.2153322065467329,0.22966757296998563,0.0004118215279671863,0.010445250982013534,0.010029299172736593,0.032685998198217214,0.038924943,0.076111109,0.001514821,1868,1495626,1535265,39639,0.02650328357490442,2184249,2454396,270147,0.12367958048738949,1931,1829,-102,-0.05282237182806836,2430,2364,-66,-0.027160493827160494,462,439,-23,-0.049783549783549784
BAY,0005,time_shortest,True,True,True,72,True,149653139136782736000,149653139136782736000,174082828020941112000,237626626049122128000,0.0,0.0,0.12108145903740823,0.0,0.16324207447349084,0.16324207447349084,0.36502048335598664,0.038489833,0.086061779,0.014537915,47916,1494166,1549339,55173,0.036925616029276534,1712126,1991617,279491,0.16324207447349084,2525,2285,-240,-0.09504950495049505,3408,3652,244,0.0715962441314554,631,664,33,0.05229793977812995
BAY,0006,time_priority,True,True,True,1,True,37516971459690499890,37499578977770569230,43575202727213278650,56622671769381406950,0.12450987325702115,0.12389495469208847,0.33870120570776263,0.00046380472512080136,0.16201845234167261,0.16147975254431043,0.2994241730519779,0.042230149,0.074614666,0.00619073,8873,483428,509408,25980,0.05374119827564808,545009,706717,161708,0.29670702685643724,594,658,64,0.10774410774410774,1331,1501,170,0.1277235161532682,274,297,23,0.08394160583941605
BAY,0006,stable_priority,True,True,True,1,True,42343909838075875365,42343909838075875365,48796946327533163175,55959673828139202855,0.11860889712138696,0.11860889712138696,0.34675873541491403,0.0,0.15239585843947462,0.15239585843947462,0.14678638807700445,0.037882088,0.068793327,0.00260724,7654,479785,539693,59908,0.12486426211740675,713244,972039,258795,0.3628421690192977,438,604,166,0.3789954337899543,1211,1385,174,0.14368290668868702,242,260,18,0.0743801652892562
BAY,0006,balanced,True,True,True,1,True,50292506377223733260,50286659526122224260,57393127013656259900,63286514147518866700,0.14059135161856248,0.14038463372141205,0.39163680171518944,0.00011627042155130146,0.14131914019547204,0.14118645396540083,0.10268454500589104,0.037677137,0.067090839,0.002850525,7948,469099,509397,40298,0.08590510745066607,626350,830965,204615,0.32667837471062505,452,590,138,0.3053097345132743,1227,1439,212,0.17277913610431947,251,275,24,0.09561752988047809
BAY,0006,time_shortest,True,True,True,1,True,21674625739277697800,21674625739277697800,27919479413183191200,49958829391243947200,0.0,0.0,0.22078944667305017,0.0,0.2881181778649527,0.2881181778649527,0.7893897179062043,0.037789732,0.079527211,0.00406703,12673,483428,507505,24077,0.049804727901569625,545009,702036,157027,0.2881181778649527,594,660,66,0.1111111111111111,1331,1533,202,0.1517655897821187,274,303,29,0.10583941605839416
BAY,0007,time_priority,True,True,True,19,True,18697211200195712700,18690496530344783040,19060278623027770060,19118508001188587900,0.1945590795113763,0.19422152473799126,0.21281092872486998,0.00035925583036427734,0.019784498078081057,0.019418266122396742,0.0030550119078777646,0.042993758,0.079240344,0.004162698,318,296529,263797,-32732,-0.11038380731732815,348679,423503,74824,0.21459279165077336,886,998,112,0.12641083521444696,1148,984,-164,-0.14285714285714285,200,167,-33,-0.165
BAY,0007,stable_priority,True,True,False,19,True,19276950194151802990,19265336020263900710,19265336020263900710,19276950194151802990,0.31411110611866233,0.3135272472064863,0.3135272472064863,0.0006028534293762703,0.0,-0.0006024902160833388,0.0006028534293762703,0.038138532,0.077034403,0.001708958,153,275962,277412,1450,0.005254346612939463,493856,471210,-22646,-0.04585547204043284,854,886,32,0.03747072599531616,956,944,-12,-0.012552301255230125,152,152,0,0.0
BAY,0007,balanced,True,True,False,19,True,23342577099099175400,23124956192705793480,23124956192705793480,23342577099099175400,0.2937204740205704,0.28278040140757493,0.28278040140757493,0.009410651617235286,0.0,-0.009322916894286716,0.009410651617235286,0.038380199,0.075268191,0.00105237,157,275962,268374,-7588,-0.0274965393786101,493856,457937,-35919,-0.07273172746711593,854,962,108,0.12646370023419204,956,936,-20,-0.02092050209205021,152,156,4,0.02631578947368421
BAY,0007,time_shortest,True,True,True,19,True,12154185988378340400,12154185988378340400,13385482466457060000,14744074830320275200,0.0,0.0,0.06189879962156249,0.0,0.10130637125810546,0.10130637125810546,0.10149745197961584,0.038672679,0.082078372,0.001337525,1608,296583,300516,3933,0.013261043282993294,347451,382650,35199,0.10130637125810546,894,922,28,0.03131991051454139,1176,1234,58,0.04931972789115646,205,213,8,0.03902439024390244
BAY,0008,time_priority,True,True,True,9,True,47097989997708440,47097989997708440,52629576130842420,58595547156804760,0.2162921254662263,0.2162921254662263,0.3654974141202634,0.0,0.11744845445427969,0.11744845445427969,0.11335776315451099,0.042182424,0.069132878,0.00381023,1365,355133,376224,21091,0.059389017635646364,490198,764211,274013,0.5589843287814312,454,454,0,0.0,827,813,-14,-0.016928657799274487,162,148,-14,-0.08641975308641975
BAY,0008,stable_priority,True,True,False,9,True,79687116374092555,78847901207989675,78847901207989675,79687116374092555,0.3254773954866308,0.3028409693174366,0.3028409693174366,0.01064346866873664,0.0,-0.0105313782740383,0.01064346866873664,0.037806551,0.066385789,0.001320895,123,574041,561565,-12476,-0.021733639234828173,1435113,1403929,-31184,-0.021729299365276462,374,360,-14,-0.0374331550802139,679,697,18,0.026509572901325478,120,122,2,0.016666666666666666
BAY,0008,balanced,True,True,False,9,True,73731148596590520,72311616392434100,72311616392434100,73731148596590520,0.3674598573084184,0.3291703491678552,0.3291703491678552,0.019630763008430613,0.0,-0.01925281554914041,0.019630763008430613,0.037549843,0.068699989,0.000918931,128,452577,450915,-1662,-0.003672303276569512,1131446,1127293,-4153,-0.0036705242671766923,372,382,10,0.026881720430107527,775,729,-46,-0.05935483870967742,133,127,-6,-0.045112781954887216
BAY,0008,time_shortest,True,True,True,9,True,18050431775668500,18050431775668500,22157026095236500,41588102010221000,0.0,0.0,0.11076851667661296,0.0,0.2275067084602142,0.2275067084602142,0.8769712971165364,0.03801756,0.076698907,0.001618216,3192,356879,371050,14171,0.039708136371151004,469929,576841,106912,0.2275067084602142,452,500,48,0.10619469026548672,851,1165,314,0.3689776733254994,167,213,46,0.2754491017964072
BAY,0009,time_priority,True,True,True,6,True,150517901563165950760100,149908742231068903818310,160160666411121963330810,231213737785138016901520,0.1640655091172822,0.1605574399827702,0.21959693406979827,0.004063534407873895,0.06838776730079406,0.06406390700251262,0.44363621209983894,0.042862784,0.078760592,0.015550958,36062,2270845,2312400,41555,0.018299355526246838,2797378,3266690,469312,0.16776853181800958,4051,4371,320,0.07899284127375956,4020,4016,-4,-0.0009950248756218905,805,798,-7,-0.008695652173913044
BAY,0009,stable_priority,True,True,True,6,True,205949983801529301407445,202650221624968505949625,209046683539466056244175,248654682790765871312245,0.27102011774096035,0.25201721778870456,0.28885360759674195,0.01628304252569459,0.03156405092087717,0.015036173738770453,0.18946963702402958,0.03852928,0.072015002,0.003977838,10598,2666111,2684248,18137,0.006802792531893833,5180267,5935085,754818,0.14571025007012187,3387,3651,264,0.07794508414526129,3574,3434,-140,-0.03917179630665921,659,625,-34,-0.051593323216995446
BAY,0009,balanced,True,True,True,6,True,213778783957109450390900,213191304534935257050720,220391188966866049438360,253491618336294567230260,0.2763018868679075,0.2729186695067034,0.314381864793821,0.0027556443892294124,0.033771942282716134,0.030931062883598634,0.15018944053341846,0.038707796,0.073539833,0.004835787,14098,2359104,2394841,35737,0.015148547923279347,3332604,3887691,555087,0.16656254388460195,3527,4063,536,0.15197051318400906,3848,3758,-90,-0.02338877338877339,745,734,-11,-0.01476510067114094
BAY,0009,time_shortest,True,True,True,6,True,78257139795159144804000,78257139795159144804000,84152856391322099778000,198588169779827272344000,0.0,0.0,0.033952662837207465,0.0,0.07533774696590245,0.07533774696590245,1.359850613464213,0.038165406,0.080909879,0.013072729,41348,2306170,2488854,182684,0.07921532237432627,2728818,2934401,205583,0.07533774696590245,4237,4917,680,0.16049091338211,4314,5366,1052,0.24385720908669448,840,1045,205,0.24404761904761904
BAY,0010,time_priority,True,True,True,1,True,4895432282417275548090,4866011931448709832600,5282430950070772978400,8438376192670740351760,0.0870275791510824,0.08134763922589378,0.16174215974016187,0.0060460910049200565,0.08557706485074047,0.07905301214020767,0.5974418354787363,0.042781377,0.077347027,0.007581346,9942,1041994,1058839,16845,0.016166119958464252,1162427,1374986,212559,0.18285793430469183,1474,1498,24,0.016282225237449117,2741,2853,112,0.04086099963516965,493,506,13,0.02636916835699797
BAY,0010,stable_priority,True,True,True,1,True,5894896579650725655000,5878600203556679313270,6208811887991029309460,8365705458193912913840,0.11137972058585068,0.10823351620129516,0.17198471115428626,0.002772152473336541,0.056171822032490805,0.053252046766001655,0.3473923206426511,0.038803046,0.085414253,0.002253655,4442,1079580,1084468,4888,0.004527686692973193,1492876,1615903,123027,0.08240938966129806,1390,1454,64,0.0460431654676259,2437,2621,184,0.07550266721378744,448,468,20,0.044642857142857144
BAY,0010,balanced,True,True,True,1,True,6801305848868147939780,6779396449287435891160,7144287554260006931560,9147902407543022394720,0.1169574238809459,0.11272756022131926,0.18317401946629344,0.003231762553584676,0.05382353837868912,0.05042880191146483,0.28044991723328616,0.038510785,0.079135959,0.0024886,5020,1046405,1083451,37046,0.03540311829549744,1316376,1596877,280501,0.21308577488498726,1350,1470,120,0.08888888888888889,2523,2627,104,0.04122076892588189,459,468,9,0.0196078431372549
BAY,0010,time_shortest,True,True,True,1,True,2693809921382730009600,2693809921382730009600,3021380639451649384000,7728849977798458308800,0.0,0.0,0.06324132577039306,0.0,0.12160127389417945,0.12160127389417945,1.5580523939549595,0.038339756,0.088885945,0.005002619,12993,1043932,1060628,16696,0.01599337887908408,1154256,1294615,140359,0.12160127389417945,1496,1578,82,0.05481283422459893,2749,3079,330,0.12004365223717715,497,545,48,0.096579476861167
BAY,0011,time_priority,True,True,True,34,True,6253432485807451417670,6253432485807451417670,6709580448769693484610,7098839254355640646660,0.1295617906947057,0.1295617906947057,0.1907823121397678,0.0,0.07294361360700669,0.07294361360700669,0.05801537198310572,0.042783084,0.074832782,0.005297076,3361,853019,851605,-1414,-0.0016576418579187567,1182559,1330997,148438,0.12552270119292144,1043,1017,-26,-0.024928092042186004,1714,1820,106,0.061843640606767794,337,347,10,0.02967359050445104
BAY,0011,stable_priority,True,True,True,34,True,6013355551773525047215,6013355551773525047215,6015016189844277087925,6090418773949371768370,0.19397066134714258,0.19397066134714258,0.19419353887127477,0.0,0.00027615830403746326,0.00027615830403746326,0.01253572421507427,0.038261554,0.074124025,0.001019014,283,892380,870787,-21593,-0.02419709092539053,1718462,1927880,209418,0.12186361991129277,963,913,-50,-0.05192107995846314,1432,1416,-16,-0.0111731843575419,263,253,-10,-0.03802281368821293
BAY,0011,balanced,True,True,False,34,True,7077382564236654242140,6994676160392743862000,6994676160392743862000,7077382564236654242140,0.21083177418075696,0.19973158393264398,0.19973158393264398,0.01182419342188195,0.0,-0.011686015711774774,0.01182419342188195,0.038233405,0.070253827,0.000922805,213,839172,798756,-40416,-0.04816175944859934,2021534,1955920,-65614,-0.0324575297768922,1833,1815,-18,-0.009819967266775777,1074,1122,48,0.0446927374301676,205,212,7,0.03414634146341464
BAY,0011,time_shortest,True,True,True,34,True,5069664997038798195200,5069664997038798195200,5653622683354356147200,5992645241747489344000,0.0,0.0,0.07837411752521561,0.0,0.11518664185042776,0.11518664185042776,0.05996554375503308,0.037933507,0.080650259,0.002071025,4420,853019,858765,5746,0.0067360750463940425,1182559,1318774,136215,0.11518664185042776,1043,1013,-30,-0.028763183125599234,1714,1898,184,0.1073512252042007,337,360,23,0.06824925816023739
BAY,0012,time_priority,True,True,True,3,True,599444513372515726051840,596611813156887214048440,640949004789331445806460,852020676859185857529060,0.17935256449594356,0.17489650655981934,0.24464236019769792,0.004747978757979462,0.07431497441835797,0.06923825390161405,0.32931117841306257,0.042533539,0.071617691,0.008637653,17548,2317678,2346560,28882,0.012461610284086055,2406857,2908093,501236,0.20825333619737277,2964,3254,290,0.09784075573549257,4091,4039,-52,-0.012710828648252261,819,803,-16,-0.019536019536019536
BAY,0012,stable_priority,True,True,True,3,True,712938278413507498712150,697871693201636085698300,705634526947246493352700,736659947014269088219150,0.25882042470343936,0.23511951338453546,0.24733105512414202,0.0215893341980246,0.011123583061517716,-0.010244577528525962,0.04396811505418593,0.038032864,0.067760776,0.001130273,1101,2310188,2442342,132154,0.05720486817523076,3905073,5740322,1835249,0.46996535019959934,2616,2802,186,0.07110091743119266,3463,2959,-504,-0.1455385503898354,660,532,-128,-0.19393939393939394
BAY,0012,balanced,True,True,True,3,True,834210266203336446087640,822643423309602586434240,830062607262416579672680,879297334068934824362120,0.2771098905159807,0.2589143462829004,0.2705853001487922,0.014060579062552923,0.009018711804642698,-0.004971958640351815,0.0593144738429991,0.037865121,0.066257386,0.001094753,976,2310188,2288185,-22003,-0.009524333084580129,3905073,4724189,819116,0.20975689827053168,2616,3054,438,0.16743119266055045,3463,3191,-272,-0.07854461449610164,660,589,-71,-0.10757575757575757
BAY,0012,time_shortest,True,True,True,3,True,312808957020694069628000,312808957020694069628000,354306428852492994262000,824744019649436890696000,0.0,0.0,0.06527875334811956,0.0,0.13266075315437223,0.13266075315437223,1.3277704057489719,0.037768089,0.072209167,0.008762826,29256,2308060,2461872,153812,0.06664124849440656,2382566,2698639,316073,0.13266075315437223,3096,3704,608,0.19638242894056848,4105,5555,1450,0.35322777101096225,823,1091,268,0.32563791008505466
BAY,0013,time_priority,True,True,True,11,True,45410288185776317513360,44532967231359779921560,49370736314083536334300,54428080332899988745600,0.2174389186134116,0.196138713125538,0.31359342003314666,0.01970048278747379,0.10863343234216462,0.08721477635430938,0.10243606630946256,0.043491471,0.087699273,0.009077945,14772,1289635,1315635,26000,0.02016074315600926,1568000,2075596,507596,0.3237219387755102,2440,2466,26,0.010655737704918032,2456,1918,-538,-0.21905537459283386,472,362,-110,-0.2330508474576271
BAY,0013,stable_priority,True,True,True,11,True,44400908756061335589050,44400908756061335589050,46171420270568866412780,49237982781019668513210,0.29429894174383725,0.29429894174383725,0.3372846459924464,0.0,0.039875569309509494,0.039875569309509494,0.06641689799621621,0.038875335,0.084619849,0.002653542,5387,1330632,1351720,21088,0.01584810826734965,1982166,2373800,391634,0.19757881025100824,2178,2418,240,0.11019283746556474,1730,1652,-78,-0.04508670520231214,335,314,-21,-0.0626865671641791
BAY,0013,balanced,True,True,True,11,True,53191023057762995347720,52964950856853891888320,54321731157173755887360,55774812672466105073920,0.30327059028189474,0.29778185288172376,0.33072270429217676,0.004268335894808986,0.02561656866229851,0.021257498623082766,0.026749543586672947,0.038497893,0.084879364,0.001732853,2739,1330632,1208630,-122002,-0.091687258385489,1982166,2851137,868971,0.4383946652298546,2178,3556,1378,0.6326905417814509,1730,1296,-434,-0.2508670520231214,335,239,-96,-0.2865671641791045
BAY,0013,time_shortest,True,True,True,11,True,32208864036233566219200,32208864036233566219200,40210389364066767144000,52712977525830020318400,0.0,0.0,0.19426657124885366,0.0,0.2484261884812775,0.2484261884812775,0.3109292986089796,0.038454537,0.08837482,0.015743749,47306,1400723,1413746,13023,0.009297341444382651,1552759,1938505,385746,0.2484261884812775,2310,2622,312,0.13506493506493505,2490,2950,460,0.18473895582329317,500,556,56,0.112
BAY,0014,time_priority,True,True,True,6,True,573305231037815328580,573305231037815328580,609777678489053822420,652053611573719582460,0.10360413315041335,0.10360413315041335,0.19843512172493638,0.0,0.06361785219579265,0.06361785219579265,0.06933007647872545,0.042977101,0.080382804,0.006154608,5642,1130334,1098843,-31491,-0.027859906894776236,1407076,1509748,102672,0.07296834001859175,1598,1926,328,0.20525657071339173,1738,2020,282,0.1622554660529344,342,379,37,0.10818713450292397
BAY,0014,stable_priority,True,True,True,6,True,605369941211704939640,605265473256824450410,645760271757541575280,686286316113631194770,0.1912631078777313,0.19099148367568342,0.296280874498254,0.00017259856954728638,0.06690419376281603,0.0667200794030037,0.06275710372487209,0.039036207,0.075412772,0.002836377,6499,1138101,1151983,13882,0.012197511468665786,1436385,1856339,419954,0.2923686894530366,1544,1536,-8,-0.0051813471502590676,1742,1958,216,0.12399540757749714,341,369,28,0.08211143695014662
BAY,0014,balanced,True,True,True,6,True,739959007880171956360,739767950636652229120,768686380736992966480,795135419909585468920,0.20715867173639096,0.20666190915138696,0.28185190889310796,0.00025826645146670836,0.03909121782777049,0.038822924717301484,0.03440810171143396,0.038279047,0.074024215,0.001928766,3727,1130334,1066090,-64244,-0.05683629794379361,1407076,1776431,369355,0.26249825880051963,1598,2124,526,0.32916145181476847,1738,1764,26,0.014959723820483314,342,324,-18,-0.05263157894736842
BAY,0014,time_shortest,True,True,True,6,True,406632379891031008000,406632379891031008000,430560805790959084800,508971803237853696000,0.0,0.0,0.06221562965183864,0.0,0.05884535291149317,0.05884535291149317,0.18211364432684524,0.038207174,0.081217814,0.002632468,6306,1130268,1139291,9023,0.007983062424133037,1407010,1489806,82796,0.05884535291149317,1606,1960,354,0.22042341220423411,1738,2110,372,0.2140391254315305,342,405,63,0.18421052631578946
BAY,0015,time_priority,True,True,True,11,True,805506514931625445130,804868976722891946390,826944797747556759490,937877627938371344130,0.10931051408527709,0.10847347967677032,0.1374571884812817,0.0007921018540549322,0.027427844361139153,0.02661466098477314,0.13414780586681832,0.042940143,0.077551037,0.005690331,6219,2083652,2095519,11867,0.005695288848617716,2719608,2818648,99040,0.036417013040114604,4083,4085,2,0.0004898359049718344,3864,4062,198,0.05124223602484472,742,772,30,0.04043126684636118
BAY,0015,stable_priority,True,True,True,11,True,902905739871442515825,897743727999895194225,912072802155703101225,1074066811789941712425,0.18069590431972013,0.17391861396376018,0.19273149128805855,0.005749983776603922,0.015961207757732816,0.01015284528545118,0.17761083243723788,0.038750773,0.073238972,0.002476497,4666,2223401,2152887,-70514,-0.03171447705564583,3828039,3597107,-230932,-0.060326449129698,3841,3693,-148,-0.038531632387399116,2944,3378,434,0.14741847826086957,582,654,72,0.12371134020618557
BAY,0015,balanced,True,True,True,11,True,1021996963839487032660,1006925860872043913620,1027868342794739182620,1159658787641701564260,0.19654452240773712,0.17675742324240445,0.20425315248449996,0.01496744055653795,0.020798434856522725,0.00574500626028699,0.12821724277316357,0.038203489,0.072294481,0.002583779,6661,2223401,2152872,-70529,-0.03172122347700662,3828039,3593166,-234873,-0.06135595797221502,3841,3699,-142,-0.036969539182504556,2944,3378,434,0.14741847826086957,582,653,71,0.12199312714776632
BAY,0015,time_shortest,True,True,True,11,True,572201206567472592000,572201206567472592000,592191790960368654000,716096468235041124000,0.0,0.0,0.02624596730641897,0.0,0.03493628493518183,0.03493628493518183,0.20923065663192308,0.038143776,0.077989136,0.004024695,11220,2083652,2094219,10567,0.005071384281060369,2719608,2814621,95013,0.03493628493518183,4083,4107,24,0.005878030859662013,3864,4088,224,0.057971014492753624,742,776,34,0.04582210242587601
BAY,0016,time_priority,True,True,True,84,True,12342707864129775930,12342707864129775930,13543226747507047290,15492889579355290290,0.13424223694109164,0.13424223694109164,0.2260538290111409,0.0,0.09726543774613709,0.09726543774613709,0.14395851654829045,0.042818584,0.07807862,0.004123552,2305,642438,655992,13554,0.021097755736740356,773295,833680,60385,0.07808792246167374,453,501,48,0.10596026490066225,905,1065,160,0.17679558011049723,172,201,29,0.1686046511627907
BAY,0016,stable_priority,True,True,False,84,True,15664316750484302715,15615424404896784805,15615424404896784805,15664316750484302715,0.23050450082162868,0.22676538088725412,0.22676538088725412,0.003131028931380561,0.0,-0.0031212561879538268,0.003131028931380561,0.038198173,0.077996923,0.001538291,134,913568,905172,-8396,-0.009190339416441907,1815372,1794382,-20990,-0.011562368484255568,253,257,4,0.015810276679841896,771,765,-6,-0.007782101167315175,134,133,-1,-0.007462686567164179
BAY,0016,balanced,True,True,True,84,True,17413052586122756060,17411516060136377380,18124067563384678060,18771822828209117820,0.24991340763484277,0.2497958993648607,0.304289409505321,8.824768509943557e-05,0.040924150475310166,0.04083229943430836,0.035740060147043014,0.039247851,0.078459816,0.00119633,486,646212,702211,55999,0.08665731988882905,826612,1253051,426439,0.5158877441895351,431,427,-4,-0.009280742459396751,891,815,-76,-0.08529741863075196,167,157,-10,-0.059880239520958084
BAY,0016,time_shortest,True,True,True,84,True,7029529800379992000,7029529800379992000,7580378770448272000,9346078460726424000,0.0,0.0,0.042127051587761144,0.0,0.07836213597650628,0.07836213597650628,0.23293027218661475,0.042414329,0.09090936,0.001633107,2578,639517,653071,13554,0.02119411993739025,770589,830974,60385,0.07836213597650628,531,579,48,0.0903954802259887,1049,1209,160,0.15252621544327932,190,219,29,0.15263157894736842
BAY,0017,time_priority,True,True,True,5,True,14821437737574145393920,14810087979485188493400,15787224022831946563200,18362363650689958412940,0.16015712035556492,0.15923407438313256,0.2387019786556741,0.0007663531847129127,0.06597773387303835,0.06516144400818927,0.16311541687973574,0.043398527,0.072862691,0.004852045,1724,1790093,1972451,182358,0.10187068493089466,3079838,3368722,288884,0.0937984400478207,3022,3940,918,0.30377233620119126,2852,2438,-414,-0.14516129032258066,522,460,-62,-0.11877394636015326
BAY,0017,stable_priority,True,True,True,5,True,21108705231469451760195,20996661674576503734870,22374919956858709726035,24240436557769612564335,0.20181719943643125,0.19270499165927515,0.30479511256414055,0.005336255764344401,0.0656417817100444,0.05998542835784875,0.08337534187866695,0.038248091,0.072345711,0.001361549,1532,1898560,2301138,402578,0.2120438648238665,3744813,4744773,999960,0.26702534946337775,2938,3016,78,0.02654867256637168,2314,2376,62,0.02679343128781331,418,429,11,0.02631578947368421
BAY,0017,balanced,True,True,True,5,True,18935029640299244056260,18916756886266159047860,20483284557939633842200,21034241752906404395380,0.19949390761457553,0.19800783259136448,0.325409407735858,0.0009659559586744647,0.08281164055191705,0.08176670156064893,0.026897892933543763,0.038161117,0.070450857,0.001227314,1782,1898560,2045807,147247,0.07755720124726108,3744813,4434226,689413,0.1840981111740426,2938,3770,832,0.2831858407079646,2314,2114,-200,-0.08643042350907519,418,370,-48,-0.11483253588516747
BAY,0017,time_shortest,True,True,True,5,True,9222241007107328739000,9222241007107328739000,10005474869426808997500,15690485548473512430500,0.0,0.0,0.06369834990492673,0.0,0.08492880002982608,0.08492880002982608,0.5681899913034697,0.038075837,0.077494627,0.002109772,4988,1782050,2327055,545005,0.3058303639067366,3057726,3317415,259689,0.08492880002982608,3062,4194,1132,0.36969301110385366,2908,4302,1394,0.4793672627235213,534,816,282,0.5280898876404494
BAY,0018,time_priority,True,True,True,90,True,486476148642471271470,485824203996484268490,494346329260014963270,522880640461150292790,0.24610033427494002,0.2446771854365366,0.26328037934905146,0.0013419352939272678,0.0175415823119269,0.016177937272990068,0.05772129681603629,0.042705597,0.079973273,0.004600564,1672,1095935,1097426,1491,0.0013604821453827097,1147126,1194358,47232,0.041174204054306156,1589,1583,-6,-0.003775959723096287,2054,2086,32,0.01557935735150925,398,400,2,0.005025125628140704
BAY,0018,stable_priority,True,True,True,90,True,573505930730896177065,564837735028544274195,566724514534004432355,574820167472940989295,0.31536363152647023,0.2964415762250122,0.30056028182072086,0.015346346684705569,0.003340392095731368,-0.01182449183785993,0.014284988087366042,0.038136362,0.077601543,0.00117169,472,995351,1125824,130473,0.13108240208730387,1645781,2036946,391165,0.23767743095831098,979,951,-28,-0.028600612870275793,2046,1744,-302,-0.14760508308895406,354,321,-33,-0.09322033898305085
BAY,0018,balanced,True,True,False,90,True,595215130851077718380,595214694273801182500,595214694273801182500,595215130851077718380,0.2687981447276786,0.2687971917105048,0.2687971917105048,7.334786602816171e-07,0.0,-7.334781222910667e-07,7.334786602816171e-07,0.038137208,0.075884626,0.000891121,267,890171,889194,-977,-0.0010975419329544548,1876688,1874242,-2446,-0.0013033599618050523,1387,1389,2,0.0014419610670511895,1540,1542,2,0.0012987012987012987,265,265,0,0.0
BAY,0018,time_shortest,True,True,True,90,True,275396444665603234400,275396444665603234400,286690780021347332400,421992092072679100000,0.0,0.0,0.024654731565026494,0.0,0.041011187960171766,0.041011187960171766,0.47194162310087917,0.038093864,0.081444485,0.001625083,2618,1095935,1097239,1304,0.0011898515879135167,1147126,1194171,47045,0.041011187960171766,1589,1591,2,0.0012586532410320957,2054,2090,36,0.017526777020447908,398,401,3,0.007537688442211055
BAY,0019,time_priority,True,True,True,9,True,809539451851073860,809539451851073860,823659361685002800,932734754716022060,0.15600791482181103,0.15600791482181103,0.19645116799897533,0.0,0.017441904531820762,0.017441904531820762,0.13242779491740136,0.042432635,0.069039344,0.00373029,467,467026,465407,-1619,-0.0034666164196425894,546305,578647,32342,0.05920136187660739,977,981,4,0.0040941658137154556,1386,1392,6,0.004329004329004329,251,251,0,0.0
BAY,0019,stable_priority,True,True,True,9,True,897924370735723710,893646546486471370,899244525657828100,992418797856293050,0.2052515963844299,0.192998746954457,0.20903287830306175,0.004786930880079332,0.006264198293347823,0.0014702295261489642,0.10361394430542102,0.037811949,0.064639778,0.001532218,329,478347,474660,-3687,-0.00770779371460467,710702,704196,-6506,-0.00915432909996032,693,775,82,0.11832611832611832,1318,1296,-22,-0.01669195751138088,233,232,-1,-0.004291845493562232
BAY,0019,balanced,True,True,True,9,True,1192073209438040560,1178320135443381240,1184900289058080560,1255099413480139720,0.2594604041346452,0.22006786834141132,0.23891521380706343,0.011671763539442766,0.005584351329295857,-0.006017181095229388,0.05924475255032889,0.037883191,0.065140649,0.000910674,300,462715,467649,4934,0.01066315118377403,602516,641915,39399,0.06539079460130519,943,899,-44,-0.04665959703075292,1328,1284,-44,-0.03313253012048193,242,234,-8,-0.03305785123966942
BAY,0019,time_shortest,True,True,True,9,True,408657074626122000,408657074626122000,432850129984498800,610370095951904400,0.0,0.0,0.06929547528957032,0.0,0.05920136187660739,0.05920136187660739,0.4101187770782532,0.037730095,0.074910967,0.001398924,833,467026,465407,-1619,-0.0034666164196425894,546305,578647,32342,0.05920136187660739,977,981,4,0.0040941658137154556,1386,1392,6,0.004329004329004329,251,251,0,0.0
BAY,0020,time_priority,True,True,True,40,True,1415086355469061650680,1412535266500470170760,1572975975678046524960,1572975975678046524960,0.23710193873265847,0.23484010333415406,0.3770893466364591,0.0018060355936540652,0.11358350689187763,0.11157596114100674,0.0,0.042500478,0.078338918,0.0064581,9786,859641,805080,-54561,-0.06346951808952807,955778,1490207,534429,0.5591559964761692,1330,784,-546,-0.4105263157894737,1638,1376,-262,-0.15995115995115994,326,255,-71,-0.21779141104294478
BAY,0020,stable_priority,True,True,False,40,False,1370250466508030831950,1370250466508030831950,1370250466508030831950,1370250466508030831950,0.2695499228604988,0.2695499228604988,0.2695499228604988,0.0,0.0,0.0,0.0,0.038512829,0.07613934,0.000848989,0,805350,805350,0,0.0,1536499,1536499,0,0.0,772,772,0,0.0,1340,1340,0,0.0,247,247,0,0.0
BAY,0020,balanced,True,True,False,40,True,1766100192390901042200,1760677447526592873200,1760677447526592873200,1766100192390901042200,0.3077669501773042,0.3029590597265363,0.3029590597265363,0.003079919534339503,0.0,-0.003070462756117475,0.003079919534339503,0.03824272,0.074578363,0.001010906,235,805350,799142,-6208,-0.007708449742348048,1536499,1582822,46323,0.03014840881770831,772,918,146,0.18911917098445596,1340,1240,-100,-0.07462686567164178,247,234,-13,-0.05263157894736842
BAY,0020,time_shortest,True,True,True,40,True,876350896783117147000,876350896783117147000,1127459281404892304000,1292362956290735714000,0.0,0.0,0.222636623101539,0.0,0.28653862915361455,0.28653862915361455,0.1462613130297371,0.038235226,0.083025183,0.006385559,20344,858043,890791,32748,0.03816591942361863,952273,1225136,272863,0.28653862915361455,1350,1394,44,0.03259259259259259,1670,2022,352,0.21077844311377245,332,381,49,0.14759036144578314
BAY,0021,time_priority,True,True,False,10,True,7660768806348836620,7625565621160657050,7625565621160657050,7660768806348836620,0.27122241775351,0.2659663133035374,0.2659663133035374,0.004616468723381261,0.0,-0.004595254872984164,0.004616468723381261,0.04240894,0.070003196,0.003447107,231,904878,896243,-8635,-0.009542722886400156,1420988,1395084,-25904,-0.018229569848584225,467,483,16,0.034261241970021415,1301,1299,-2,-0.0015372790161414297,230,230,0,0.0
BAY,0021,stable_priority,True,True,False,10,True,9190417357015930490,9126035940824827555,9126035940824827555,9190417357015930490,0.25297482351043216,0.24336218629227446,0.24336218629227446,0.007054696760846202,0.0,-0.007005276658296089,0.007054696760846202,0.037891308,0.069644875,0.001833833,194,1031094,1040785,9691,0.009398755108651588,2001139,2111647,110508,0.05522255075734369,359,343,-16,-0.04456824512534819,1111,1107,-4,-0.0036003600360036,194,193,-1,-0.005154639175257732
BAY,0021,balanced,True,True,False,10,True,9975976248352163000,9942096428672262360,9942096428672262360,9975976248352163000,0.2989241459798287,0.29386563010883904,0.29386563010883904,0.0034077138481773094,0.0,-0.0033961407722373966,0.0034077138481773094,0.038096461,0.06625651,0.000882113,195,1031094,993122,-37972,-0.036826904239574666,2001139,2022298,21159,0.010573478404048894,359,369,10,0.027855153203342618,1111,1127,16,0.0144014401440144,194,194,0,0.0
BAY,0021,time_shortest,True,True,True,10,True,3714561826156420200,3714561826156420200,3854233098356235000,5016205877285306400,0.0,0.0,0.02085398782577438,0.0,0.03760100887709205,0.03760100887709205,0.3014796327250246,0.037674447,0.081849323,0.001144506,664,809178,814771,5593,0.006911952623526591,1052259,1091825,39566,0.03760100887709205,603,607,4,0.006633499170812604,1705,1727,22,0.012903225806451613,314,317,3,0.009554140127388535
BAY,0022,time_priority,True,True,True,4,True,315425607419179649408660,314696137856310831960120,333150376393690882912580,455026226204286563159040,0.158250570422167,0.15620104245062985,0.20805033130516853,0.0023180124415822694,0.05864145223735218,0.056193183297753614,0.36582834193341085,0.042961372,0.070489822,0.007925751,15333,1782916,1896926,114010,0.06394580563526268,1906250,2184855,278605,0.14615344262295082,2016,2150,134,0.06646825396825397,3424,3336,-88,-0.02570093457943925,663,628,-35,-0.05279034690799397
BAY,0022,stable_priority,True,True,True,4,True,390434943372858440813050,383001711684446154667710,388317570135837570181170,436669330339661132159180,0.19642949593743264,0.17554498335488772,0.1904804942294082,0.019407828899042887,0.013879463953339022,-0.00542311407562416,0.12451602482707545,0.037752423,0.078742155,0.001767226,2980,1972298,1954648,-17650,-0.00894895193322713,4207021,4440339,233318,0.05545919547347161,1632,1554,-78,-0.04779411764705882,2534,2558,24,0.009471191791633781,447,444,-3,-0.006711409395973154
BAY,0022,balanced,True,True,True,4,True,440761548160527379739880,433588425453373894532560,440305387847463144427600,493596306587483023123880,0.24688686243820626,0.22673315571772007,0.2456052279893973,0.01654362129167318,0.015491562965652923,-0.0010349367247845759,0.12103172073488612,0.038108262,0.07068518,0.00335867,7905,1795286,1918731,123445,0.06876063201072141,3199130,4228200,1029070,0.3216718295286531,1700,1618,-82,-0.04823529411764706,2980,2606,-374,-0.12550335570469798,543,455,-88,-0.16206261510128914
BAY,0022,time_shortest,True,True,True,4,True,165312499474663783656400,165312499474663783656400,180498583936522878390000,416456145821090103194200,0.0,0.0,0.042667037073215335,0.0,0.09186289306687637,0.09186289306687637,1.3072543658710805,0.038409431,0.079559802,0.00642044,20205,1754789,1793298,38509,0.021945088554806303,1859162,2029950,170788,0.09186289306687637,2550,2752,202,0.0792156862745098,3916,4444,528,0.1348314606741573,755,836,81,0.10728476821192053
BAY,0023,time_priority,True,True,True,2,True,292879804370736991101050,292741501966611019170510,330280210484860646012070,654553065798180760542150,0.07209044734265667,0.07181449664708343,0.14671437125155204,0.0004724386641349752,0.12823159089527097,0.12769882237008387,0.981811337825171,0.042410351,0.07929005,0.010538069,24686,1186802,1215324,28522,0.02403265245592778,1302441,1727444,425003,0.326312669825351,2415,2621,206,0.08530020703933748,2693,2641,-52,-0.019309320460453028,541,525,-16,-0.029574861367837338
BAY,0023,stable_priority,True,True,True,2,True,336808095328343533542165,335752844258606332578615,349281939028507653861945,573968472015251073667725,0.12545258050828914,0.12334706926617695,0.15034127183137566,0.00314294007565999,0.04029480316026997,0.03703546284421628,0.6432812804798503,0.038574076,0.075172937,0.003854687,10759,1197172,1231906,34734,0.029013374853404522,1431500,1889079,457579,0.3196500174641984,2241,2433,192,0.0856760374832664,2521,2453,-68,-0.02697342324474415,507,489,-18,-0.03550295857988166
BAY,0023,balanced,True,True,True,2,True,389538826548341772502460,389512164911657913461060,403628004156088850705580,629534505160220132400300,0.11908711022186481,0.11903391304691673,0.14719882950457042,6.844879078399503e-05,0.03623979047646031,0.036168865970536604,0.5596898596678389,0.038006173,0.0748313,0.004261854,9988,1197172,1227051,29879,0.02495798431637225,1431500,1876953,445453,0.3111791826755152,2241,2449,208,0.0928157072735386,2521,2455,-66,-0.026180087266957558,507,489,-18,-0.03550295857988166
BAY,0023,time_shortest,True,True,True,2,True,183644148846713027942000,183644148846713027942000,217236729134432038136000,679571626436141388684000,0.0,0.0,0.0670262816838116,0.0,0.18292213772494648,0.18292213772494648,2.1282538139100957,0.038156562,0.083749178,0.011236384,37907,1223432,1302080,78648,0.06428473343839299,1286695,1522060,235365,0.18292213772494648,2497,2457,-40,-0.016019223067681217,2867,3815,948,0.3306592256714336,577,746,169,0.292894280762565
BAY,0024,time_priority,True,True,True,7,True,12674433253940204390,12642602427613601440,12849754983816767680,16666123414657640620,0.07392056468628656,0.07227535460172207,0.08298225460525495,0.0025177432027031865,0.016385278061952634,0.013832707653579666,0.29699931521241313,0.042385226,0.077636597,0.004271728,738,644241,645042,801,0.0012433235388620097,737452,767110,29658,0.0402168547919051,1946,1968,22,0.011305241521068859,1993,1985,-8,-0.004014049172102358,360,354,-6,-0.016666666666666666
BAY,0024,stable_priority,True,True,True,7,True,17313222188146357920,17070328113500853290,17166333002740632190,20129156105566764930,0.12923442957897432,0.11668019121307421,0.12164230593558059,0.014229022021750167,0.00562407990059951,-0.008484219968383161,0.17259499174070045,0.03814092,0.071513445,0.001027374,430,641611,650330,8719,0.013589230857949755,842006,933385,91379,0.10852535492621193,1778,1720,-58,-0.03262092238470191,1923,1901,-22,-0.011440457618304731,339,332,-7,-0.02064896755162242
BAY,0024,balanced,True,True,True,7,True,16753873027125651900,16635874335974076260,16714496521827747840,20800250035340645240,0.09889064570291228,0.09279175795629625,0.0968554291820997,0.007093026117443709,0.004726062740426924,-0.0023502926895859148,0.2444437083807605,0.038054079,0.071486045,0.0010769,429,641611,648956,7345,0.011447746375919365,842006,919216,77210,0.09169768386448553,1778,1808,30,0.01687289088863892,1923,1857,-66,-0.0343213728549142,339,325,-14,-0.04129793510324484
BAY,0024,time_shortest,True,True,True,7,True,7647920302131093600,7647920302131093600,7947994397039532000,12531996793974636000,0.0,0.0,0.015509648477058834,0.0,0.039236038433196375,0.039236038433196375,0.5767495757977072,0.038305994,0.079572855,0.001199684,1162,664765,665141,376,0.0005656134122584672,697522,724890,27368,0.039236038433196375,2272,2292,20,0.008802816901408451,2167,2173,6,0.0027688047992616522,390,390,0,0.0
BAY,0025,time_priority,True,True,True,0,True,261883361667102386710,260806320472465748610,284156119265670147970,,0.2058415838767172,0.19907340118863992,0.3458047469804511,0.004129659099846643,0.08952926735404605,0.08504838740721592,,0.043122927,0.074180824,0.007972023,14239,1142355,1225689,83334,0.07294930209961002,1642847,1899448,256601,0.15619287736472112,1720,1750,30,0.01744186046511628,2409,2415,6,0.0024906600249066002,454,458,4,0.00881057268722467
BAY,0025,stable_priority,True,True,True,0,True,283489335252545301455,282939339125006463035,284743516642790604875,,0.27241159158667516,0.2689553874159761,0.28029293244479414,0.001943865880367532,0.006376552385269521,0.004424086673765068,,0.038037249,0.071144945,0.001597749,842,1199095,1222555,23460,0.019564755086127456,2189438,2626126,436688,0.1994520968394629,1318,1324,6,0.004552352048558422,2217,2107,-110,-0.04961659900766802,418,385,-33,-0.07894736842105263
BAY,0025,balanced,True,True,True,0,True,345960455387393841180,342199166754006769820,347130158484939832740,,0.2850036235848231,0.2613674908722385,0.2923540984732716,0.01099151897143838,0.014409712851456926,0.0033810312113163364,,0.038117412,0.070938773,0.00159983,2671,1132373,1182762,50389,0.044498588362668484,1752894,2210906,458012,0.2612890454300146,1644,1788,144,0.08759124087591241,2365,2071,-294,-0.12431289640591967,446,378,-68,-0.15246636771300448
BAY,0025,time_shortest,True,True,True,0,True,157647372438902346000,157647372438902346000,184045399649028918000,,0.0,0.0,0.16588657114758615,0.0,0.16744983948500228,0.16744983948500228,,0.037957803,0.076569635,0.009895141,31683,1382448,1410703,28255,0.020438381769151533,1481793,1729919,248126,0.16744983948500228,2430,2770,340,0.13991769547325103,3031,3297,266,0.08775981524249422,570,608,38,0.06666666666666667
BAY,0026,time_priority,True,True,True,23,True,458339674960272160,454753785953435920,462125841632177660,470220218600785780,0.20260532822398797,0.19668587779080493,0.20885538947892007,0.007885341733479078,0.016211092477846013,0.008260612988028314,0.017515525511448724,0.042767512,0.076265952,0.003481179,309,490782,569547,78765,0.16048877098182085,567720,846726,279006,0.49145001056859017,596,392,-204,-0.3422818791946309,1162,870,-292,-0.2512908777969019,215,160,-55,-0.2558139534883721
BAY,0026,stable_priority,True,True,False,23,True,566841076573659300,563030797549387500,563030797549387500,566841076573659300,0.23070402962731332,0.22441416460980304,0.22441416460980304,0.006767443345650329,0.0,-0.006721952910158701,0.006767443345650329,0.038011373,0.075587379,0.001422749,158,565533,569702,4169,0.007371806773433204,915321,960450,45129,0.04930401465715306,364,340,-24,-0.06593406593406594,854,886,32,0.03747072599531616,155,157,2,0.012903225806451613
BAY,0026,balanced,True,True,False,23,False,581526838602187160,581526838602187160,581526838602187160,581526838602187160,0.21943415930305452,0.21943415930305452,0.21943415930305452,0.0,0.0,0.0,0.0,0.038038369,0.073000651,0.000851662,0,565533,565533,0,0.0,915321,915321,0,0.0,364,364,0,0.0,854,854,0,0.0,155,155,0,0.0
BAY,0026,time_shortest,True,True,True,23,True,222612689191271600,222612689191271600,234023315320511600,346986945529042000,0.0,0.0,0.01883623158855456,0.0,0.051257752514888524,0.051257752514888524,0.4827024608800993,0.037906216,0.078084867,0.001009662,560,490782,492527,1745,0.003555550122050116,567719,596819,29100,0.051257752514888524,596,608,12,0.020134228187919462,1168,1198,30,0.025684931506849314,216,220,4,0.018518518518518517
BAY,0027,time_priority,True,True,False,6,False,21166950749897480,21166950749897480,21166950749897480,21166950749897480,0.23103095656100867,0.23103095656100867,0.23103095656100867,0.0,0.0,0.0,0.0,0.043584334,0.077498683,0.003328258,0,410656,410656,0,0.0,691362,691362,0,0.0,384,384,0,0.0,622,622,0,0.0,118,118,0,0.0
BAY,0027,stable_priority,True,True,False,6,True,12676005664115250,12637572583362870,12637572583362870,12676005664115250,0.24657609904015634,0.24158496827995968,0.24158496827995968,0.00304117586655656,0.0,-0.0030319551577024733,0.00304117586655656,0.037913697,0.072015062,0.001412729,116,410656,414098,3442,0.008381711213278267,691362,699966,8604,0.012444999869822178,384,390,6,0.015625,622,610,-12,-0.01929260450160772,118,115,-3,-0.025423728813559324
BAY,0027,balanced,True,True,False,6,True,16818786522060760,16805802247847080,16805802247847080,16818786522060760,0.332829905146863,0.3311436960489178,0.3311436960489178,0.0007726066284841213,0.0,-0.0007720101683108272,0.0007726066284841213,0.037989857,0.070697574,0.000843304,116,410656,414098,3442,0.008381711213278267,691362,699966,8604,0.012444999869822178,384,390,6,0.015625,622,610,-12,-0.01929260450160772,118,115,-3,-0.025423728813559324
BAY,0027,time_shortest,True,True,True,6,True,24519992942881800,24519992942881800,25515114977734200,25515114977734200,0.0,0.0,0.12923200797515433,0.0,0.040584107718566284,0.040584107718566284,0.0,0.037803893,0.078351296,0.000897339,480,321548,410656,89108,0.27712192269894387,664398,691362,26964,0.040584107718566284,1360,384,-976,-0.7176470588235294,872,622,-250,-0.286697247706422,151,118,-33,-0.2185430463576159
BAY,0028,time_priority,True,True,True,11,True,3719054628774210,3719054628774210,3745839774849150,3745839774849150,0.17237787389537235,0.17237787389537235,0.1820727671216418,0.0,0.007202138378851485,0.007202138378851485,0.0,0.042620576,0.075419003,0.003604802,55,143144,138795,-4349,-0.030381992958140053,266591,256369,-10222,-0.03834337993405629,131,165,34,0.2595419847328244,574,638,64,0.11149825783972125,102,111,9,0.08823529411764706
BAY,0028,stable_priority,True,True,False,11,True,3374083471017555,3372702512003745,3372702512003745,3374083471017555,0.13957145686304132,0.1390716182528174,0.1390716182528174,0.00040945177017393187,0.0,-0.0004092841880386352,0.00040945177017393187,0.038132103,0.072761454,0.00150375,86,147211,144755,-2456,-0.016683535877074402,355668,349528,-6140,-0.017263290484384314,143,137,-6,-0.04195804195804196,494,502,8,0.016194331983805668,84,85,1,0.011904761904761904
BAY,0028,balanced,True,True,False,11,True,4198346649915580,4167350143881860,4167350143881860,4198346649915580,0.17247333041391177,0.1612541339404796,0.1612541339404796,0.007437941368863945,0.0,-0.00738302684804345,0.007437941368863945,0.038158714,0.06990611,0.000935493,86,147032,141907,-5125,-0.03485635779966266,355217,342401,-12816,-0.03607935431018223,149,143,-6,-0.040268456375838924,498,514,16,0.0321285140562249,83,85,2,0.024096385542168676
BAY,0028,time_shortest,True,True,True,11,True,2763779055480000,2763779055480000,3030310806066000,3030310806066000,0.0,0.0,0.09647126269583893,0.0,0.09643743050209563,0.09643743050209563,0.0,0.037998389,0.077464585,0.000940073,446,165200,138795,-26405,-0.1598365617433414,233820,256369,22549,0.09643743050209563,169,165,-4,-0.023668639053254437,732,638,-94,-0.1284153005464481,136,111,-25,-0.18382352941176472
BAY,0029,time_priority,True,True,True,16,True,122129818709001180,122129818709001180,122562669674748720,131131618220899460,0.13893076461493817,0.13893076461493817,0.14540547403053788,0.0,0.0035441874091281045,0.0035441874091281045,0.06991483270469409,0.042666752,0.073280677,0.003421677,133,528658,529107,449,0.0008493203545581453,963485,964654,1169,0.0012133037878119535,218,220,2,0.009174311926605505,689,695,6,0.008708272859216255,128,129,1,0.0078125
BAY,0029,stable_priority,True,True,False,16,True,121447749365842140,121299089750078180,121299089750078180,121447749365842140,0.14607642936165474,0.1438527360120418,0.1438527360120418,0.0012255625006770852,0.0,-0.0012240623357798622,0.0012255625006770852,0.038177766,0.073112009,0.001483466,109,538608,543035,4427,0.008219335769242195,1218275,1229342,11067,0.00908415587613634,198,196,-2,-0.010101010101010102,591,591,0,0.0,109,108,-1,-0.009174311926605505
BAY,0029,balanced,True,True,False,16,False,133307587901445200,133307587901445200,133307587901445200,133307587901445200,0.1750467937489868,0.1750467937489868,0.1750467937489868,0.0,0.0,0.0,0.0,0.038093041,0.070040186,0.000874009,0,538608,538608,0,0.0,1218275,1218275,0,0.0,198,198,0,0.0,591,591,0,0.0,109,109,0,0.0
BAY,0029,time_shortest,True,True,True,16,True,104078620194963600,104078620194963600,104208031835731800,109460882438341800,0.0,0.0,0.0019357765958151456,0.0,0.0012434027327205312,0.0012434027327205312,0.05040734874342819,0.037963546,0.065363236,0.000838104,147,541320,541769,449,0.0008294539274366363,940162,941331,1169,0.0012434027327205312,288,290,2,0.006944444444444444,757,763,6,0.007926023778071334,142,143,1,0.007042253521126761
BAY,0030,time_priority,True,True,True,63,True,146792910822284317310,146129503289378174650,147028722531044179370,149298897589575408070,0.17659905509879253,0.1719342067367434,0.1782572000682077,0.004539860315492938,0.006153577624124908,0.0016064243664011054,0.015440350833844018,0.043042676,0.074753392,0.00446221,480,1092908,1118272,25364,0.023207808891507795,1907823,1888190,-19633,-0.010290786933588703,617,643,26,0.04213938411669368,1498,1494,-4,-0.0026702269692923898,279,279,0,0.0
BAY,0030,stable_priority,True,True,False,63,True,144022052801130072305,143189887155392663215,143189887155392663215,144022052801130072305,0.14569654589884248,0.13984504986221108,0.13984504986221108,0.005811623029176114,0.0,-0.005778043220134406,0.005811623029176114,0.038366259,0.072733713,0.001018786,247,1110582,1102137,-8445,-0.007604121082459467,2003854,2313006,309152,0.15427870493558912,593,591,-2,-0.003372681281618887,1452,1390,-62,-0.04269972451790634,265,246,-19,-0.07169811320754717
BAY,0030,balanced,True,True,False,63,True,168376729503637924940,167450673275613549500,167450673275613549500,168376729503637924940,0.1527967767601955,0.14628507518282424,0.14628507518282424,0.005530322511753318,0.0,-0.005499906256371177,0.005530322511753318,0.038131876,0.069629929,0.000949847,262,1110582,1080624,-29958,-0.02697504551667504,2003854,2085309,81455,0.04064916905123826,593,593,0,0.0,1452,1458,6,0.004132231404958678,265,261,-4,-0.01509433962264151
BAY,0030,time_shortest,True,True,True,63,True,96709183057412376000,96709183057412376000,106003121602161220800,127429881790943978400,0.0,0.0,0.0653517059228068,0.0,0.0961019238393463,0.0961019238393463,0.20213329442503797,0.038058482,0.077659481,0.002897036,6379,1376473,1387692,11219,0.00815054127469264,1488170,1631186,143016,0.0961019238393463,1497,1563,66,0.04408817635270541,2276,2416,140,0.061511423550087874,457,478,21,0.045951859956236324
COL,0001,time_priority,True,True,False,12,True,486227657354493038521200,481849800578946953121350,481849800578946953121350,486227657354493038521200,0.25575134306434505,0.24687535397585106,0.24687535397585106,0.009085521609194505,0.0,-0.009003718133529228,0.009085521609194505,0.056201611,0.099827262,0.006072257,560,3486904,3463319,-23585,-0.00676387993475014,4912997,4920672,7675,0.0015621829201198372,3096,3082,-14,-0.004521963824289405,3243,3119,-124,-0.038236201048411966,577,559,-18,-0.03119584055459272
COL,0001,stable_priority,True,True,False,12,True,604802256519498857535280,599926691603998725552040,599926691603998725552040,604802256519498857535280,0.1991474796646197,0.18926240045600967,0.18926240045600967,0.00812693448005212,0.0,-0.008061419849122113,0.00812693448005212,0.050744952,0.13607024,0.001942404,466,3577122,3601348,24226,0.006772483577579965,6077062,6137677,60615,0.009974392230982669,2756,2692,-64,-0.023222060957910014,2521,2527,6,0.002380007933359778,462,465,3,0.006493506493506494
COL,0001,balanced,True,True,False,12,True,583134455130010780328600,581799539129869545041140,581799539129869545041140,583134455130010780328600,0.2205650279525623,0.2178585209883568,0.2178585209883568,0.0022944603946192794,0.0,-0.002289207897762813,0.0022944603946192794,0.054255198,0.102954691,0.002008264,464,3577122,3601361,24239,0.006776117784073342,6077062,6137709,60647,0.009979657933389523,2756,2696,-60,-0.02177068214804064,2521,2525,4,0.0015866719555731853,462,463,1,0.0021645021645021645
COL,0001,time_shortest,True,True,True,12,True,245823229578623123877600,245823229578623123877600,292548051091623098157600,338145290302192973455200,0.0,0.0,0.09473334263190553,0.0,0.1900748826426743,0.1900748826426743,0.15586239265798177,0.051397493,0.118641595,0.008562692,22595,2982992,3067982,84990,0.028491527969233574,3512563,4180213,667650,0.1900748826426743,3850,3852,2,0.0005194805194805195,4725,5187,462,0.09777777777777778,911,979,68,0.07464324917672886
COL,0002,time_priority,True,True,True,6,True,4602888028381740671960,4602865096495909040620,4837644568119704829800,6025645927702821710920,0.12087316692155879,0.12086892699650428,0.1642778019285932,4.982089492279283e-06,0.05100724585704887,0.05100200967098012,0.2455743374393603,0.056137821,0.105256396,0.017523168,38724,3757698,3877408,119710,0.03185727006268199,5228978,5685486,456508,0.08730348454325108,8483,8625,142,0.016739361075091358,4851,5005,154,0.031746031746031744,905,928,23,0.02541436464088398
COL,0002,stable_priority,True,True,True,6,True,6076969837003618108875,6055172615250784710150,6149686270259597578150,6456015043451737516500,0.25096223486221053,0.2469321002580578,0.26440693057979164,0.0035997688485269767,0.015608746606292814,0.011965903271923081,0.0498120976794494,0.050916003,0.103033048,0.004010034,9566,3856990,3925566,68576,0.017779667564603484,6652609,7061298,408689,0.06143289046447792,9141,9007,-134,-0.014659227655617547,3935,4061,126,0.03202033036848793,725,740,15,0.020689655172413793
COL,0002,balanced,True,True,True,6,True,5858606310278964185700,5858577697873113838900,5967507718192272056500,6548724897234374786840,0.1956350570402048,0.19562976683174463,0.215770069540838,4.883848491201916e-06,0.018593253505659563,0.018588278874830628,0.09739697148111438,0.050493431,0.101207724,0.005411883,13682,3856990,3926168,69178,0.017935747824080434,6652609,7062805,410196,0.06165941813204413,9141,9121,-20,-0.002187944426211574,3935,4025,90,0.022871664548919948,725,734,9,0.012413793103448275
COL,0002,time_shortest,True,True,True,6,True,3097774174251346590000,3097774174251346590000,3352062183303710467500,5502566958171268635000,0.0,0.0,0.04701584983278062,0.0,0.08208732940122042,0.08208732940122042,0.6415468023173941,0.050566664,0.110962069,0.018635627,60249,3773644,3893621,119977,0.031793407115244574,5217212,5645479,428267,0.08208732940122042,8547,8723,176,0.02059202059202059,4901,5349,448,0.09140991634360335,912,985,73,0.0800438596491228
COL,0003,time_priority,True,True,True,100,True,31766907579440797290980,31730967217606026334940,32533027582051859132710,32596293860260354095430,0.2391615186448942,0.23734422187136892,0.2778997877607969,0.0011326588814106282,0.0252768961924617,0.024116921066213146,0.00194467846710333,0.05651839,0.1093967,0.007075682,4776,2745654,2662349,-83305,-0.030340676574688582,3852188,4261333,409145,0.10621106758029462,7025,7415,390,0.05551601423487545,3538,3312,-226,-0.06387789711701526,671,632,-39,-0.05812220566318927
COL,0003,stable_priority,True,True,True,100,True,34132159617617002488820,33965137742715096595090,34368703932718916089210,34948620675680743376380,0.2697224992553129,0.26127716651874244,0.2816831807478007,0.004917450244632941,0.011881776928473581,0.006930247536397416,0.01687339575263262,0.050689,0.104060482,0.002209305,3474,2665480,2671138,5658,0.002122694599096598,4495455,4399738,-95717,-0.02129194931325083,7233,7413,180,0.02488593944421402,3152,3162,10,0.0031725888324873096,600,606,6,0.01
COL,0003,balanced,True,True,True,100,True,41521095129875063443760,41521095129875063443760,41652293978098252625480,42064428872960134173820,0.28152293710171095,0.28152293710171095,0.2881569060267419,0.0,0.0031598118453477304,0.0031598118453477304,0.009894650582236639,0.050948446,0.101959226,0.001591941,1510,2665480,2670072,4592,0.0017227666311508622,4495455,4389061,-106394,-0.023667014796055128,7233,7459,226,0.031245679524402045,3152,3152,0,0.0,600,605,5,0.008333333333333333
COL,0003,time_shortest,True,True,True,100,True,18120638717401084363800,18120638717401084363800,20678488319132216042400,21951942801070454159400,0.0,0.0,0.12933569922748586,0.0,0.14115670212412834,0.14115670212412834,0.06158353852007686,0.050297596,0.112803033,0.025741738,83302,3079695,2968321,-111374,-0.03616397078282103,3344007,3816036,472029,0.14115670212412834,8981,7113,-1868,-0.20799465538358758,3982,4028,46,0.011551983927674536,796,752,-44,-0.05527638190954774
COL,0004,time_priority,True,True,False,190,False,89028446869612246440,89028446869612246440,89028446869612246440,89028446869612246440,0.18996119249870394,0.18996119249870394,0.18996119249870394,0.0,0.0,0.0,0.0,0.056187365,0.108928464,0.005704372,0,1080267,1080267,0,0.0,1363306,1363306,0,0.0,2736,2736,0,0.0,1754,1754,0,0.0,340,340,0,0.0
COL,0004,stable_priority,True,True,False,190,True,100857383043470793080,100424145935380799350,100424145935380799350,100857383043470793080,0.24899060225778802,0.23893755107551773,0.23893755107551773,0.004314073115132746,0.0,-0.004295541833593512,0.004314073115132746,0.050651035,0.101671729,0.001250193,339,1122749,1118560,-4189,-0.0037310209138462828,1674080,1594047,-80033,-0.04780715377998662,2408,2454,46,0.01910299003322259,1770,1716,-54,-0.030508474576271188,343,338,-5,-0.014577259475218658
COL,0004,balanced,True,True,False,190,True,111245152149058595960,111241601253416611560,111241601253416611560,111245152149058595960,0.20618907849787788,0.20610668173415386,0.20610668173415386,3.1920572896961424e-05,0.0,-3.191955400651092e-05,3.1920572896961424e-05,0.050429171,0.103567245,0.001207508,317,1068504,1068494,-10,-9.358879330353466e-06,1501741,1500229,-1512,-0.0010068314043500178,2678,2678,0,0.0,1630,1632,2,0.001226993865030675,316,316,0,0.0
COL,0004,time_shortest,True,True,True,190,True,59324689756637760000,59324689756637760000,61921570287887700000,63145695358771480000,0.0,0.0,0.06025931852881335,0.0,0.04377402632702986,0.04377402632702986,0.019768960399300914,0.050409719,0.111707035,0.001883189,2424,1124236,1151920,27684,0.024624722922945003,1236144,1290255,54111,0.04377402632702986,3100,3154,54,0.017419354838709676,2154,2356,202,0.09377901578458682,421,429,8,0.019002375296912115
COL,0005,time_priority,True,True,True,3,True,1458733513875988290,1455942212690755560,1499284030170202950,2163250750843287510,0.12154058260035625,0.11945361322194403,0.1518589467498616,0.0019171785534496395,0.029768913286294874,0.027798440159551987,0.44285586140586664,0.056238268,0.104156509,0.005794543,788,2336329,2344483,8154,0.0034900906507602312,3529972,3732279,202307,0.057311219465763466,8677,8815,138,0.015904114325227613,3003,2965,-38,-0.012654012654012654,572,562,-10,-0.017482517482517484
COL,0005,stable_priority,True,True,True,3,True,1732767417052998750,1726416621955625250,1754104387141765050,2195728365476618250,0.22242537068862125,0.2176770780404082,0.2383783618738559,0.0036785993697045953,0.01603770772015393,0.012313810773897812,0.25176607593716804,0.050422041,0.08389021,0.00131862,757,2195625,2319743,124118,0.05652968972388272,4346832,4371714,24882,0.005724168773948476,9025,8655,-370,-0.040997229916897505,2389,2597,208,0.08706571787358727,455,497,42,0.09230769230769231
COL,0005,balanced,True,True,True,3,True,1646524135664810580,1645845425616415820,1671056757826059660,2320919570665423020,0.1643813944485315,0.1638739439823066,0.1827236756375158,0.00041237775907209745,0.015318165252488082,0.014899643211937272,0.3888933214242192,0.041302983,0.08064842,0.001213854,633,2195625,2192715,-2910,-0.0013253629376601195,4346832,4508925,162093,0.037289915966386554,9025,9159,134,0.014847645429362882,2389,2431,42,0.017580577647551276,455,460,5,0.01098901098901099
COL,0005,time_shortest,True,True,True,3,True,1165682716422664000,1165682716422664000,1235541660467092000,2005581931021152000,0.0,0.0,0.0522313671488583,0.0,0.05992963870890739,0.05992963870890739,0.6232410409074746,0.040777319,0.090792606,0.001458343,1586,2428153,2374906,-53247,-0.021929013534155384,3451898,3658769,206871,0.05992963870890739,8003,8773,770,0.09621391978008247,3735,3305,-430,-0.11512717536813923,699,623,-76,-0.10872675250357654
COL,0006,time_priority,True,True,True,1,True,5610906693794339180680,5610906693794339180680,6829257231044975510140,6980595965379284250280,0.10401360072674079,0.10401360072674079,0.7230995650144613,0.0,0.21713968949049386,0.21713968949049386,0.022160350564383664,0.056011791,0.100888404,0.006137003,4893,2175990,2686880,510890,0.23478508632852174,3433961,4849858,1415897,0.4123218056349504,5111,7217,2106,0.41205243592252006,2726,2764,38,0.013939838591342627,503,511,8,0.015904572564612324
COL,0006,stable_priority,True,True,True,1,True,7128367045541766050720,7128367045541766050720,7891862973446731625410,7901212391126997932560,0.207290602016222,0.207290602016222,0.5952492381435823,0.0,0.1071067080338508,0.1071067080338508,0.001184690827973537,0.050229733,0.094721776,0.001491777,2408,2176556,2642729,466173,0.21417918950856307,3450317,5248619,1798302,0.5211990666364859,5093,8129,3036,0.5961123110151187,2718,2500,-218,-0.08020603384841796,503,468,-35,-0.06958250497017893
COL,0006,balanced,True,True,True,1,True,7774812493291235466640,7774600695076987286080,8525423126576597484200,8555355867024794555360,0.2033789681853906,0.20327134620165666,0.5847901413283212,2.7242326976650374e-05,0.09657376127047194,0.09654388886330728,0.003510997636573216,0.049962325,0.091815036,0.001501836,2310,2176556,2642729,466173,0.21417918950856307,3450317,5248619,1798302,0.5211990666364859,5093,8129,3036,0.5961123110151187,2718,2500,-218,-0.08020603384841796,503,468,-35,-0.06958250497017893
COL,0006,time_shortest,True,True,True,1,True,3437853251116805505600,3437853251116805505600,4780973858008906034400,5405836063733773945200,0.0,0.0,0.6824859436175951,0.0,0.39068584630707565,0.39068584630707565,0.1306976829999023,0.049851412,0.10604942,0.002504904,7405,2176522,2736053,559531,0.2570757382649934,3429748,4769702,1339954,0.39068584630707565,5105,7127,2022,0.3960822722820764,2738,3176,438,0.15997078159240322,504,581,77,0.1527777777777778
COL,0007,time_priority,True,True,False,551,True,24919616687078699550380,24899708821396702269600,24899708821396702269600,24919616687078699550380,0.17477662363811003,0.1735727614019923,0.1735727614019923,0.000799522027538336,0.0,-0.0007988833027403624,0.000799522027538336,0.055942745,0.098301574,0.005856782,508,4165567,4162780,-2787,-0.0006690565774119105,6251999,6275048,23049,0.0036866608583910523,2446,2448,2,0.0008176614881439084,2998,2956,-42,-0.014009339559706471,514,507,-7,-0.013618677042801557
COL,0007,stable_priority,True,True,False,551,True,24602504938232002667250,24569196822618035373270,24569196822618035373270,24602504938232002667250,0.1927085191514558,0.19069432118646953,0.19069432118646953,0.0013556859776264376,0.0,-0.0013538505813774626,0.0013556859776264376,0.050922631,0.097275533,0.001516218,364,4259560,4286679,27119,0.0063666200264816085,8175059,8319518,144459,0.01767069815642921,2162,2114,-48,-0.022201665124884366,2156,2166,10,0.00463821892393321,360,363,3,0.008333333333333333
COL,0007,balanced,True,True,False,551,True,28970904701784777382200,28850959885280334556760,28850959885280334556760,28970904701784777382200,0.2184900451045793,0.21123677962075857,0.21123677962075857,0.004157394311363563,0.0,-0.004140181942507771,0.004157394311363563,0.051165026,0.095540225,0.001735201,384,4259560,4084948,-174612,-0.04099296640967612,8175059,7735327,-439732,-0.053789458889532175,2162,2354,192,0.08880666049953746,2156,2214,58,0.026901669758812616,360,383,23,0.06388888888888888
COL,0007,time_shortest,True,True,True,551,True,18700980493813844238000,18700980493813844238000,18953481641743859220000,18953481641743859220000,0.0,0.0,0.01526917055926344,0.0,0.013502027234002015,0.013502027234002015,0.0,0.050468191,0.105344861,0.001892158,2758,4634630,4166299,-468331,-0.10105035353415483,6088345,6170550,82205,0.013502027234002015,3434,2534,-900,-0.262085032032615,4168,3356,-812,-0.1948176583493282,706,571,-135,-0.19121813031161472
COL,0008,time_priority,True,True,True,1,True,2705898792497167141559760,2703403017111847455819620,2777988907271639755796800,3744396779837200824753960,0.11318931791296323,0.11211599331586872,0.14419214527072133,0.0009231976769730846,0.02758963043530053,0.026641837076228372,0.3478803929115412,0.055917762,0.101334282,0.006061495,2788,3034444,3039371,4927,0.0016236911935102443,3921057,4115569,194512,0.049607031981427456,8308,8454,146,0.017573423206547905,4016,3994,-22,-0.005478087649402391,762,755,-7,-0.009186351706036745
COL,0008,stable_priority,True,True,True,1,True,2783297016851717291702940,2764665194621650346538240,2806101035560069853422530,3432169818704243893688640,0.20917061682655816,0.20115787929983486,0.21897763485239832,0.006739268923525745,0.014987652399657051,0.008193167516899426,0.2231098507182643,0.051374734,0.093992109,0.001694955,2258,2938094,2917542,-20552,-0.0069950110513822905,5176125,4790196,-385929,-0.07455944359921757,8404,8068,-336,-0.03998096144693003,3134,3596,462,0.14741544352265476,612,679,67,0.10947712418300654
COL,0008,balanced,True,True,True,1,True,2970766195910722530183040,2961663277825374015525760,3001338870892345205609880,3496567137377972982625920,0.177055404605085,0.17314063489311046,0.19020338428697797,0.0030735830617558955,0.013396388902152079,0.010291175059049125,0.16500244983612553,0.05086999,0.093555888,0.001957507,2129,2889739,2917633,27894,0.009652774869979607,4459691,4744329,284638,0.06382460130085246,8532,8130,-402,-0.047116736990154715,3534,3588,54,0.015280135823429542,664,678,14,0.02108433734939759
COL,0008,time_shortest,True,True,True,1,True,2326341288121947877914000,2326341288121947877914000,2458185111532376425584000,3992226422296428666882000,0.0,0.0,0.05670030222822828,0.0,0.0566743255100226,0.0566743255100226,0.6240544308755356,0.05022382,0.102406514,0.00204994,4343,3110713,3039058,-71655,-0.023034911931766124,3885269,4105464,220195,0.0566743255100226,7652,8468,816,0.10663878724516467,4534,4094,-440,-0.09704455227172475,858,771,-87,-0.10139860139860139
COL,0009,time_priority,True,True,True,10,True,3863072802948290,3863072802948290,3882250671222010,3882250671222010,0.2537119856887299,0.2537119856887299,0.345740874660949,0.0,0.0049644076754348215,0.0049644076754348215,0.0,0.056088022,0.102523117,0.004646471,16,176978,137605,-39373,-0.2224739798167004,339981,344019,4038,0.01187713431044676,259,167,-92,-0.3552123552123552,236,268,32,0.13559322033898305,42,47,5,0.11904761904761904
COL,0009,stable_priority,True,True,False,10,False,1348864023444405,1348864023444405,1348864023444405,1348864023444405,0.21459705927787343,0.21459705927787343,0.21459705927787343,0.0,0.0,0.0,0.0,0.049977256,0.093225564,0.001122032,0,138489,138489,0,0.0,346226,346226,0,0.0,177,177,0,0.0,228,228,0,0.0,41,41,0,0.0
COL,0009,balanced,True,True,False,10,False,1679093256847980,1679093256847980,1679093256847980,1679093256847980,0.22587238971778453,0.22587238971778453,0.22587238971778453,0.0,0.0,0.0,0.0,0.05004138,0.094340454,0.001811301,0,138489,138489,0,0.0,346226,346226,0,0.0,177,177,0,0.0,228,228,0,0.0,41,41,0,0.0
COL,0009,time_shortest,True,True,True,10,True,5988379912538400,5988379912538400,6054396683805600,6054396683805600,0.0,0.0,0.31679486095849885,0.0,0.011024145466952564,0.011024145466952564,0.0,0.049838048,0.094958777,0.000987339,17,176978,168655,-8323,-0.04702844421340505,339981,343729,3748,0.011024145466952564,259,269,10,0.03861003861003861,236,294,58,0.2457627118644068,42,51,9,0.21428571428571427
COL,0010,time_priority,True,True,False,12,True,226949830143734191452840,226651540207049352499390,226651540207049352499390,226949830143734191452840,0.2108886559893431,0.20927592985658558,0.20927592985658558,0.0013160728420920807,0.0,-0.001314343070871315,0.0013160728420920807,0.056217324,0.103019285,0.006325591,553,3490180,3497401,7221,0.0020689477333547266,4261697,4186117,-75580,-0.017734719291399647,2803,2883,80,0.028540849090260435,3051,3057,6,0.0019665683382497543,548,552,4,0.0072992700729927005
COL,0010,stable_priority,True,True,False,12,True,272645500503172756967560,265723516442788850139720,267415199148845147672670,272645500503172756967560,0.2888218989884298,0.25139769115634714,0.2605438961497576,0.026049572702663795,0.006366326656754606,-0.019183523456924773,0.019558728789444715,0.050890755,0.099848422,0.001507593,1317,3490296,3456373,-33923,-0.009719232981959123,4920424,5728996,808572,0.1643297406890138,2757,2579,-178,-0.06456293072179906,2597,2549,-48,-0.018482864844050827,482,473,-9,-0.01867219917012448
COL,0010,balanced,True,True,False,12,True,297550278775404860075140,287859550342042721248680,295985689955220955239400,297550278775404860075140,0.29909234846396027,0.24669872377908877,0.2906332857635085,0.03366478000068904,0.02822952930872896,-0.005258233420661247,0.005286028592870852,0.057867629,0.101552701,0.002225357,3521,3034091,3429678,395587,0.13038073017585827,5208355,5245226,36871,0.00707920255051739,3319,2715,-604,-0.1819825248568846,2597,2519,-78,-0.030034655371582595,493,468,-25,-0.05070993914807302
COL,0010,time_shortest,True,True,True,12,True,133657562203340573336000,133657562203340573336000,145783296255043875070000,149416672490745507166000,0.0,0.0,0.06555865880487706,0.0,0.09072239424250278,0.09072239424250278,0.024923131312281074,0.050664373,0.108022336,0.004299617,12823,3152180,3499267,347087,0.11011014599420084,3812212,4158065,345853,0.09072239424250278,3033,2919,-114,-0.03758654797230465,4615,3261,-1354,-0.2933911159263272,855,578,-277,-0.32397660818713453
COL,0011,time_priority,True,True,True,7,True,109658492187712383634880,109615178387686107321020,109903739871656940122580,134126499305674154943700,0.08513926793126424,0.08457985925682261,0.08830670375315183,0.0003951441822507865,0.002632495683674854,0.002236467774194303,0.2203997740413929,0.056070616,0.101722204,0.005629396,752,1812076,1808248,-3828,-0.0021124941779483864,2901234,2937889,36655,0.012634279068837606,6328,6300,-28,-0.004424778761061947,3028,2968,-60,-0.019815059445178335,575,562,-13,-0.022608695652173914
COL,0011,stable_priority,True,True,True,7,True,101408687697120919728875,101403360738614104942500,101604352159231373129600,114208946944763923530875,0.14694021970064491,0.1468714206851973,0.14946727568091311,5.253236646215312e-05,0.00198209821798077,0.0019294644921828378,0.1240556582239607,0.050876097,0.096653576,0.001495777,647,1779988,1780917,929,0.0005219136308784104,3026419,3042992,16573,0.005476108893051491,6206,6242,36,0.005800837898807605,2900,2896,-4,-0.001379310344827586,540,539,-1,-0.001851851851851852
COL,0011,balanced,True,True,True,7,True,114025087895032643857700,114025087895032643857700,114160498519460746404820,133346533263299390642900,0.11785681129365064,0.11785681129365064,0.11960567373173467,0.0,0.0011875511514865627,0.0011875511514865627,0.16806193904775243,0.050598261,0.095862981,0.001741359,569,1779988,1780078,90,5.0562138621159244e-05,3026419,3038867,12448,0.004113111898914196,6206,6250,44,0.007089912987431518,2900,2896,-4,-0.001379310344827586,540,539,-1,-0.001851851851851852
COL,0011,time_shortest,True,True,True,7,True,101232996075826008124500,101232996075826008124500,101972353272921814666500,131898719392000025305500,0.0,0.0,0.009548985065160045,0.0,0.007303519857715263,0.007303519857715263,0.293475291670306,0.050960531,0.107644929,0.001819942,1350,1875127,1862113,-13014,-0.006940329908320876,2852871,2873707,20836,0.007303519857715263,6764,6792,28,0.004139562389118865,3280,3250,-30,-0.009146341463414634,619,611,-8,-0.012924071082390954
COL,0012,time_priority,True,True,True,4,True,220374649250149140423410,220357631899963274963700,227875231931619750894010,285124241779328256057890,0.15198242214860289,0.15189967930912776,0.18845223102039207,7.722605311710239e-05,0.034115451172888236,0.03403559668497367,0.25122962843494834,0.055493213,0.095209649,0.009237594,15295,5852636,5959210,106574,0.01820957257550273,7477918,7803538,325620,0.043544205753526584,13632,14014,382,0.028022300469483567,8286,8540,254,0.030654115375331886,1561,1607,46,0.029468289557975657
COL,0012,stable_priority,True,True,True,4,True,256171108636878919574040,255962816272688084109480,257959712667257078589855,281262637885752965855115,0.27413355233857906,0.2731207799935373,0.2828302163052796,0.0008137602454292921,0.007801509702259315,0.0069820677276823395,0.0903355216888243,0.050004876,0.085957537,0.002428378,5550,5998139,6085937,87798,0.014637540077013888,9202417,9771626,569209,0.06185429327968946,14502,14730,228,0.015721969383533305,7100,6982,-118,-0.016619718309859154,1332,1313,-19,-0.014264264264264264
COL,0012,balanced,True,True,True,4,True,269447223929956260515840,268418660822100340006680,269326493141794012108880,288736386176303749573380,0.26134245157112806,0.2563413067869039,0.2607554266750364,0.0038319359194539035,0.0033821505439048274,-0.00044806840612925667,0.07206826483383084,0.049620208,0.083973131,0.001837841,3461,5998139,5798800,-199339,-0.033233474582699735,9202417,10576641,1374224,0.14933294155220309,14502,18990,4488,0.3094745552337609,7100,5974,-1126,-0.15859154929577465,1332,1142,-190,-0.14264264264264265
COL,0012,time_shortest,True,True,True,4,True,162536117450908029976000,162536117450908029976000,169599860868946253054400,281512097382352762542400,0.0,0.0,0.03434578129664769,0.0,0.04345953089578221,0.04345953089578221,0.659860426417942,0.04949086,0.097727161,0.00484331,16221,5878467,5985203,106736,0.01815711477158926,7430545,7753473,322928,0.04345953089578221,13706,14060,354,0.025828104479789872,8488,8758,270,0.03180961357210179,1583,1633,50,0.03158559696778269
COL,0013,time_priority,True,True,True,4,True,216121993475693478233170,215856079875696480934830,236182070898336179394550,311984447895697525836290,0.08202406337199951,0.08125656957747836,0.13992251211499676,0.0012319022941124805,0.09416455183631929,0.09281830645754613,0.3209489048387176,0.056901143,0.104596832,0.01034567,19207,4092588,4233140,140552,0.034343061163254154,5395244,6096548,701304,0.1299855947200905,14005,14839,834,0.05955016065690825,4590,5054,464,0.10108932461873639,920,998,78,0.08478260869565217
COL,0013,stable_priority,True,True,True,4,True,323753629774883380960820,318693810287102296412310,343972214378932919082390,400667126267788480729160,0.15834033306073933,0.14373641638136303,0.2166962735533807,0.01587674226626126,0.07931877958049457,0.062450526402153976,0.16482410357250044,0.050490783,0.097056117,0.005999675,21390,4327963,4443829,115866,0.026771485800594876,6546933,7194907,647974,0.09897367209959228,11979,12417,438,0.03656398697721012,5154,5638,484,0.09390764454792394,1002,1099,97,0.0968063872255489
COL,0013,balanced,True,True,True,4,True,288368236073420459849000,288270737846279728955980,310960753394577966573420,346192596686170301616080,0.12810579521534254,0.1278243907128719,0.19331350496315425,0.0003382175654357321,0.07871078319575288,0.07834606761406725,0.1132999676228809,0.050446504,0.098301728,0.006512532,20759,4164548,4267189,102641,0.024646372187329815,5546683,6235253,688570,0.12414086040251444,14215,14939,724,0.05093211396412241,4378,4936,558,0.12745545911375056,877,973,96,0.10946408209806158
COL,0013,time_shortest,True,True,True,4,True,131422810102029988436000,131422810102029988436000,149053289911927336489500,277776299105224750056500,0.0,0.0,0.05088601654326583,0.0,0.1341508357355161,0.1341508357355161,0.8636039450679506,0.050956918,0.108563811,0.00657522,20474,3922039,4060380,138341,0.03527272421309426,4998232,5668749,670517,0.1341508357355161,17165,18157,992,0.05779201864258666,4588,5278,690,0.15039232781168266,899,1019,120,0.13348164627363737
COL,0014,time_priority,True,True,True,1,True,717520156889103655612680,716522334280827369679560,792330814863565252351200,910756830383643632499060,0.1007925422833549,0.0988550035706596,0.24605738670106242,0.0013925910757238283,0.10580058283713761,0.10426279632172614,0.1494653663577008,0.056101708,0.10668467,0.007636529,10232,3335032,3470345,135313,0.04057322388510815,5359267,6030434,671167,0.12523485021365796,10760,11634,874,0.0812267657992565,3322,3800,478,0.14388922335942203,653,734,81,0.12404287901990811
COL,0014,stable_priority,True,True,True,1,True,768140280553846001161950,768100586598431596443645,825860014805302818165165,843498553090278885689685,0.21058436206575,0.21050728566495744,0.3226626199355257,5.1678069392175846e-05,0.07519774000259716,0.07514217873047827,0.02135778215286808,0.050551209,0.10385549,0.003411029,10363,3378475,3754696,376221,0.11135823115458898,5587522,8087849,2500327,0.44748405464891233,10838,9196,-1642,-0.15150396752168296,3080,3462,382,0.12402597402597403,618,671,53,0.08576051779935275
COL,0014,balanced,True,True,True,1,True,875250283838427929718200,873475429055154840895900,949146060471080606538760,997650580572953281728620,0.17490388313061522,0.17145752921612079,0.31839224142486283,0.002031945861594485,0.08663166575593234,0.08442816643095646,0.05110332552800029,0.0505166,0.099052281,0.003177063,9695,3378475,3433892,55417,0.016402962875261766,5587522,6610616,1023094,0.18310335064452543,10838,11860,1022,0.0942978409300609,3080,3500,420,0.13636363636363635,618,679,61,0.09870550161812297
COL,0014,time_shortest,True,True,True,1,True,546049346548801469173500,546049346548801469173500,610520842311321392772500,823863080194333983269500,0.0,0.0,0.12518860353449188,0.0,0.11806899169461414,0.11806899169461414,0.3494430052139375,0.050451924,0.110770526,0.003557176,10942,3334380,3463232,128852,0.03864346595169117,5332323,5961905,629582,0.11806899169461414,11264,12234,970,0.08611505681818182,3388,4004,616,0.18181818181818182,662,768,106,0.16012084592145015
COL,0015,time_priority,True,True,True,15,True,8368557458585473675710,8296265825464473493790,8357545219978450388750,8974811056135169487570,0.29277946766104784,0.28037122782886065,0.29088931119582445,0.008713755639206856,0.007386382717618154,-0.0013159064344746307,0.07385731335095434,0.056871492,0.097219534,0.006903774,2026,4110088,4150469,40381,0.009824850465488817,6669485,6523897,-145588,-0.02182897180217063,2443,2535,92,0.03765861645517806,2947,2995,48,0.016287750254496098,529,540,11,0.020793950850661626
COL,0015,stable_priority,True,True,True,15,True,7804593861791999947590,7749900211237202553490,7749900211237202553490,7819596430486528767090,0.2519193905794947,0.24253169377306272,0.24253169377306272,0.007057336102920742,0.0,-0.007007879144429852,0.008993176344163512,0.051090789,0.093701247,0.001519524,459,4219436,4363060,143624,0.03403867246712594,7330822,8619748,1288926,0.17582284769702497,2497,1897,-600,-0.24028834601521826,2321,2603,282,0.12149935372684188,428,458,30,0.07009345794392523
COL,0015,balanced,True,True,True,15,True,10423974024029084306540,10352922939357872932660,10424090923341607809580,10858927949260149628880,0.2611128499183046,0.24891753960539745,0.26113291468435545,0.006862900949557172,0.006874192380316218,1.1214466982940447e-05,0.041714623281427395,0.050747344,0.091351614,0.001723208,1918,3921232,4064133,142901,0.03644288325709879,7199069,7262615,63546,0.00882697471020211,2961,2617,-344,-0.11617696724079703,2647,2509,-138,-0.05213449187759728,473,458,-15,-0.03171247357293869
COL,0015,time_shortest,True,True,True,15,True,4422885893982876138000,4422885893982876138000,5194767992108988839000,6852652523648976317000,0.0,0.0,0.13248695294640433,0.0,0.17452001173627862,0.17452001173627862,0.31914505788484965,0.050433985,0.100776161,0.019469576,64231,4465284,4579236,113952,0.025519541422225327,4778346,5612263,833917,0.17452001173627862,4247,4069,-178,-0.04191193783847422,5255,5367,112,0.02131303520456708,1022,1011,-11,-0.010763209393346379
COL,0016,time_priority,True,True,False,33,False,335114229996708757020,335114229996708757020,335114229996708757020,335114229996708757020,0.08732743179967757,0.08732743179967757,0.08732743179967757,0.0,0.0,0.0,0.0,0.056136964,0.106750204,0.00461959,0,619798,619798,0,0.0,1091905,1091905,0,0.0,1160,1160,0,0.0,1132,1132,0,0.0,211,211,0,0.0
COL,0016,stable_priority,True,True,False,33,False,382398350719208861600,382398350719208861600,382398350719208861600,382398350719208861600,0.16114857395522245,0.16114857395522245,0.16114857395522245,0.0,0.0,0.0,0.0,0.050301382,0.103159639,0.002173211,0,619798,619798,0,0.0,1091905,1091905,0,0.0,1160,1160,0,0.0,1132,1132,0,0.0,211,211,0,0.0
COL,0016,balanced,True,True,False,33,False,352288613504247065040,352288613504247065040,352288613504247065040,352288613504247065040,0.15757562459375127,0.15757562459375127,0.15757562459375127,0.0,0.0,0.0,0.0,0.051038301,0.101650163,0.001249512,0,619798,619798,0,0.0,1091905,1091905,0,0.0,1160,1160,0,0.0,1132,1132,0,0.0,211,211,0,0.0
COL,0016,time_shortest,True,True,True,33,True,315207422405157301800,315207422405157301800,316133080564053060000,316133080564053060000,0.0,0.0,0.005785901619652045,0.0,0.0029366635843554073,0.0029366635843554073,0.0,0.050600495,0.110785488,0.00147108,110,677614,637466,-40148,-0.05924907100502646,1082521,1085700,3179,0.0029366635843554073,1380,1208,-172,-0.1246376811594203,1400,1068,-332,-0.23714285714285716,281,208,-73,-0.2597864768683274
COL,0017,time_priority,True,True,True,67,True,8864216947671418050400,8803338048989983866640,8831080830223329155680,9100940579276340479340,0.23841157641395974,0.22823384881705475,0.2328718839374178,0.006915433480192083,0.003151393378166166,-0.00373818890531482,0.030557952558813443,0.056178028,0.10452455,0.006489698,2973,5981777,5880963,-100814,-0.016853520283353927,7049374,7602042,552668,0.07839958555185184,10423,10469,46,0.004413316703444306,7053,6411,-642,-0.09102509570395577,1322,1201,-121,-0.09152798789712557
COL,0017,stable_priority,True,True,False,67,True,10990402240328055660215,10948401847577540084025,10948401847577540084025,10990402240328055660215,0.28645806917682365,0.27943644812854185,0.27943644812854185,0.0038362122011267466,0.0,-0.0038215519170353763,0.0038362122011267466,0.050306325,0.098679917,0.001503687,983,6478982,6556649,77667,0.011987531374527665,11471743,12357177,885434,0.07718391180834508,7927,7745,-182,-0.022959505487574115,5395,5299,-96,-0.01779425393883225,1005,982,-23,-0.022885572139303482
COL,0017,balanced,True,True,False,67,True,12360265822220936398740,12355381111731249673620,12355381111731249673620,12360265822220936398740,0.33177724582894863,0.3309606204656364,0.3309606204656364,0.0003953508552681362,0.0,-0.0003951946147392017,0.0003953508552681362,0.050297537,0.094630625,0.001377997,985,6478982,6503577,24595,0.003796121057289556,11471743,11932151,460408,0.04013409296215928,7927,7891,-36,-0.004541440645893781,5395,5285,-110,-0.020389249304911955,1005,984,-21,-0.020895522388059702
COL,0017,time_shortest,True,True,True,67,True,4500564279222729211200,4500564279222729211200,4564294521962915401200,5261972529679958927100,0.0,0.0,0.010654414983562373,0.0,0.014160500503104186,0.014160500503104186,0.15285560656962183,0.05009794,0.105852676,0.005726763,15639,6041221,5965454,-75767,-0.01254166997035864,7012464,7111764,99300,0.014160500503104186,9813,10135,322,0.03281361459288699,7555,7317,-238,-0.0315023163467902,1407,1361,-46,-0.032693674484719264
COL,0018,time_priority,True,True,True,49,True,43985611813304256429470,43737581807085606685170,43833192887096396769010,44289591087860310938610,0.18221333232256426,0.17669256442617903,0.17882072056788784,0.005670866928872327,0.002186016603124154,-0.003465199639709405,0.010412159614734991,0.045648894,0.082448802,0.005052963,695,2146339,2237208,90869,0.04233674177285135,2560377,2673510,113133,0.04418607103563264,3183,3133,-50,-0.015708451146716932,3218,2914,-304,-0.0944686140459913,634,563,-71,-0.11198738170347003
COL,0018,stable_priority,True,True,False,49,True,45172715238249212984975,45167966023545470419975,45167966023545470419975,45172715238249212984975,0.2249709496482594,0.22486523940590125,0.22486523940590125,0.00010514564019258387,0.0,-0.00010513458574925887,0.00010514564019258387,0.041128646,0.076199844,0.001182008,475,2159079,2158264,-815,-0.00037747576628738457,3633665,3651043,17378,0.004782499212227875,2257,2257,0,0.0,2596,2590,-6,-0.0023112480739599386,474,474,0,0.0
COL,0018,balanced,True,True,False,49,False,56613673825770971386180,56613673825770971386180,56613673825770971386180,56613673825770971386180,0.2374121503876973,0.2374121503876973,0.2374121503876973,0.0,0.0,0.0,0.0,0.040773087,0.076350247,0.001095363,0,2159079,2159079,0,0.0,3633665,3633665,0,0.0,2257,2257,0,0.0,2596,2596,0,0.0,474,474,0,0.0
COL,0018,time_shortest,True,True,True,49,True,25651203989459258364000,25651203989459258364000,26301022274513787724000,28785121711772539036000,0.0,0.0,0.01446395934631634,0.0,0.02533285709791854,0.02533285709791854,0.09444877888514215,0.040691547,0.086414983,0.002019411,3467,2222365,2229565,7200,0.0032397918433740634,2511363,2574983,63620,0.02533285709791854,3215,3161,-54,-0.016796267496111975,3226,3322,96,0.029758214507129573,635,644,9,0.014173228346456693
COL,0019,time_priority,True,True,True,2,True,59940759013155474640,59940759013155474640,61822053119196225740,71228378433765014500,0.18068012801188427,0.18068012801188427,0.29507795573186774,0.0,0.03138589061956748,0.03138589061956748,0.15215161645364464,0.056133267,0.097952125,0.006984056,5271,3036956,3051189,14233,0.004686600661978639,3309645,3491623,181978,0.05498414482520029,1664,1658,-6,-0.003605769230769231,2025,2129,104,0.05135802469135802,389,404,15,0.038560411311053984
COL,0019,stable_priority,True,True,True,2,True,91902560623962381080,91274251877778976700,92129402843409366230,95700056673377241950,0.3715245464480435,0.33331831624190317,0.38531837966986127,0.006883745779968077,0.009369027387652343,0.002468290523211374,0.03875694099566508,0.050480847,0.097532535,0.001584806,939,3157352,3126319,-31033,-0.009828805910775866,4047085,4448457,401372,0.0991755794602782,1600,1446,-154,-0.09625,1997,2139,142,0.07110665998998497,367,387,20,0.05449591280653951
COL,0019,balanced,True,True,True,2,True,93413188837009674240,93413188837009674240,94637444588371691480,99920973572364869000,0.3383908228019024,0.3383908228019024,0.41283542882060503,0.0,0.013105812643845591,0.013105812643845591,0.05582915945135712,0.050637053,0.094941653,0.001817612,1775,3047682,3074720,27038,0.008871660494762904,3412795,3764257,351462,0.10298362485880341,1656,1626,-30,-0.018115942028985508,2017,2073,56,0.027764005949429845,387,389,2,0.00516795865633075
COL,0019,time_shortest,True,True,True,2,True,26090592476982176000,26090592476982176000,27544889665548112000,42535783295165160000,0.0,0.0,0.08843297743665951,0.0,0.055740289909052707,0.055740289909052707,0.544235021872931,0.050589367,0.106195083,0.006000766,17490,3033530,3047763,14233,0.004691893602502695,3264748,3446726,181978,0.055740289909052707,1672,1666,-6,-0.0035885167464114833,2057,2161,104,0.05055906660184735,398,413,15,0.03768844221105527
COL,0020,time_priority,True,True,True,29,True,2478194471766973716380,2475986424682123002480,2520435176662675135180,2936494509476717034310,0.21275977174833471,0.21172689884476797,0.23251898785095673,0.0008917848106272197,0.01795193686744815,0.017044951627861328,0.16507440328814518,0.055626748,0.096646952,0.008098562,9508,4671999,4644672,-27327,-0.0058491022793455225,5617494,5890436,272942,0.048587857859750276,6183,6143,-40,-0.006469351447517387,5897,5935,38,0.006443954553162625,1105,1101,-4,-0.0036199095022624436
COL,0020,stable_priority,True,True,False,29,True,2756147502237988235615,2730173374146974230105,2730173374146974230105,2756147502237988235615,0.23401065807234622,0.2218605670335066,0.2218605670335066,0.00951372844558982,0.0,-0.009424070398961974,0.00951372844558982,0.049734249,0.088912181,0.001203921,653,5354212,5308664,-45548,-0.008506947427557967,11322206,10836271,-485935,-0.04291875629183924,4899,5003,104,0.021228822208614002,3677,3619,-58,-0.015773728583084037,670,652,-18,-0.026865671641791045
COL,0020,balanced,True,True,False,29,True,3180845208710203889460,3136199649349689321720,3136199649349689321720,3180845208710203889460,0.31923684498081,0.2983526940745921,0.2983526940745921,0.014235560344435376,0.0,-0.014035753528106395,0.014235560344435376,0.049575432,0.08838067,0.001357619,654,5601994,5306000,-295994,-0.052837257590779285,9651023,10811124,1160101,0.12020497723401964,5183,5011,-172,-0.0331854138529809,3711,3621,-90,-0.024252223120452707,678,653,-25,-0.03687315634218289
COL,0020,time_shortest,True,True,True,29,True,1548335525742438840000,1548335525742438840000,1580601902117756904000,2163524935224412656000,0.0,0.0,0.015093457962471815,0.0,0.020839395492037224,0.020839395492037224,0.3687981346382229,0.049661629,0.098756123,0.005346171,14606,4661758,4681963,20205,0.004334201818284003,5474535,5588621,114086,0.020839395492037224,6571,6623,52,0.007913559579972607,6433,6627,194,0.030157002953520907,1223,1255,32,0.02616516762060507
COL,0021,time_priority,True,True,True,1,True,2392448313921967568750,2391094132965034836190,2757726778327298204230,3796590264831826083110,0.09050153758994721,0.0898848557596706,0.25684606550321243,0.0005663436408726845,0.153332585408349,0.15267977254920317,0.37671008406955075,0.046296442,0.090123577,0.006709759,8910,1867265,1949894,82629,0.04425135157570029,2066281,2690923,624642,0.3023025425873828,2412,2484,72,0.029850746268656716,2597,2881,284,0.10935695032730074,518,560,42,0.08108108108108109
COL,0021,stable_priority,True,True,True,1,True,2622546498000203086905,2622546498000203086905,2826566041126760467115,3125177209397472429845,0.1224163338556828,0.1224163338556828,0.21532499914400519,0.0,0.07779444264653856,0.07779444264653856,0.1056445042945736,0.041695478,0.082779996,0.002248965,5630,1857748,1954520,96772,0.0520910263394174,2285283,3314420,1029137,0.45033240959653575,2308,2406,98,0.04246100519930676,2449,2555,106,0.04328297264189465,484,493,9,0.01859504132231405
COL,0021,balanced,True,True,True,1,True,3248754871580383699300,3248754871580383699300,3510869269254222617380,3955656930322713335620,0.13795346978167938,0.13795346978167938,0.2573180094112112,0.0,0.08068149430625746,0.08068149430625746,0.12668875624724482,0.04092941,0.085930394,0.00242258,6275,1857748,1946855,89107,0.047965063076369885,2285283,3228273,942990,0.4126359842522786,2308,2400,92,0.03986135181975736,2449,2579,130,0.053082890975908535,484,499,15,0.030991735537190084
COL,0021,time_shortest,True,True,True,1,True,1441608476747950295400,1441608476747950295400,1879273137678065236800,3637523599340938830600,0.0,0.0,0.19930855087573246,0.0,0.3035946777431692,0.3035946777431692,0.9356013377785407,0.040929775,0.095245571,0.003819464,13560,1902305,1981591,79286,0.041678910584790556,2037707,2656344,618637,0.3035946777431692,2618,2676,58,0.02215431627196333,3193,3573,380,0.11901033510804886,599,660,61,0.1018363939899833
COL,0022,time_priority,True,True,True,0,True,2593102066354903975187090,2585020404984648699933870,2706823639281588513203630,,0.18196134995318292,0.17776578851322838,0.24099943932651974,0.0031263433567764306,0.04711886763526849,0.04385541718631297,,0.056021931,0.101870123,0.007934943,10761,3825168,3750322,-74846,-0.01956672229821017,4757671,5276802,519131,0.10911452263092593,11993,12431,438,0.036521304094054866,4811,4537,-274,-0.05695281646227396,921,873,-48,-0.05211726384364821
COL,0022,stable_priority,True,True,True,0,True,2441070032999275132757115,2440696403769202773429595,2481137172153143236067035,,0.2102400203340014,0.21004605224764963,0.2310407117193114,0.00015308304199381713,0.016569356320387574,0.01641376060998902,,0.051255575,0.098519513,0.001775079,2400,3677602,3557024,-120578,-0.03278712595870896,5189890,5846153,656263,0.12645027158571762,8283,9077,794,0.09585898828926717,5045,4835,-210,-0.04162537165510406,926,890,-36,-0.038876889848812095
COL,0022,balanced,True,True,True,0,True,2882285585989352625104580,2864181510460179331418140,2896093155348470134418620,,0.21940151447974085,0.2100028577288178,0.22656965762860198,0.006320854828179017,0.011141627991015016,0.004790493151072684,,0.05034967,0.09566176,0.001500672,1380,3677602,3560546,-117056,-0.03182943668183778,5189890,5890729,700839,0.13503927828913523,8283,9167,884,0.10672461668477605,5045,4785,-260,-0.05153617443012884,926,882,-44,-0.047516198704103674
COL,0022,time_shortest,True,True,True,0,True,2025535951646716370043000,2025535951646716370043000,2355746014021711893582000,,0.0,0.0,0.1714272030605695,0.0,0.16302355043688163,0.16302355043688163,,0.050143425,0.105372691,0.006232421,20155,4253751,4372456,118705,0.02790595876439406,4413209,5132666,719457,0.16302355043688163,13905,14667,762,0.05480043149946062,5321,5595,274,0.05149408006013907,1060,1101,41,0.038679245283018866
COL,0023,time_priority,True,True,True,4,True,88312664394093976077230,87830962207040783839970,89837712668074048634010,107786675768197811639150,0.20095012954667435,0.19456248169233528,0.2211731461674741,0.005484423430517508,0.022847870621100833,0.01726873811863004,0.19979318892991307,0.056307265,0.099371377,0.00699125,5415,4105441,4166708,61267,0.014923366332630283,5468629,5829758,361129,0.06603647824710727,8627,8653,26,0.003013793902863104,6263,6077,-186,-0.02969822768641226,1149,1121,-28,-0.024369016536118365
COL,0023,stable_priority,True,True,True,4,True,107426619565776836433395,107090312925944608379795,109276048801130709149065,115558248115371165922285,0.27443718915888815,0.26997756982548643,0.29896168376255405,0.003140402064795457,0.020410210928205868,0.017215744503823613,0.05748926121654806,0.050684709,0.093791587,0.002473034,5379,4332549,4423994,91445,0.02110651258647046,7120619,7663517,542898,0.07624309066388751,8661,8743,82,0.009467728899665165,4907,4951,44,0.008966782147951905,914,920,6,0.006564551422319475
COL,0023,balanced,True,True,True,4,True,117668733324840762341220,117622670739665203747820,117622670739665203747820,124219396778032105018300,0.29092407294644446,0.29031325659295865,0.29031325659295865,0.0003916131548951913,0.0,-0.0003914598540667254,0.056083797425136396,0.050135374,0.090899285,0.001393884,800,4332549,4356504,23955,0.0055290776861381145,7120619,8177234,1056615,0.14838808255293537,8661,10627,1966,0.22699457337489898,4907,4259,-648,-0.13205624617892806,914,799,-115,-0.12582056892778992
COL,0023,time_shortest,True,True,True,4,True,50587713396457280550000,50587713396457280550000,52134714272366445174000,91353954758363518260000,0.0,0.0,0.020514120739440672,0.0,0.030580565359522714,0.030580565359522714,0.7522672950906512,0.05075158,0.103632204,0.002324022,5049,4100182,4131645,31463,0.007673561807744144,5376225,5540633,164408,0.030580565359522714,8707,8813,106,0.012174112782818422,6495,6709,214,0.03294842186297152,1185,1224,39,0.03291139240506329
COL,0024,time_priority,True,True,True,2,True,326872561707537880110,326872561707537880110,364377395604684033030,420094345313495891070,0.0647036868074756,0.0647036868074756,0.1694247708511957,0.0,0.11473839743913039,0.11473839743913039,0.1529100058919671,0.057166068,0.103235026,0.00642413,1575,1431684,1438594,6910,0.0048264840565376155,1485098,1788489,303391,0.2042902219247484,6964,7590,626,0.08989086731763354,1355,1559,204,0.15055350553505534,278,310,32,0.11510791366906475
COL,0024,stable_priority,True,True,True,2,True,387338121726205158735,387256448616538762815,424050691707086951685,453187514972756144745,0.16839052521790174,0.16816247737199094,0.27089944812027517,0.0002109018712488081,0.09501260268742959,0.0947817111759336,0.06871070802496286,0.050252172,0.090675771,0.001537592,1427,1432249,1439656,7407,0.005171586784141585,1577381,1885744,308363,0.19549049975877736,6934,7562,628,0.0905682145947505,1289,1489,200,0.1551590380139643,264,296,32,0.12121212121212122
COL,0024,balanced,True,True,True,2,True,449920932613786947820,449920932613786947820,484303653869344620660,511002505972157583140,0.11519283963248925,0.11519283963248925,0.21119635352964145,0.0,0.07641947454147877,0.07641947454147877,0.05512833093350102,0.05037611,0.096882674,0.001417005,1311,1432249,1439159,6910,0.004824580083491069,1577381,1880772,303391,0.19233843947657542,6934,7560,626,0.09027978079030863,1289,1493,204,0.1582622187742436,264,296,32,0.12121212121212122
COL,0024,time_shortest,True,True,True,2,True,198733394226694481000,198733394226694481000,239146219425259377000,329186184654834199000,0.0,0.0,0.11284078408850422,0.0,0.20335195982445772,0.20335195982445772,0.3765059110947606,0.050192143,0.109319948,0.001600184,2456,1431280,1437082,5802,0.004053714157956514,1484087,1785879,301792,0.20335195982445772,6976,7644,668,0.09575688073394495,1373,1585,212,0.15440640932265112,279,314,35,0.12544802867383512
COL,0025,time_priority,True,True,True,8,True,249261712204812837324100,246977680527840033070380,248232987227017028832060,257999771973256277143200,0.2840530374434726,0.269470538351563,0.2774850983006957,0.009247927473006378,0.005082672638653653,-0.004127087825468069,0.03934523310275121,0.055605375,0.100042616,0.005698285,1441,3929400,3917052,-12348,-0.0031424644983967017,5088111,5167533,79422,0.015609329277604203,4384,4666,282,0.06432481751824817,4104,3854,-250,-0.060916179337231965,741,690,-51,-0.06882591093117409
COL,0025,stable_priority,True,True,False,8,True,323657716004795880155000,319752686773480837560510,319752686773480837560510,323657716004795880155000,0.32411993426993624,0.2991881061374098,0.2991881061374098,0.012212654945043333,0.0,-0.012065305531777214,0.012212654945043333,0.050127629,0.095263239,0.00135971,559,4086865,4074862,-12003,-0.002936970024701085,6987693,7654699,667006,0.09545439388937092,3994,3730,-264,-0.06609914872308463,2954,3018,64,0.021665538253215978,545,558,13,0.023853211009174313
COL,0025,balanced,True,True,False,8,True,322785589239601672388400,321819361556444684313560,321819361556444684313560,322785589239601672388400,0.3142675698005107,0.3080986473401667,0.3080986473401667,0.0030023913989634804,0.0,-0.002993404028454825,0.0030023913989634804,0.050201644,0.103907375,0.001565469,555,4086865,4037111,-49754,-0.012174123686493192,6987693,7143287,155594,0.022266862611165086,3994,3874,-120,-0.030045067601402103,2954,2994,40,0.013540961408259987,545,554,9,0.01651376146788991
COL,0025,time_shortest,True,True,True,8,True,135979548006851872708000,135979548006851872708000,136655273546758604176000,193213954706910881898000,0.0,0.0,0.004314198954162475,0.0,0.00496931744377237,0.00496931744377237,0.4138785111779817,0.050316091,0.103089476,0.001668613,2121,3862631,3887069,24438,0.006326775713237946,4917778,4942216,24438,0.00496931744377237,4988,5100,112,0.022453889334402566,4150,4436,286,0.06891566265060241,740,792,52,0.07027027027027027
COL,0026,time_priority,True,True,True,8,True,52954897401450680228280,52877423493199819614840,56449895088692513001340,67973413945040109776800,0.18972204994157088,0.18833989114709168,0.2520739036064727,0.0014651604244829359,0.06756137798491871,0.0659995176790974,0.20413711731867992,0.056144215,0.097408039,0.008005421,9697,3524220,3602815,78595,0.02230138867607584,3964546,4678241,713695,0.18001935152221718,6070,6124,54,0.008896210873146623,4779,4993,214,0.044779242519355514,940,962,22,0.023404255319148935
COL,0026,stable_priority,True,True,False,8,True,87223432034432381881625,84576078102056021884735,84576078102056021884735,87223432034432381881625,0.29084039384754967,0.24361077032210454,0.24361077032210454,0.03130145062037351,0.0,-0.030351407536122733,0.03130145062037351,0.050255967,0.093320061,0.001309413,640,4550465,4675753,125288,0.02753301036267722,9879792,10348994,469202,0.047491080783886946,5390,5034,-356,-0.06604823747680891,3527,3463,-64,-0.01814573291749362,641,639,-2,-0.0031201248049922
COL,0026,balanced,True,True,True,8,True,79097104029720458886660,78228439547919202297060,78228439547919202297060,79788509761788185496940,0.3192571033008145,0.30375985680738016,0.30375985680738016,0.011104203111058504,0.0,-0.010982253932771786,0.019942494352240717,0.050107624,0.087827069,0.001311559,716,3564892,3924886,359994,0.10098314338835511,4416142,8087902,3671760,0.8314406556673223,5840,5548,-292,-0.05,4581,3845,-736,-0.16066361056537873,883,715,-168,-0.19026047565118911
COL,0026,time_shortest,True,True,True,8,True,23439039446184752048400,23439039446184752048400,27679673328670972047600,56070417190301673490800,0.0,0.0,0.07565423698345057,0.0,0.1809218288241962,0.1809218288241962,1.0256892675183125,0.049878621,0.09405229,0.006859039,24154,3324552,3409632,85080,0.02559141803166261,3759071,4439169,680098,0.1809218288241962,6356,6402,46,0.00723725613593455,5385,5843,458,0.08505106778087279,1041,1108,67,0.0643611911623439
COL,0027,time_priority,True,True,True,2,True,139168340894835655540,139028089990661909700,171313082415709096420,185860327460461374340,0.12270366206110339,0.12088587899000508,0.539329617563593,0.0010087954468997312,0.23221920424293876,0.2309773998467369,0.08491613623209386,0.055786555,0.103247401,0.007453507,10929,2595958,2778582,182624,0.07034936620700336,3346581,5072297,1725716,0.5156653910364041,13178,15908,2730,0.20716345424191834,2836,2762,-74,-0.02609308885754584,559,529,-30,-0.05366726296958855
COL,0027,stable_priority,True,True,True,2,True,149972635356066802560,149972288688475796220,168456490287068598690,178078044664858854720,0.12309671181034199,0.12309221867368848,0.3626647829051871,2.31154431287264e-06,0.1232507802624017,0.12324818382445044,0.05711596128706028,0.050370288,0.094934712,0.001781135,3797,2477134,2663799,186665,0.07535522906713969,3843491,5558804,1715313,0.44629036467107636,10160,12920,2760,0.27165354330708663,2758,2714,-44,-0.01595358955765047,545,525,-20,-0.03669724770642202
COL,0027,balanced,True,True,True,2,True,180339509042721010520,180339509042721010520,199614871393011277220,209542430301368506680,0.12217597144478354,0.12217597144478354,0.37200271998564993,0.0,0.10688374639926565,0.10688374639926565,0.049733563632197414,0.050200049,0.09537595,0.001688281,3449,2477134,2658271,181137,0.07312361785837988,3843491,5548618,1705127,0.4436401698351837,10160,12914,2754,0.2710629921259842,2758,2726,-32,-0.011602610587382161,545,525,-20,-0.03669724770642202
COL,0027,time_shortest,True,True,True,2,True,88489267810240963600,88489267810240963600,125860290347460337600,162178224619554242000,0.0,0.0,0.48436345218591237,0.0,0.42232265518750717,0.42232265518750717,0.28855752812766927,0.050509197,0.108603826,0.020874787,76216,2599131,2930752,331621,0.1275891826922152,3328699,4734484,1405785,0.42232265518750717,13204,15136,1932,0.14631929718267192,2910,3606,696,0.23917525773195877,569,690,121,0.2126537785588752
COL,0028,time_priority,True,True,True,2034,True,4908101636815686217028690,4903775066876690763635750,4936262477418674983377690,5034659675548327203043610,0.2344913916420226,0.23329323742065836,0.24228995505862844,0.0008822937186128175,0.00662497975517382,0.005737623767151481,0.019933542549606716,0.05549803,0.093317426,0.006918896,6800,6575351,6385001,-190350,-0.028949024926578065,8109976,8689011,579035,0.07139786850170704,12169,12397,228,0.018736132796449995,9494,8914,-580,-0.06109121550452918,1748,1662,-86,-0.04919908466819222
COL,0028,stable_priority,True,True,True,2034,True,5374236371654935210493145,5316454527113178017014065,5337976141375740879675315,5806521213450706450791555,0.26338161904840385,0.2473801301248264,0.25334009687512693,0.010868492196646812,0.004048114049091481,-0.006747047909995147,0.0877757898622246,0.049648858,0.085471672,0.001588058,2714,6303603,6710463,406860,0.06454403933750269,11227838,12777485,1549647,0.13801828989695078,12223,11733,-490,-0.04008835801358095,6612,6150,-462,-0.06987295825771325,1254,1168,-86,-0.0685805422647528
COL,0028,balanced,True,True,True,2034,True,6084848081178294214470780,6082601900413431066980180,6104851010018338337388300,6389400722878736740978180,0.28080851561358133,0.2801864822237795,0.28634791378979846,0.00036927959475869626,0.0036578276811762103,0.0032873341409980898,0.04661042708387795,0.049523848,0.083740605,0.001504012,2711,6303603,6302842,-761,-0.00012072460781556199,11227838,11246733,18895,0.0016828707361114402,12223,12259,36,0.002945267119365131,6612,6674,62,0.009376890502117362,1254,1263,9,0.007177033492822967
COL,0028,time_shortest,True,True,True,2034,True,3051852407854526471654400,3051852407854526471654400,3234885562377636674380800,3434405132787101084851200,0.0,0.0,0.050687253374759045,0.0,0.05997444504591354,0.05997444504591354,0.061677474075100755,0.049385456,0.098858426,0.009126387,31000,6564271,6545362,-18909,-0.002880594052256526,8093147,8578529,485382,0.05997444504591354,12205,13519,1314,0.10766079475624744,9590,9528,-62,-0.0064650677789363925,1762,1739,-23,-0.013053348467650397
COL,0029,time_priority,True,True,True,10,True,80780903641112600280,80301131956133322240,83006597695560460300,86862538794192232700,0.17604349304876138,0.16927133793857485,0.20745998934572785,0.005974656562019155,0.03369150189445738,0.027552230219359868,0.04645342907287964,0.057807127,0.102267306,0.006215249,1027,847204,861955,14751,0.017411390881062885,1279687,1325107,45420,0.03549305416090028,665,609,-56,-0.08421052631578947,1716,1802,86,0.05011655011655012,276,288,12,0.043478260869565216
COL,0029,stable_priority,True,True,True,10,True,103991555959211893510,103937149369792871860,107069160011997146400,112116420888687227510,0.2334540257745223,0.2326860566048166,0.2768955473684876,0.0005234566249787275,0.030133697731703685,0.029594749539014174,0.047140193087575666,0.050345582,0.091565067,0.001409982,1014,866975,939702,72727,0.08388592519968857,1348291,1827581,479290,0.35547964052270614,533,625,92,0.1726078799249531,1730,1632,-98,-0.056647398843930635,272,255,-17,-0.0625
COL,0029,balanced,True,True,True,10,True,112495218703221717560,112157895427835224360,115348664965978151440,119182619794296849400,0.22980576174504572,0.2250443187197197,0.27008321307234373,0.003007574937990292,0.0284489070160552,0.025365044805008365,0.03323796447448711,0.050066535,0.096858891,0.001388475,928,866975,869342,2367,0.0027301825312148562,1348291,1443821,95530,0.0708526571786061,533,577,44,0.0825515947467167,1730,1756,26,0.015028901734104046,272,278,6,0.022058823529411766
COL,0029,time_shortest,True,True,True,10,True,40403604921013824000,40403604921013824000,41885241640213632000,54531941065481664000,0.0,0.0,0.020913851303672404,0.0,0.03667090404671322,0.03667090404671322,0.30193688588216366,0.050158935,0.106345933,0.001512247,1334,894396,901928,7532,0.008421325676769575,1091083,1131094,40011,0.03667090404671322,893,909,16,0.01791713325867861,1798,1872,74,0.041156840934371525,326,340,14,0.04294478527607362
COL,0030,time_priority,True,True,False,845,True,1775154720370171503430,1769160735435037753580,1769160735435037753580,1775154720370171503430,0.19537875670165278,0.18945922102482493,0.18945922102482493,0.003388038641757344,0.0,-0.003376598595238971,0.003388038641757344,0.05546403,0.093443295,0.005638878,1197,5222882,5223833,951,0.00018208337848720304,8425405,8492672,67267,0.007983829857437121,12362,12372,10,0.0008089305937550558,6622,6350,-272,-0.04107520386590154,1235,1196,-39,-0.031578947368421054
COL,0030,stable_priority,True,True,False,845,True,1808838849063079296905,1801960278772744147210,1801960278772744147210,1808838849063079296905,0.2977662216314449,0.29097308773473807,0.29097308773473807,0.0038172707641590843,0.0,-0.0038027546201244125,0.0038172707641590843,0.04971574,0.084602398,0.00130786,1063,5276721,5296528,19807,0.0037536568637985598,9515139,9473893,-41246,-0.0043347764021103635,12872,12404,-468,-0.036357986326911125,5408,5548,140,0.025887573964497042,1041,1062,21,0.020172910662824207
COL,0030,balanced,True,True,False,845,True,2015131579476094999660,2011471546471005163840,2011471546471005163840,2015131579476094999660,0.30077579240812324,0.2971612194343069,0.2971612194343069,0.0018195798053972593,0.0,-0.001816274948180501,0.0018195798053972593,0.049479017,0.084351874,0.001288669,1063,5276721,5223444,-53277,-0.010096611134073603,9515139,9262178,-252961,-0.026585108215444884,12872,12828,-44,-0.003418272218769422,5408,5546,138,0.02551775147928994,1041,1062,21,0.020172910662824207
COL,0030,time_shortest,True,True,True,845,True,1444064451441612000000,1444064451441612000000,1452901201000392000000,1452901201000392000000,0.0,0.0,0.008726991283174413,0.0,0.006119359527172252,0.006119359527172252,0.0,0.050432946,0.110770718,0.001830532,1539,5786750,5490404,-296346,-0.05121112887199205,8277010,8327660,50650,0.006119359527172252,12368,16856,4488,0.3628719275549806,7662,7538,-124,-0.0161837640302793,1436,1423,-13,-0.009052924791086351
NY,0001,time_priority,True,True,True,0,True,8291843469153581480,8277917418396885060,8534276415578435360,,0.16155179392630947,0.15799814380450916,0.2234158417201053,0.001682313322641646,0.03096902085684218,0.02923752086333114,,0.039425979,0.072228879,0.003844865,954,720728,694193,-26535,-0.03681694064889945,826108,970197,144089,0.17441908321914326,1268,1056,-212,-0.167192429022082,2156,2302,146,0.06771799628942486,403,399,-4,-0.009925558312655087
NY,0001,stable_priority,True,True,True,0,True,9741504550701891850,9614448602289657250,9658944444040397800,,0.24400731436943746,0.21158517298570875,0.22293962344834928,0.013215105064057084,0.004628018058169657,-0.008475087829789646,,0.035284456,0.065570765,0.001519575,472,689486,699320,9834,0.014262798664512405,949413,1064206,114793,0.12090944615251739,1056,1004,-52,-0.04924242424242424,2342,2300,-42,-0.017933390264730998,406,395,-11,-0.027093596059113302
NY,0001,balanced,True,True,True,0,True,11526853008111032920,11443442338215794200,11512094676818461120,,0.23513069109210166,0.21384595341511664,0.2313646595938897,0.007288949201647632,0.005999273345695982,-0.0012803434972396101,,0.036029797,0.067098388,0.001781211,495,689486,693540,4054,0.005879742300786383,949413,990756,41343,0.043545854122494634,1056,1044,-12,-0.011363636363636364,2342,2282,-60,-0.025619128949615714,406,397,-9,-0.022167487684729065
NY,0001,time_shortest,True,True,True,0,True,4712085577513644000,4712085577513644000,5066683552714575000,,0.0,0.0,0.09048632378113391,0.0,0.07525287250577406,0.07525287250577406,,0.036556791,0.076548901,0.00101512,915,720728,742197,21469,0.02978793664183992,826108,888275,62167,0.07525287250577406,1268,1304,36,0.028391167192429023,2156,2272,116,0.05380333951762523,403,422,19,0.04714640198511166
NY,0002,time_priority,True,True,True,0,True,50127253910594270,50127253910594270,51640217041700770,,0.08839609838297866,0.08839609838297866,0.1464617371934672,0.0,0.030182445936595362,0.030182445936595362,,0.040306867,0.072848105,0.003195824,488,310156,313148,2992,0.009646758405447582,361648,382835,21187,0.05858459054107862,579,573,-6,-0.010362694300518135,1032,1064,32,0.031007751937984496,182,187,5,0.027472527472527472
NY,0002,stable_priority,True,True,True,0,True,57470246202419265,57340092705010485,57996268150558435,,0.09809552842051619,0.0931003994480521,0.118283595015834,0.0022698515343943094,0.01144357141038616,0.009152944051891439,,0.035529965,0.065931759,0.001342078,284,310698,312497,1799,0.005790188543215598,390718,431114,40396,0.10338914511233166,555,545,-10,-0.018018018018018018,1006,1018,12,0.011928429423459244,176,179,3,0.017045454545454544
NY,0002,balanced,True,True,True,0,True,66605274715808220,66561091714638220,67574744031740180,,0.1175710753489594,0.11587538684554932,0.15477809908891466,0.0006637962213634066,0.015228901614890971,0.014555443545102057,,0.035156648,0.066884642,0.000827684,313,310698,312497,1799,0.005790188543215598,390718,431114,40396,0.10338914511233166,555,545,-10,-0.018018018018018018,1006,1018,12,0.011928429423459244,176,179,3,0.017045454545454544
NY,0002,time_shortest,True,True,True,0,True,32106162623040000,32106162623040000,33831816258240000,,0.0,0.0,0.06622843520334033,0.0,0.05374836150495412,0.05374836150495412,,0.035256681,0.078233614,0.000930609,580,306768,316328,9560,0.0311636155009649,349406,368186,18780,0.05374836150495412,613,625,12,0.01957585644371941,1184,1224,40,0.033783783783783786,205,211,6,0.02926829268292683
NY,0003,time_priority,True,True,True,0,True,17837370998196987754150,17823970557097740194860,18505658607612296713660,,0.08501763569246591,0.08414867698563527,0.12835309999304556,0.0007518213215355278,0.03824557768039509,0.03746558893027789,,0.039398949,0.067396385,0.004704042,3638,1437565,1474984,37419,0.026029431712652994,1629427,1702742,73315,0.044994344637716205,3085,3147,62,0.020097244732576985,3613,3879,266,0.07362302795460836,664,691,27,0.04066265060240964
NY,0003,stable_priority,True,True,True,0,True,20291589146500288468080,20258898839828184598290,20466148086916313700840,,0.20158724781799073,0.199467427552277,0.21290661484525614,0.0016136270253660596,0.01023003514291139,0.008602526847737383,,0.035250547,0.063086416,0.00126841,1020,1449909,1482524,32615,0.022494515173021205,1655441,1962057,306616,0.1852171113316633,3001,2673,-328,-0.109296901032989,3511,4015,504,0.14354884648248362,646,701,55,0.08513931888544891
NY,0003,balanced,True,True,True,0,True,23035340748389807650460,23027237510669190736100,23649465651298913577120,,0.15722733680589157,0.15670187806026536,0.19705059169071398,0.000351897952017147,0.027021397609740483,0.02666011801679269,,0.036615125,0.062166537,0.002578526,5788,1449909,1472672,22763,0.015699605975271553,1655441,1803507,148066,0.08944202783427498,3001,3037,36,0.011996001332889037,3511,3693,182,0.05183708345200797,646,657,11,0.017027863777089782
NY,0003,time_shortest,True,True,True,0,True,12441886715287831032000,12441886715287831032000,12970698645045496698000,,0.0,0.0,0.034291089915289084,0.0,0.042502551410301286,0.042502551410301286,,0.035319877,0.071671929,0.001284663,1952,1444750,1479151,34401,0.023811039972313548,1622632,1691598,68966,0.042502551410301286,3141,3195,54,0.017191977077363897,3613,3937,324,0.08967616938831996,662,699,37,0.055891238670694864
NY,0004,time_priority,True,True,True,0,True,328438453987870,328438453987870,343714693826070,,0.19091349452937365,0.19091349452937365,0.2975678106612334,0.0,0.04651172739585538,0.04651172739585538,,0.040010974,0.073594902,0.003620196,1024,469899,432691,-37208,-0.07918297336236085,560760,638083,77323,0.1378896497610386,900,650,-250,-0.2777777777777778,1072,1156,84,0.07835820895522388,198,209,11,0.05555555555555555
NY,0004,stable_priority,True,True,True,0,True,297829446490050,297829446490050,309346634550910,,0.24272732089470456,0.24272732089470456,0.3231370178753315,0.0,0.03867041421387717,0.03867041421387717,,0.035201497,0.066391717,0.001456762,847,429209,437995,8786,0.020470213811919134,630866,651346,20480,0.032463312335741665,616,640,24,0.03896103896103896,1072,1124,52,0.048507462686567165,194,204,10,0.05154639175257732
NY,0004,balanced,True,True,True,0,True,352332177939220,352332177939220,364793374801500,,0.22734783378728282,0.22734783378728282,0.31434832890961856,0.0,0.03536775135091309,0.03536775135091309,,0.035392132,0.067420646,0.001000905,870,429209,437995,8786,0.020470213811919134,630866,651346,20480,0.032463312335741665,616,640,24,0.03896103896103896,1072,1124,52,0.048507462686567165,194,204,10,0.05154639175257732
NY,0004,time_shortest,True,True,True,0,True,282418474752000,282418474752000,297450978201600,,0.0,0.0,0.1049526187169254,0.0,0.05322776232256224,0.05322776232256224,,0.035450932,0.078819763,0.001361249,418,469899,465985,-3914,-0.008329449520003234,560760,590608,29848,0.05322776232256224,900,896,-4,-0.0044444444444444444,1072,1244,172,0.16044776119402984,198,229,31,0.15656565656565657
NY,0005,time_priority,True,True,False,52,False,290701916544902700,290701916544902700,290701916544902700,290701916544902700,0.19233756920009817,0.19233756920009817,0.19233756920009817,0.0,0.0,0.0,0.0,0.03862165,0.063799626,0.003126075,0,259318,259318,0,0.0,321339,321339,0,0.0,546,546,0,0.0,958,958,0,0.0,172,172,0,0.0
NY,0005,stable_priority,True,True,False,52,False,375973812539133150,373591644500581860,375973812539133150,375973812539133150,0.37913695654335705,0.3646219435611814,0.37913695654335705,0.006376395386828786,0.006376395386828786,0.0,0.0,0.034703712,0.057046234,0.001069369,72,259855,259855,0,0.0,327395,327395,0,0.0,546,546,0,0.0,946,946,0,0.0,169,169,0,0.0
NY,0005,balanced,True,True,False,52,True,402862001506711900,402286954725134480,402286954725134480,402862001506711900,0.349597898880044,0.346094027043601,0.346094027043601,0.0014294442681352293,0.0,-0.0014274038738494412,0.0014294442681352293,0.034512257,0.055536118,0.00060239,173,259855,247374,-12481,-0.048030632468107216,327395,356119,28724,0.08773499900731532,546,528,-18,-0.03296703296703297,946,994,48,0.0507399577167019,169,172,3,0.01775147928994083
NY,0005,time_shortest,True,True,True,52,True,172785041770495600,172785041770495600,174748276741000000,174748276741000000,0.0,0.0,0.01196237235273404,0.0,0.011362297050644564,0.011362297050644564,0.0,0.034371968,0.069085768,0.000724542,58,284352,257782,-26570,-0.09344052442043664,313933,317500,3567,0.011362297050644564,634,562,-72,-0.11356466876971609,1104,990,-114,-0.10326086956521739,195,176,-19,-0.09743589743589744
NY,0006,time_priority,True,True,False,14,False,5535466487010670020,5535466487010670020,5535466487010670020,5535466487010670020,0.1663936532253418,0.1663936532253418,0.1663936532253418,0.0,0.0,0.0,0.0,0.039292825,0.074009171,0.003013394,0,334587,334587,0,0.0,422107,422107,0,0.0,524,524,0,0.0,1234,1234,0,0.0,207,207,0,0.0
NY,0006,stable_priority,True,True,False,14,True,6073623854503388550,6050017563674402400,6050017563674402400,6073623854503388550,0.21431592812908554,0.20797456332563263,0.20797456332563263,0.00390185492530193,0.0,-0.003886689626240663,0.00390185492530193,0.035250065,0.069443779,0.001400305,188,358880,363314,4434,0.01235510477039679,495714,558013,62299,0.12567528857365334,494,470,-24,-0.048582995951417005,1054,1032,-22,-0.020872865275142316,191,187,-4,-0.020942408376963352
NY,0006,balanced,True,True,False,14,True,7113468446951157240,7098748339010489960,7098748339010489960,7113468446951157240,0.23889470943323365,0.234940442535727,0.234940442535727,0.0020736201986164718,0.0,-0.0020693291957984772,0.0020736201986164718,0.035246551,0.067633831,0.001081703,195,358880,351746,-7134,-0.019878510922871153,495714,497716,2002,0.004038619042431725,494,498,4,0.008097165991902834,1054,1066,12,0.011385199240986717,191,194,3,0.015706806282722512
NY,0006,time_shortest,True,True,True,14,True,3607941037950640000,3607941037950640000,3724294481162480000,3956945121964240000,0.0,0.0,0.031256059449971924,0.0,0.03224926405059279,0.03224926405059279,0.06246837944166589,0.035453532,0.074495428,0.001553616,1176,369483,372366,2883,0.007802794715859728,384877,397289,12412,0.03224926405059279,762,786,24,0.031496062992125984,1416,1264,-152,-0.10734463276836158,239,224,-15,-0.06276150627615062
NY,0007,time_priority,True,True,True,5,True,232759138079707949460,232039810623282522460,269260294045789091360,353990059591622038140,0.10314310431080814,0.10066795675208898,0.2287406277653286,0.003100017425859986,0.16040559299944507,0.1568194325998122,0.3146760492336988,0.039978041,0.070596768,0.008335828,18608,767749,925866,158117,0.20594881921044508,1081600,1274405,192805,0.17825906065088756,1473,1687,214,0.1452817379497624,2422,2432,10,0.004128819157720892,408,441,33,0.08088235294117647
NY,0007,stable_priority,True,True,True,5,True,321896252521757576250,316260451289494762470,343022566854906965215,377075543988045005250,0.2255394175269363,0.20614708162086498,0.2982333552869074,0.01782012644731219,0.0846204938249298,0.06563081790373257,0.09927328526913479,0.035330609,0.065346065,0.00380143,11912,757181,948563,191382,0.2527559460683773,1438324,1643097,204773,0.14236917412210323,1323,1357,34,0.025699168556311415,2766,2752,-14,-0.005061460592913955,447,476,29,0.06487695749440715
NY,0007,balanced,True,True,True,5,True,289862815417968556720,286873261449614467120,322378150753154852180,377790409616611899480,0.1798132546819486,0.16952644143669615,0.2916958919383574,0.010421166313121746,0.12376507006658184,0.11217491035647574,0.17188590087138458,0.035261708,0.064685674,0.004408147,14914,772339,887774,115435,0.1494615706315491,1218422,1429461,211039,0.1732068199687793,1465,1541,76,0.05187713310580205,2178,2442,264,0.12121212121212122,370,425,55,0.14864864864864866
NY,0007,time_shortest,True,True,True,5,True,167961890087686856700,167961890087686856700,189548082016640285400,330189709566632176800,0.0,0.0,0.07427633934689294,0.0,0.12851839139035678,0.12851839139035678,0.7419839127554193,0.035089456,0.070853539,0.006133486,19844,764549,916560,152011,0.19882440497600545,1045897,1180314,134417,0.12851839139035678,1591,1977,386,0.2426147077309868,2632,3506,874,0.33206686930091184,440,598,158,0.35909090909090907
NY,0008,time_priority,True,True,True,5,True,38731022800734980,38443202152737750,45759038377132800,53152188197829630,0.14895315854786553,0.14102833885056917,0.3424617086129708,0.007486906185746359,0.19030246739927334,0.1814570096058618,0.16156698398608427,0.039710135,0.068600521,0.008548246,16281,598984,672905,73921,0.12341064202048803,832717,1004741,172024,0.2065815877422942,1237,1289,52,0.04203718674211803,2272,3088,816,0.3591549295774648,378,512,134,0.3544973544973545
NY,0008,stable_priority,True,True,True,5,True,49813480707033890,49406931247690835,52024144999800015,53262516911135805,0.3103156400385834,0.2991217552851934,0.37118380934237605,0.008228591597905732,0.05297260295298147,0.04437883603773083,0.023803791707495633,0.036103797,0.066904094,0.003656315,7058,630197,669407,39210,0.062218639568261985,919428,1354260,434832,0.4729375220245631,1181,927,-254,-0.21507197290431837,2090,3128,1038,0.4966507177033493,350,481,131,0.3742857142857143
NY,0008,balanced,True,True,True,5,True,49193997284993880,48860093926962120,54604581020637020,57269370215499260,0.25491706149716853,0.2457234059094396,0.4038914344633106,0.006833866478662344,0.11757011974356767,0.10998463296849395,0.04880156838590376,0.036417428,0.067217788,0.004428344,11750,630197,665218,35021,0.055571511765368606,919428,1313587,394159,0.42870023536372615,1181,993,-188,-0.15918712955122777,2090,2956,866,0.4143540669856459,350,459,109,0.31142857142857144
NY,0008,time_shortest,True,True,True,5,True,26706726308416000,26706726308416000,32039780001152000,48960166694208000,0.0,0.0,0.14683966992993516,0.0,0.19968953256002075,0.19968953256002075,0.5281055828862627,0.035756166,0.07340014,0.005785765,17571,571668,754207,182539,0.319309459336538,793642,952124,158482,0.19968953256002075,1351,1691,340,0.25166543301258326,2616,3394,778,0.2974006116207951,432,569,137,0.31712962962962965
NY,0009,time_priority,True,True,True,15,True,10619158044435558490,10619158044435558490,11747789053233230590,12428946384557362850,0.14370764816025972,0.14370764816025972,0.3286843499688576,0.0,0.10628253238862709,0.10628253238862709,0.057981746883398785,0.039003157,0.061748109,0.007706855,16854,926434,846838,-79596,-0.08591653587843279,1284086,1448454,164368,0.12800388759008352,2298,2160,-138,-0.06005221932114883,1825,2731,906,0.4964383561643836,335,489,154,0.4597014925373134
NY,0009,stable_priority,True,True,True,15,True,12066127152393706265,12032379039516323825,13069704999385929655,13680315161158487525,0.2643806035483945,0.25884946488246974,0.42886174813661154,0.002804774747084351,0.08621121030702704,0.0831731535990926,0.046719506048625195,0.034876851,0.056495049,0.003634547,11843,911312,975674,64362,0.07062564741822779,1336146,1555552,219406,0.16420810300670735,2232,2346,114,0.051075268817204304,1721,1927,206,0.11969785008715862,317,354,37,0.1167192429022082
NY,0009,balanced,True,True,True,15,True,12152343706474887700,12146122297573967900,13241179942505668500,13588906062769037380,0.23799910643960967,0.2369794501567996,0.4164536537457507,0.0005122135895307465,0.09015697504959458,0.08959886770242008,0.0262609617702671,0.034832988,0.0566652,0.003925314,12581,911312,974931,63619,0.06981033937882965,1336146,1551341,215195,0.16105650131048552,2232,2364,132,0.05913978494623656,1721,1905,184,0.10691458454386985,317,351,34,0.10725552050473186
NY,0009,time_shortest,True,True,True,15,True,8784460658536332000,8784460658536332000,9927315308548176000,11174244457324872000,0.0,0.0,0.18730788198971768,0.0,0.13009958088904078,0.13009958088904078,0.125605877321434,0.03484209,0.064514462,0.007109221,23585,928535,860583,-67952,-0.07318194790718713,1278659,1445012,166353,0.13009958088904078,2326,2214,-112,-0.04815133276010318,1847,2789,942,0.5100162425554954,339,500,161,0.4749262536873156
NY,0010,time_priority,True,True,True,7,True,393808144107660,393808144107660,460387964312890,463065536923410,0.15615291940067944,0.15615291940067944,0.619334813037769,0.0,0.169066641209503,0.169066641209503,0.005815904884733827,0.039744216,0.071870314,0.003480829,120,75922,72888,-3034,-0.03996206633123469,110019,136245,26226,0.23837700760777683,116,126,10,0.08620689655172414,322,436,114,0.35403726708074534,54,69,15,0.2777777777777778
NY,0010,stable_priority,True,True,True,7,True,375865343139595,375865343139595,432272420364200,449098536241060,0.09380197977902537,0.09380197977902537,0.4862142266564024,0.0,0.15007256788678072,0.15007256788678072,0.03892479622614737,0.03620724,0.06886737,0.001587416,103,77049,74015,-3034,-0.03937753896870822,120278,146504,26226,0.2180448627346647,110,120,10,0.09090909090909091,292,406,114,0.3904109589041096,49,64,15,0.30612244897959184
NY,0010,balanced,True,True,True,7,True,440841804407940,440841804407940,492660194518400,505281996667120,0.1534391988451521,0.1534391988451521,0.5139289085290323,0.0,0.11754418385990686,0.11754418385990686,0.02561969140019206,0.036431208,0.071171038,0.001408345,96,77049,74015,-3034,-0.03937753896870822,120278,146504,26226,0.2180448627346647,110,120,10,0.09090909090909091,292,406,114,0.3904109589041096,49,64,15,0.30612244897959184
NY,0010,time_shortest,True,True,True,7,True,323938288200000,323938288200000,405279538500000,415412302350000,0.0,0.0,0.5658740775902991,0.0,0.25110106851518516,0.25110106851518516,0.02500191321649958,0.036482286,0.078214547,0.00082512,169,83727,80693,-3034,-0.03623681727519199,104444,130670,26226,0.25110106851518516,156,166,10,0.0641025641025641,400,514,114,0.285,65,80,15,0.23076923076923078
NY,0011,time_priority,True,True,True,104,True,23956172211239142090,23894401119871626370,24297071275042727210,24541113174841117890,0.2375571073519729,0.23332352168503673,0.2609211981983553,0.002585170101465493,0.016852071460214283,0.014230114093254465,0.010044087085058013,0.038674756,0.061878971,0.003764283,881,378214,390805,12591,0.03329067670683793,553522,596907,43385,0.07837990179252134,813,847,34,0.041820418204182044,1736,1502,-234,-0.1347926267281106,277,248,-29,-0.10469314079422383
NY,0011,stable_priority,True,True,False,104,True,25267500105713269735,25235775106068137045,25235775106068137045,25267500105713269735,0.33255722133689525,0.3303828951139362,0.3303828951139362,0.0012571438567585019,0.0,-0.0012555654303909277,0.0012571438567585019,0.034938097,0.059495135,0.000729958,218,414897,413803,-1094,-0.002636799012767024,738681,768063,29382,0.039776303979661046,735,723,-12,-0.0163265306122449,1298,1292,-6,-0.004622496147919877,218,217,-1,-0.0045871559633027525
NY,0011,balanced,True,True,False,104,True,29692282977551804340,29484393873004374100,29484393873004374100,29692282977551804340,0.34955352243962634,0.33530549291902384,0.33530549291902384,0.007050818322494718,0.0,-0.007001452353953389,0.007050818322494718,0.034785922,0.058155159,0.000730878,247,414897,361285,-53612,-0.12921761304612953,738681,704350,-34331,-0.04647608372220214,735,743,8,0.010884353741496598,1298,1544,246,0.18952234206471494,218,246,28,0.12844036697247707
NY,0011,time_shortest,True,True,True,104,True,16388039701608180000,16388039701608180000,17048050315377113200,18757626097680892000,0.0,0.0,0.04523493777782493,0.0,0.04027392084632096,0.04027392084632096,0.10027984142924334,0.034743154,0.06638746,0.001264048,1403,396120,392954,-3166,-0.007992527516914066,529350,550669,21319,0.04027392084632096,883,1059,176,0.19932049830124576,1826,1878,52,0.028477546549835708,297,299,2,0.006734006734006734
NY,0012,time_priority,True,True,True,16,True,29974977973801818200,29810461530939569180,30417709477394328200,31621214384131878820,0.1928548162607952,0.18506283111263672,0.2138238892640525,0.005518748600772293,0.02037029671025089,0.014770035994003335,0.03956592811933998,0.03967442,0.072865685,0.004084105,1683,493867,503734,9867,0.01997906318907722,722890,739198,16308,0.022559448878805902,1010,1016,6,0.005940594059405941,1840,1840,0,0.0,316,316,0,0.0
NY,0012,stable_priority,True,True,True,16,True,32646284742419895400,32219018816139072700,32564266300013588200,33964385054576710700,0.288699193832598,0.2684626162968075,0.2848145579020719,0.013261295408127005,0.010715642392609888,-0.002512336183226821,0.04299555659150651,0.035758676,0.066583699,0.000933223,338,502875,543874,40999,0.0815292070594084,743505,1086730,343225,0.46163105829819573,944,932,-12,-0.012711864406779662,1786,1524,-262,-0.14669652855543114,306,265,-41,-0.13398692810457516
NY,0012,balanced,True,True,True,16,True,37165817306154177640,37158299059053271320,37717949089250944320,38777138559506746520,0.27931411899732356,0.27895803258595187,0.30546471269401887,0.0002023302274670339,0.01506123919472895,0.014855903168994506,0.028081841559027276,0.035241076,0.066255689,0.001565944,1993,502875,502924,49,9.743972160079542e-05,743505,1043904,300399,0.40403090766033856,944,906,-38,-0.04025423728813559,1786,1678,-108,-0.060470324748040316,306,280,-26,-0.08496732026143791
NY,0012,time_shortest,True,True,True,16,True,20537751990462135000,20537751990462135000,21740124245873550000,24336687018876870000,0.0,0.0,0.056947904985814625,0.0,0.05854449191760639,0.05854449191760639,0.11943642748482307,0.035218381,0.073137149,0.00121769,1617,540883,550579,9696,0.017926242828855778,664469,703370,38901,0.05854449191760639,1030,1078,48,0.04660194174757282,2140,2220,80,0.037383177570093455,377,389,12,0.03183023872679045
NY,0013,time_priority,True,True,True,3,True,3028356323846167327550,3021160758581906284470,3226847551141508438550,4644783442622384089710,0.11483606398223238,0.11248549039849084,0.17967714572493018,0.0023817220728229466,0.068082041637582,0.06554421146955623,0.43941830811910404,0.039069584,0.069934767,0.005747096,9548,596354,643756,47402,0.07948634535862927,864165,945480,81315,0.0940966134939508,1469,1333,-136,-0.09257998638529612,2679,2909,230,0.085852930197835,445,482,37,0.08314606741573034
NY,0013,stable_priority,True,True,True,3,True,3553116169248981480045,3537681446643060752925,3576523284810772392365,4347789027638815099165,0.20271748764068417,0.19767543049889802,0.21036388448241744,0.004362948682269536,0.010979461761479126,0.006587770972525914,0.21564678359667075,0.037842661,0.076095961,0.001381566,1090,598545,640646,42101,0.07033890517839093,961223,1179986,218763,0.22758818713243442,1371,1133,-238,-0.17359591539022612,2481,2717,236,0.0951229343006852,413,442,29,0.07021791767554479
NY,0013,balanced,True,True,True,3,True,3672331665433842251660,3670952013843119671700,3825563312176928178020,4876268754810897329820,0.15220990979393648,0.15175921933879924,0.2022660551834402,0.000375829372195531,0.042117493704840324,0.04172598248284402,0.2746537847875971,0.035359337,0.072347841,0.003121983,7109,598545,630762,32217,0.053825526902739146,961223,1161261,200038,0.20810779600571355,1371,1193,-178,-0.12983223924142961,2481,2685,204,0.08222490931076179,413,431,18,0.043583535108958835
NY,0013,time_shortest,True,True,True,3,True,2147253988993621638600,2147253988993621638600,2381619916502726097000,4413298130433870849600,0.0,0.0,0.07656026148052193,0.0,0.10914681202615786,0.10914681202615786,0.8530656801504033,0.035226567,0.082126965,0.004858945,12076,651459,671984,20525,0.03150620376723631,817651,906895,89244,0.10914681202615786,1581,1651,70,0.044275774826059454,2873,3169,296,0.10302819352593108,487,533,46,0.0944558521560575
NY,0014,time_priority,True,True,True,10,True,35889643755597616020,35749445102797363060,42215361502867669840,45185499060889233080,0.1421506326890386,0.13764023273393738,0.3456584159194518,0.0039217015088517425,0.1808676017621419,0.17625468200094485,0.07035679554277424,0.038974791,0.064856559,0.008738088,21013,522641,627202,104561,0.20006275818391592,749977,885559,135582,0.18078154396734833,1274,1356,82,0.06436420722135008,2250,2808,558,0.248,372,463,91,0.2446236559139785
NY,0014,stable_priority,True,True,True,10,True,48253328844217840230,46886598195081169440,51455728797432603630,52134808873463875770,0.2818912530904742,0.23792148779405345,0.38491724026436774,0.029149708056236276,0.09745067414233471,0.06636640476252872,0.013197365811387652,0.03489637,0.05987389,0.004087999,13470,509829,685268,175439,0.34411341842068616,797817,1228127,430310,0.5393592766260934,1262,1004,-258,-0.20443740095087162,2150,2700,550,0.2558139534883721,350,444,94,0.26857142857142857
NY,0014,balanced,True,True,True,10,True,46141977262000206640,46106953530956092120,52702338589277230760,55490041620931093680,0.20184273172474065,0.20071596601213484,0.41289934920990295,0.0007596192843363567,0.1430453446440137,0.14217772441840607,0.052895243480164014,0.034847871,0.06007717,0.005194135,17943,509829,631069,121240,0.2378052248891295,797817,1100753,302936,0.3797061230833637,1262,1162,-100,-0.07923930269413629,2150,2508,358,0.16651162790697674,350,416,66,0.18857142857142858
NY,0014,time_shortest,True,True,True,10,True,23074217076713236200,23074217076713236200,28186645381704839200,34197554857015754600,0.0,0.0,0.1644744506221869,0.0,0.22156454054300825,0.22156454054300825,0.21325380845825762,0.034794754,0.067212255,0.00584562,19548,573614,660909,87295,0.15218422144508328,700947,856252,155305,0.22156454054300825,1480,1704,224,0.15135135135135136,2412,2954,542,0.22470978441127695,411,502,91,0.22141119221411193
NY,0015,time_priority,True,True,True,15,True,4002148414314411290600,3999085442379049502120,4403812085758913283450,4685069384738454756840,0.11374898546277107,0.11314540052109816,0.1929002636387239,0.0007659181028999549,0.10120480025030237,0.10036201306475263,0.06386678030360873,0.039487123,0.069498195,0.007155239,12399,699095,757200,58105,0.08311459815904848,822489,985220,162731,0.19785188616504293,1473,1363,-110,-0.0746775288526816,2551,3017,466,0.1826734613876911,427,508,81,0.18969555035128804
NY,0015,stable_priority,True,True,True,15,True,6123289813719790324785,6020518486121206349645,6020518486121206349645,6211580302065626226740,0.2968604945051409,0.27660852123104945,0.27660852123104945,0.017070178894973493,0.0,-0.016783678500455004,0.031735109921988434,0.035309058,0.064340839,0.000966886,499,759231,781172,21941,0.02889897804489016,907402,1248668,341266,0.3760913024216389,1403,1155,-248,-0.1767640769779045,2345,3049,704,0.3002132196162047,398,498,100,0.25125628140703515
NY,0015,balanced,True,True,True,15,True,5573874160899517953920,5537181758901017573340,5788329822599603378240,5942067401495004760480,0.20939992717297196,0.20216937404108765,0.25166025824694327,0.0066265482326848596,0.04535665879034319,0.038475153099882024,0.0265599203236757,0.035733355,0.062933367,0.003147132,8658,672286,765112,92826,0.13807516443894413,863768,1141660,277892,0.3217206472108251,1469,1261,-208,-0.1415929203539823,2533,2819,286,0.11290959336754836,427,471,44,0.10304449648711944
NY,0015,time_shortest,True,True,True,15,True,2338581741503692698000,2338581741503692698000,2705191583378899680000,3412752087591882126000,0.0,0.0,0.0722436198224015,0.0,0.15676588736191846,0.15676588736191846,0.26155652285787806,0.035082523,0.071347641,0.004880457,12780,719137,789683,70546,0.09809813707263011,806317,932720,126403,0.15676588736191846,1557,1881,324,0.20809248554913296,2611,3195,584,0.22366909230180007,448,557,109,0.24330357142857142
NY,0016,time_priority,True,True,True,0,True,26596487729379710,26596487729379710,30294994037289990,,0.12448762609312715,0.12448762609312715,0.39236500386336015,0.0,0.13905995203361904,0.13905995203361904,,0.039328996,0.072140806,0.003211577,458,90851,97281,6430,0.07077522536901079,113819,153764,39945,0.35095195002591834,204,214,10,0.049019607843137254,427,503,76,0.17798594847775176,73,82,9,0.1232876712328767
NY,0016,stable_priority,True,True,True,0,True,52757163314666435,52749403701964685,54876223977836965,,0.26897277047925616,0.26841075313224994,0.42245322083622844,0.00014710332548197106,0.04031932356788073,0.04016631164438353,,0.035393376,0.069496708,0.001034563,211,93061,107206,14145,0.1519970771859318,134183,200673,66490,0.49551731590439924,198,188,-10,-0.050505050505050504,431,553,122,0.28306264501160094,72,88,16,0.2222222222222222
NY,0016,balanced,True,True,True,0,True,43013227981478740,42991461247599380,46464082567081500,,0.1914581151407475,0.1898815825871178,0.44139844253198474,0.0005063036530440203,0.08077467521939671,0.0802277519624586,,0.035448244,0.066627202,0.001292825,353,91648,98419,6771,0.07388049930167598,116756,173546,56790,0.48639898591935316,204,200,-4,-0.0196078431372549,417,531,114,0.2733812949640288,71,85,14,0.19718309859154928
NY,0016,time_shortest,True,True,True,0,True,9385624823302000,9385624823302000,12411074036088000,,0.0,0.0,0.2191288412743163,0.0,0.32234925961184996,0.32234925961184996,,0.035320181,0.073461056,0.000945258,675,92714,97937,5223,0.05633453415881097,106093,140292,34199,0.32234925961184996,208,246,38,0.18269230769230768,445,515,70,0.15730337078651685,77,85,8,0.1038961038961039
NY,0017,time_priority,True,True,True,44,True,40041193301800790,40041193301800790,41632565056414330,41964795430384490,0.12552589791544863,0.12552589791544863,0.17412905988011437,0.0,0.03974336485476247,0.03974336485476247,0.007980060164920665,0.03897408,0.067550687,0.003021704,864,283322,286446,3124,0.011026323405877411,378624,397346,18722,0.04944747295469912,532,550,18,0.03383458646616541,1103,1165,62,0.056210335448776065,187,196,9,0.0481283422459893
NY,0017,stable_priority,True,True,True,44,True,44128480095556605,44128480095556605,45230997370143055,46190694720038575,0.24307857963033594,0.24307857963033594,0.2767513060126012,0.0,0.024984256702225847,0.024984256702225847,0.02121769153224588,0.034859744,0.057612717,0.001231784,729,285771,293542,7771,0.02719310216921941,389004,448785,59781,0.15367708301199987,518,522,4,0.007722007722007722,1089,1105,16,0.014692378328741965,184,182,-2,-0.010869565217391304
NY,0017,balanced,True,True,True,44,True,51591210043719780,51591210043719780,52998610816581860,53485892298992300,0.24060253127284223,0.24060253127284223,0.2835869109530152,0.0,0.02727985584500559,0.02727985584500559,0.0091942312242264,0.034598773,0.056261801,0.000798298,793,285771,285314,-457,-0.001599182562261391,389004,411798,22794,0.058595798500786625,518,516,-2,-0.003861003861003861,1089,1153,64,0.05876951331496786,184,193,9,0.04891304347826087
NY,0017,time_shortest,True,True,True,44,True,28149045229285200,28149045229285200,29447629185922200,30298993862425200,0.0,0.0,0.039660931637228884,0.0,0.04613243348253967,0.04613243348253967,0.028911144972920445,0.034491276,0.064409238,0.000846549,962,288267,290836,2569,0.008911876836405139,375766,393101,17335,0.04613243348253967,572,602,30,0.05244755244755245,1169,1235,66,0.05645851154833191,198,208,10,0.050505050505050504
NY,0018,time_priority,True,True,True,1,True,394719363135172470,391187560966559690,397792855655884230,527444500470925010,0.12571562538301545,0.10746357055573207,0.1415991747215987,0.009028411230373179,0.01688523702799739,0.007786525840282216,0.3259275348253051,0.039247019,0.066836694,0.002959401,552,259448,263126,3678,0.0141762511177577,444014,462796,18782,0.042300468003261156,576,600,24,0.041666666666666664,977,929,-48,-0.04912998976458546,167,159,-8,-0.04790419161676647
NY,0018,stable_priority,True,True,True,1,True,419969556499077215,419166804238512535,426138842363378775,515064855321404365,0.13762530791151456,0.1334767521394037,0.16950765535473056,0.0019151141083870308,0.016633087482994097,0.01468984065352155,0.20867849657834348,0.035433837,0.063604518,0.001360198,479,256631,257562,931,0.003627776846912493,484767,497165,12398,0.025575173227550554,506,558,52,0.10276679841897234,937,929,-8,-0.008537886872998933,156,155,-1,-0.00641025641025641
NY,0018,balanced,True,True,True,1,True,497753291386528220,495331307373805660,501127287876285180,590853012752476420,0.1421243298977075,0.12960772141270305,0.15956085832656172,0.004889624331568428,0.011701219802174825,0.00677845138976067,0.1790477729848591,0.035348971,0.063457903,0.000824506,381,256631,258599,1968,0.007668598103892359,484767,482018,-2749,-0.005670765543034076,506,590,84,0.16600790513833993,937,913,-24,-0.025613660618996798,156,155,-1,-0.00641025641025641
NY,0018,time_shortest,True,True,True,1,True,270534368671257600,270534368671257600,278423958421044800,464035988189373600,0.0,0.0,0.04077273239074137,0.0,0.02916298505264708,0.02916298505264708,0.6666525065620905,0.035071726,0.077132603,0.001044234,992,264174,265810,1636,0.006192888020774187,434592,447266,12674,0.02916298505264708,580,618,38,0.06551724137931035,1019,1053,34,0.033366045142296366,173,177,4,0.023121387283236993
NY,0019,time_priority,True,True,True,31,True,285990218559470010,285967104190926660,289977457179533390,299389321684553100,0.06779565139588449,0.06769256173168957,0.085578663275983,8.082876738129164e-05,0.014023826271742108,0.013941870600145217,0.032457228215476606,0.040325421,0.069954506,0.003289886,519,389685,390458,773,0.0019836534636950356,498285,500256,1971,0.00395556759685722,738,766,28,0.037940379403794036,1179,1233,54,0.04580152671755725,213,219,6,0.028169014084507043
NY,0019,stable_priority,True,True,True,31,True,290157677124368880,289059967342151880,293226679637375890,307786448630864580,0.1528322729269065,0.14793650722082619,0.16651996843482877,0.0037975157622489896,0.01441469856077301,0.010577016411981952,0.049653629783941534,0.035127623,0.067330392,0.001399783,763,388467,371386,-17081,-0.04397027289319299,504205,560954,56749,0.11255144236967107,748,706,-42,-0.05614973262032086,1165,1225,60,0.05150214592274678,209,214,5,0.023923444976076555
NY,0019,balanced,True,True,True,31,True,312860043373051560,312860043373051560,317263916816797060,327313305086968200,0.126638854459415,0.126638854459415,0.14628005009152686,0.0,0.01407617731003879,0.01407617731003879,0.03167516927547145,0.035376123,0.066376487,0.000983624,611,388467,372359,-16108,-0.041465555632782196,504205,538833,34628,0.06867841453377099,748,740,-8,-0.0106951871657754,1165,1223,58,0.04978540772532189,209,214,5,0.023923444976076555
NY,0019,time_shortest,True,True,True,31,True,257113110166731000,257113110166731000,258045523514824500,271465338282138000,0.0,0.0,0.00415854660989554,0.0,0.0036264714292042702,0.0036264714292042702,0.05200560964795246,0.035244371,0.07610428,0.000954363,313,384272,384997,725,0.0018866844318607653,496626,498427,1801,0.0036264714292042702,784,804,20,0.025510204081632654,1233,1277,44,0.035685320356853206,221,226,5,0.02262443438914027
NY,0020,time_priority,True,True,True,38,True,1229507389762736580,1229507389762736580,1262591291323085420,1326627205835010600,0.2679460855638627,0.2679460855638627,0.3121731785074583,0.0,0.02690825759634774,0.02690825759634774,0.050717849039510744,0.039278321,0.065218268,0.002917423,670,270225,258301,-11924,-0.04412619113701545,332154,366196,34042,0.10248860468336976,598,562,-36,-0.06020066889632107,1185,1253,68,0.05738396624472574,185,188,3,0.016216216216216217
NY,0020,stable_priority,True,True,False,38,True,1306623841046150340,1277327232414099090,1277327232414099090,1306623841046150340,0.38083901312356794,0.34167483442057056,0.34167483442057056,0.02293586787207362,0.0,-0.022421608814817643,0.02293586787207362,0.034885795,0.056617915,0.001076814,143,254535,229896,-24639,-0.09680004714479344,449099,569156,120057,0.26732858456598657,460,554,94,0.20434782608695654,1099,917,-182,-0.16560509554140126,175,142,-33,-0.18857142857142858
NY,0020,balanced,True,True,False,38,True,1587035739241308760,1547146197883046520,1547146197883046520,1587035739241308760,0.3803056156080029,0.3269806336704535,0.3269806336704535,0.025782658040231058,0.0,-0.025134620709506932,0.025782658040231058,0.034589735,0.055752156,0.000648911,143,240196,229896,-10300,-0.04288164665523156,533781,569156,35375,0.06627249752239214,570,554,-16,-0.028070175438596492,967,917,-50,-0.05170630816959669,148,142,-6,-0.04054054054054054
NY,0020,time_shortest,True,True,True,38,True,755593134172430400,755593134172430400,782852392330747200,1019785049477964000,0.0,0.0,0.036440615746065934,0.0,0.03607663559327167,0.03607663559327167,0.3026530409414846,0.034479444,0.064313724,0.000806696,754,272321,273810,1489,0.005467811883769522,330186,342098,11912,0.03607663559327167,626,828,202,0.3226837060702875,1195,1277,82,0.06861924686192468,185,201,16,0.08648648648648649
NY,0021,time_priority,True,True,True,29,True,722400775329829680,717526538343917480,735205682306695720,775828358673246480,0.1831426155877204,0.17159649199355137,0.21347496073098055,0.006793110394442206,0.024639010570372037,0.017725488972543873,0.055253485309169244,0.039494446,0.072899548,0.003464674,347,223951,226993,3042,0.013583328495965635,286746,308593,21847,0.07618938014828454,546,506,-40,-0.07326007326007326,1036,1028,-8,-0.007722007722007722,169,166,-3,-0.01775147928994083
NY,0021,stable_priority,True,True,True,29,True,860113272325675890,858169643127167940,863159227566320630,903399551138252500,0.23205807791639885,0.22745399670080144,0.23927335607633207,0.002264854290843207,0.00581421689652253,0.003541341982095831,0.046619815077908106,0.035293082,0.069405067,0.001274516,259,227055,225200,-1855,-0.008169826693972825,351795,408213,56418,0.16037180744467658,472,430,-42,-0.08898305084745763,846,902,56,0.06619385342789598,138,146,8,0.057971014492753624
NY,0021,balanced,True,True,True,29,True,929326232264786520,928992151504707120,946456064163013600,990370358924039960,0.18807942520295612,0.18728805257223272,0.22865668002579578,0.0003596163428703706,0.018798773089761665,0.018432528108543046,0.046398661727484844,0.035191859,0.072206238,0.00084362,343,227055,229323,2268,0.009988769240932813,351795,366580,14785,0.0420273170454384,472,456,-16,-0.03389830508474576,846,888,42,0.04964539007092199,138,145,7,0.050724637681159424
NY,0021,time_shortest,True,True,True,29,True,440245105978470000,440245105978470000,458139481245720000,518287872003030000,0.0,0.0,0.0423883100212953,0.0,0.0406463922579644,0.0406463922579644,0.13128838098336654,0.035213808,0.078355233,0.001445626,387,225386,227743,2357,0.010457614936153976,283543,295068,11525,0.0406463922579644,588,578,-10,-0.017006802721088437,1062,1098,36,0.03389830508474576,170,177,7,0.041176470588235294
NY,0022,time_priority,True,True,True,172,True,916299619735470,914505560997320,943873339687650,950846301803150,0.18529880816919958,0.1809580780340615,0.2520135007202966,0.001961780020444575,0.03211328606717577,0.0300924712378909,0.007387603635258432,0.039133655,0.070566919,0.003586391,916,640562,681574,41012,0.06402502802226795,798053,806826,8773,0.010993004224030234,1104,1310,206,0.18659420289855072,1896,1836,-60,-0.03164556962025317,337,335,-2,-0.005934718100890208
NY,0022,stable_priority,True,True,True,172,True,831227473790140,829077048311680,829077048311680,839865615372245,0.28259362939092003,0.277390668930804,0.277390668930804,0.002593758303693359,0.0,-0.002587048126134144,0.013012743607526798,0.035044393,0.068946511,0.001008009,321,655822,655479,-343,-0.0005230077673515069,882042,914166,32124,0.03642003442012965,1056,948,-108,-0.10227272727272728,1676,1790,114,0.06801909307875895,300,320,20,0.06666666666666667
NY,0022,balanced,True,True,True,172,True,952866476192720,952254811148300,963088466653280,968772702854300,0.2780978678385048,0.27661794255263467,0.30283000234988733,0.0006423333726005633,0.011376845123960012,0.010727621042355332,0.005902091446253787,0.035656815,0.065263457,0.000889786,480,655822,646200,-9622,-0.01467166395759825,882042,896988,14946,0.016944771337419305,1056,960,-96,-0.09090909090909091,1676,1820,144,0.08591885441527446,300,328,28,0.09333333333333334
NY,0022,time_shortest,True,True,True,172,True,841501871952000,841501871952000,843297737968000,843297737968000,0.0,0.0,0.004345102848951331,0.0,0.0021341200487578213,0.0021341200487578213,0.0,0.035705044,0.07675492,0.000909183,135,749458,723814,-25644,-0.034216727288253646,776901,778559,1658,0.0021341200487578213,1456,1338,-118,-0.08104395604395605,2448,2206,-242,-0.0988562091503268,421,407,-14,-0.0332541567695962
NY,0023,time_priority,True,True,True,0,True,8056473177380,8056473177380,8965333876860,,0.14100950639717266,0.14100950639717266,0.4764393607533438,0.0,0.11281123631513976,0.11281123631513976,,0.039028275,0.07642064,0.002818951,89,19873,24989,5116,0.25743471041111055,49681,50767,1086,0.021859463376341055,55,77,22,0.4,140,182,42,0.3,22,29,7,0.3181818181818182
NY,0023,stable_priority,True,True,True,0,True,6187738976870,6187738976870,7252138962950,,0.07522603526357476,0.07522603526357476,0.4680601984216899,0.0,0.1720175964207228,0.1720175964207228,,0.035344102,0.069462715,0.000986035,103,19873,26029,6156,0.3097670205806874,49681,62706,13025,0.26217266158088604,55,57,2,0.03636363636363636,140,162,22,0.15714285714285714,22,25,3,0.13636363636363635
NY,0023,balanced,True,True,True,0,True,7003338832760,7003338832760,8311370966200,,0.07047404426216697,0.07047404426216697,0.5532246222814402,0.0,0.18677264725809467,0.18677264725809467,,0.035467525,0.072650529,0.000793611,111,19873,24543,4670,0.23499220047300357,49681,58993,9312,0.1874358406634327,55,67,12,0.21818181818181817,140,158,18,0.12857142857142856,22,25,3,0.13636363636363635
NY,0023,time_shortest,True,True,True,0,True,8536417910000,8536417910000,9210089898000,,0.0,0.0,0.24862962712323206,0.0,0.07891740951562667,0.07891740951562667,,0.035238501,0.080844343,0.001704954,96,24798,25106,308,0.012420356480361319,46555,50229,3674,0.07891740951562667,85,91,6,0.07058823529411765,196,202,6,0.030612244897959183,31,31,0,0.0
NY,0024,time_priority,True,True,True,3,True,55265515142698500,55034408011257960,55815952952752560,65836390026456420,0.14068266670259438,0.13478582016800028,0.15472744010484632,0.004199320748453662,0.01420102386373858,0.00995987839130424,0.17952639959737,0.039257347,0.070683486,0.003053511,166,191510,194846,3336,0.017419455903086002,281611,288990,7379,0.02620281167994148,489,499,10,0.02044989775051125,967,943,-24,-0.02481902792140641,147,144,-3,-0.02040816326530612
NY,0024,stable_priority,True,True,True,3,True,64967970957031635,64322524179815160,64794661983388920,66303459350263095,0.2379475678359954,0.22147857976206772,0.23352547833028045,0.010034537441536234,0.007340162868202862,-0.0026676063772614615,0.023285828194627788,0.035049999,0.068440229,0.001267287,195,189466,193427,3961,0.020906125637317512,302827,364124,61297,0.20241590082786542,475,437,-38,-0.08,897,895,-2,-0.002229654403567447,134,134,0,0.0
NY,0024,balanced,True,True,True,3,True,67459165112455220,67147543941762180,67872585385598380,71508473634592340,0.20541725961957233,0.19746604578617236,0.21596594277711656,0.00464084242549977,0.010797735870503864,0.006128452263735899,0.05356932004781779,0.0353324,0.068074356,0.000879779,147,189466,190279,813,0.004291007357520611,302827,353201,50374,0.16634580139815802,475,485,10,0.021052631578947368,897,855,-42,-0.046822742474916385,134,128,-6,-0.04477611940298507
NY,0024,time_shortest,True,True,True,3,True,40095335027879000,40095335027879000,41062934067382000,56460454754314000,0.0,0.0,0.024688909456858685,0.0,0.024132459270641116,0.024132459270641116,0.3749737089333539,0.035937346,0.076216248,0.001259335,245,190972,192739,1767,0.009252665312192362,278546,285268,6722,0.024132459270641116,537,547,10,0.0186219739292365,1005,1057,52,0.051741293532338306,154,163,9,0.05844155844155844
NY,0025,time_priority,True,True,False,495,True,2200923293323540591620,2187614954493818246180,2187614954493818246180,2200923293323540591620,0.1347142994188767,0.12802531259052813,0.12802531259052813,0.006083492345115047,0.0,-0.006046707247859542,0.006083492345115047,0.039094247,0.061760583,0.00317667,340,547965,540772,-7193,-0.01312675079612749,683731,687671,3940,0.005762500164538393,988,1032,44,0.044534412955465584,2114,2018,-96,-0.04541154210028382,358,337,-21,-0.05865921787709497
NY,0025,stable_priority,True,True,False,495,True,2501996724495446433340,2495452152038401559870,2495452152038401559870,2501996724495446433340,0.266433951706785,0.2631445435002118,0.2631445435002118,0.0026225998569834176,0.0,-0.0026157398181105352,0.0026225998569834176,0.034727541,0.056237608,0.000689746,325,539447,547642,8195,0.015191483129946037,718376,794068,75692,0.10536543537089213,984,954,-30,-0.03048780487804878,1964,1942,-22,-0.01120162932790224,329,322,-7,-0.02127659574468085
NY,0025,balanced,True,True,False,495,True,2750344930628479451120,2749948225370360740560,2749948225370360740560,2750344930628479451120,0.21742968465731283,0.21723029416386022,0.21723029416386022,0.0001442591734850872,0.0,-0.00014423836577765527,0.0001442591734850872,0.034586261,0.057426777,0.000735131,330,539447,539439,-8,-1.4830001835212728e-05,718376,729189,10813,0.0150520061917436,984,982,-2,-0.0020325203252032522,1964,1956,-8,-0.004073319755600814,329,327,-2,-0.0060790273556231
NY,0025,time_shortest,True,True,True,495,True,1548045155587458000000,1548045155587458000000,1548685383287951040000,1557618524307465840000,0.0,0.0,0.0003217888205684626,0.0,0.0004135717218468889,0.0004135717218468889,0.005768209034522694,0.034658952,0.065329833,0.000842775,463,550100,580053,29953,0.05445009998182149,669775,670052,277,0.0004135717218468889,1238,1122,-116,-0.09369951534733441,2184,2286,102,0.046703296703296704,370,385,15,0.04054054054054054
NY,0026,time_priority,True,True,True,4,True,13910018544277490,13910018544277490,14606500902460590,15698142016982610,0.17409875822732881,0.17409875822732881,0.31759709475391207,0.0,0.050070555690928914,0.050070555690928914,0.07473666155993074,0.039430631,0.066522929,0.003097756,287,223595,246056,22461,0.10045394575012859,525152,581296,56144,0.10690999939065261,260,252,-8,-0.03076923076923077,559,529,-30,-0.05366726296958855,96,92,-4,-0.041666666666666664
NY,0026,stable_priority,True,True,True,4,True,16193689948747475,16067197898745825,16247587262782575,16662858967229325,0.3256057786865401,0.2995442445416906,0.33671040296943466,0.007872688865774394,0.01122718255999267,0.003328291093980638,0.025558976710221417,0.035458576,0.06827767,0.001257325,102,243445,247562,4117,0.0169114173632648,574767,585058,10291,0.0179046465785266,250,252,2,0.008,529,525,-4,-0.007561436672967864,92,91,-1,-0.010869565217391304
NY,0026,balanced,True,True,True,4,True,15238736735918940,15238736735918940,15419900676388140,15902887302845220,0.28980933410309556,0.28980933410309556,0.32713508082229215,0.0,0.0118883831126357,0.0118883831126357,0.031322291666680935,0.035330507,0.06632563,0.0011365,103,229099,256082,26983,0.11777877686065849,538907,606367,67460,0.1251792980978165,258,270,12,0.046511627906976744,537,477,-60,-0.11173184357541899,91,84,-7,-0.07692307692307693
NY,0026,time_shortest,True,True,True,4,True,12297907946016000,12297907946016000,12736164982464000,15369829257552000,0.0,0.0,0.0902954036989765,0.0,0.035636714664950525,0.035636714664950525,0.206786287608099,0.038958658,0.083720172,0.001138416,332,217127,331180,114053,0.5252824383885929,522102,540708,18606,0.035636714664950525,270,468,198,0.7333333333333333,573,817,244,0.4258289703315881,99,141,42,0.42424242424242425
NY,0027,time_priority,True,True,True,39,True,1194935494225336507470,1192794677076067057910,1252401948307258021570,1343060600587478290610,0.16258967543344477,0.159182899777481,0.254038548994485,0.001794790998327808,0.04997278440016855,0.04809167888947544,0.07238782437439847,0.038860476,0.063875115,0.004897782,6682,652137,659142,7005,0.010741607975011386,839060,908901,69841,0.08323719400281267,1181,1147,-34,-0.028789161727349702,2198,2382,184,0.08371246587807098,402,425,23,0.05721393034825871
NY,0027,stable_priority,True,True,True,39,True,1266585601064778490995,1264350145954115503845,1314636373278150894585,1353736955923393126365,0.279101382786883,0.2755440056173264,0.3555666713252516,0.001768066478907271,0.03977239017605201,0.037937248120441004,0.0297425078447676,0.034679202,0.058637619,0.002900195,8505,660079,659544,-535,-0.0008105090451294467,1031399,1084192,52793,0.05118581654626386,1007,1005,-2,-0.0019860973187686196,2090,2268,178,0.08516746411483253,355,387,32,0.09014084507042254
NY,0027,balanced,True,True,True,39,True,1616136809032831818100,1607488324938156705540,1660730261654479732860,1730007731481932584620,0.2675699876581475,0.2538072778980995,0.33853349281254386,0.005380122493273995,0.03312119652151835,0.02759262234014373,0.041715064406929105,0.034631447,0.059426975,0.002830405,8310,660079,655085,-4994,-0.007565761067993376,1031399,1030399,-1000,-0.0009695568834175716,1007,1061,54,0.05362462760675273,2090,2262,172,0.08229665071770335,355,387,32,0.09014084507042254
NY,0027,time_shortest,True,True,True,39,True,737532466957007529600,737532466957007529600,760802822460431524800,939968243453088376800,0.0,0.0,0.03703113115556829,0.0,0.031551635414011514,0.031551635414011514,0.23549521072127075,0.034655719,0.068878496,0.00125662,2268,660112,676295,16183,0.024515536757398745,831716,857958,26242,0.031551635414011514,1219,1187,-32,-0.026251025430680888,2286,2558,272,0.1189851268591426,415,454,39,0.09397590361445783
NY,0028,time_priority,True,True,True,17,True,5931356813044597920,5920572711466434180,6074130194787736270,6426286314118091700,0.19050395940034642,0.18778592368320896,0.2264887049279781,0.0018214625685245042,0.025936254954509002,0.02407094805511321,0.057976386418674995,0.039694934,0.074834108,0.004413463,1393,471249,475916,4667,0.00990346929118152,561779,577724,15945,0.028383047426123083,1021,1045,24,0.023506366307541625,1964,2014,50,0.025458248472505093,335,346,11,0.03283582089552239
NY,0028,stable_priority,True,True,False,17,True,6733509528544515825,6703482229383613690,6703482229383613690,6733509528544515825,0.3164763990201485,0.3089082885923162,0.3089082885923162,0.004479358359343805,0.0,-0.004459383184001032,0.004479358359343805,0.035456184,0.070138195,0.000810068,290,494832,497168,2336,0.004720794128108125,778165,880547,102382,0.1315684976836532,749,725,-24,-0.03204272363150868,1862,1810,-52,-0.027926960257787327,298,289,-9,-0.030201342281879196
NY,0028,balanced,True,True,True,17,True,8143708115275989020,8051100397327364940,8128435563214602600,8180014523444447100,0.31954122993270057,0.296200288339881,0.3156919206792766,0.011502492004616666,0.009605539872898586,-0.0018753805815729233,0.006345496600018104,0.035137317,0.067709024,0.001160732,1669,517331,482292,-35039,-0.06773033125793737,655022,792305,137283,0.20958532690505052,1201,861,-340,-0.28309741881765194,1604,1832,228,0.14214463840399003,270,289,19,0.07037037037037037
NY,0028,time_shortest,True,True,True,17,True,3475129754418100800,3475129754418100800,3579184994994907200,4472811501556440000,0.0,0.0,0.02622618661305769,0.0,0.02994283607526192,0.02994283607526192,0.24967318197052407,0.035216056,0.075368009,0.001013073,1159,476649,481631,4982,0.010452135638593598,553321,569889,16568,0.02994283607526192,1105,1117,12,0.01085972850678733,2008,2072,64,0.03187250996015936,344,357,13,0.0377906976744186
NY,0029,time_priority,True,True,True,7,True,136371399914319740,136146374030410490,138111110433648570,161997560380468800,0.1845747368649917,0.18136917872679198,0.2093574112687738,0.0016528231876302988,0.014431059344990152,0.012757150842639044,0.1729509658695835,0.039680791,0.074018497,0.004180186,1683,450154,455847,5693,0.01264678310089436,656336,670734,14398,0.021936934740742545,985,971,-14,-0.014213197969543147,2065,2085,20,0.009685230024213076,309,312,3,0.009708737864077669
NY,0029,stable_priority,True,True,True,7,True,157491433624034170,157271260452282300,159353143908010780,168878176511660830,0.30815073130292886,0.3050143014386778,0.3346713272810257,0.0013999580795543555,0.013237532717302438,0.011821025697314507,0.05977310751489492,0.035431553,0.068253271,0.001184194,1586,478367,492458,14091,0.02945646334299816,705198,777056,71858,0.10189762307890833,895,897,2,0.0022346368715083797,1881,1849,-32,-0.01701222753854333,281,280,-1,-0.0035587188612099642
NY,0029,balanced,True,True,True,7,True,176176209932665940,176061622755357080,178372278979177240,196896414090729600,0.264200020533882,0.2625676933883351,0.29548365280674443,0.0006508356308182069,0.013124133400899561,0.012465184983549319,0.10385097514908594,0.035144792,0.077168254,0.001245628,1203,478367,479362,995,0.002079992976104121,705198,711030,5832,0.008270017782239882,895,929,34,0.03798882681564246,1881,1905,24,0.012759170653907496,281,285,4,0.014234875444839857
NY,0029,time_shortest,True,True,True,7,True,89199278977536000,89199278977536000,90207367915392000,127098706670208000,0.0,0.0,0.014360515522190507,0.0,0.011301536844371553,0.011301536844371553,0.4089614807231424,0.0369931,0.074800278,0.000969041,660,471731,473250,1519,0.003220055497730698,631684,638823,7139,0.011301536844371553,1043,1151,108,0.10354745925215723,2135,2161,26,0.012177985948477752,330,334,4,0.012121212121212121
NY,0030,time_priority,True,True,True,0,True,30674838744625430,30662144897946610,34104828256140670,,0.09089613659502419,0.08916645670366274,0.5582709234315093,0.0004139908255299545,0.11227796912617846,0.1118176868041796,,0.039015383,0.07314427,0.00400502,623,252836,262739,9903,0.039167681817462704,399240,431355,32115,0.08044033663961526,387,483,96,0.24806201550387597,641,925,284,0.44305772230889234,110,155,45,0.4090909090909091
NY,0030,stable_priority,True,True,True,0,True,19954509148383635,19954509148383635,24899215728553705,,0.08721587844915597,0.08721587844915597,0.7609879632083963,0.0,0.2477989582906179,0.2477989582906179,,0.036123246,0.06557054,0.002327106,2132,253657,263404,9747,0.03842590584923736,405956,460372,54416,0.13404408359526648,329,447,118,0.3586626139817629,629,895,266,0.42289348171701113,106,152,46,0.4339622641509434
NY,0030,balanced,True,True,True,0,True,23125319900969020,23125319900969020,27455866681914420,,0.10240640996684729,0.10240640996684729,0.6924922897734189,0.0,0.1872642972936317,0.1872642972936317,,0.035775643,0.064334734,0.001162215,1513,253657,260790,7133,0.028120651115482717,405956,439575,33619,0.0828143936781326,329,479,150,0.45592705167173253,629,903,274,0.4356120826709062,106,152,46,0.4339622641509434
NY,0030,time_shortest,True,True,True,0,True,37641757315680000,37641757315680000,40669672945860000,,0.0,0.0,0.4125876821089956,0.0,0.08044033663961526,0.08044033663961526,,0.035450621,0.073501497,0.000806775,419,252836,262739,9903,0.039167681817462704,399240,431355,32115,0.08044033663961526,387,483,96,0.24806201550387597,641,925,284,0.44305772230889234,110,155,45,0.4090909090909091
