dataset,query_id,family,parameter,w1,w2,w3,w4,w5,c1,c2,c3,c4,c5
BAY,0001,time_share,0.0,0.25,0.0,0.25,0.25,0.25,357082,774395,1088,1140,202
BAY,0001,time_share,0.1,0.225,0.1,0.225,0.225,0.225,357082,774395,1088,1140,202
BAY,0001,time_share,0.2,0.2,0.2,0.2,0.2,0.2,357082,774395,1088,1140,202
BAY,0001,time_share,0.3,0.175,0.3,0.175,0.175,0.175,374365,476471,1394,1082,199
BAY,0001,time_share,0.4,0.15,0.4,0.15,0.15,0.15,374365,476471,1394,1082,199
BAY,0001,time_share,0.5,0.125,0.5,0.125,0.125,0.125,373526,466042,1410,1098,204
BAY,0001,time_share,0.6,0.1,0.6,0.1,0.1,0.1,373526,466042,1410,1098,204
BAY,0001,time_share,0.7,0.075,0.7,0.075,0.075,0.075,373526,466042,1410,1098,204
BAY,0001,time_share,0.8,0.05,0.8,0.05,0.05,0.05,375584,463285,1422,1106,206
BAY,0001,time_share,0.9,0.025,0.9,0.025,0.025,0.025,375584,463285,1422,1106,206
BAY,0001,time_share,1.0,0.0,1.0,0.0,0.0,0.0,375766,463023,1468,1080,200
BAY,0001,stability_share,0.0,0.25,0.375,0.0,0.0,0.375,373708,465780,1456,1072,198
BAY,0001,stability_share,0.1,0.225,0.3375,0.058333333333333334,0.041666666666666664,0.3375,373708,465780,1456,1072,198
BAY,0001,stability_share,0.2,0.2,0.3,0.11666666666666667,0.08333333333333333,0.3,374365,476471,1394,1082,199
BAY,0001,stability_share,0.3,0.175,0.2625,0.175,0.125,0.2625,374365,476471,1394,1082,199
BAY,0001,stability_share,0.4,0.15,0.225,0.23333333333333334,0.16666666666666666,0.225,357082,774395,1088,1140,202
BAY,0001,stability_share,0.5,0.125,0.1875,0.2916666666666667,0.20833333333333334,0.1875,357082,774395,1088,1140,202
BAY,0001,stability_share,0.6,0.1,0.15,0.35,0.25,0.15,357082,774395,1088,1140,202
BAY,0001,stability_share,0.7,0.075,0.1125,0.4083333333333333,0.2916666666666667,0.1125,357082,774395,1088,1140,202
BAY,0001,stability_share,0.8,0.05,0.075,0.4666666666666667,0.3333333333333333,0.075,357082,774395,1088,1140,202
BAY,0001,stability_share,0.9,0.025,0.0375,0.525,0.375,0.0375,361928,878212,1048,1230,210
BAY,0001,stability_share,1.0,0.0,0.0,0.5833333333333334,0.4166666666666667,0.0,361928,878212,1048,1230,210
BAY,0002,time_share,0.0,0.25,0.0,0.25,0.25,0.25,386983,634286,349,1164,191
BAY,0002,time_share,0.1,0.225,0.1,0.225,0.225,0.225,386983,634286,349,1164,191
BAY,0002,time_share,0.2,0.2,0.2,0.2,0.2,0.2,378161,500959,413,1104,194
BAY,0002,time_share,0.3,0.175,0.3,0.175,0.175,0.175,378161,500959,413,1104,194
BAY,0002,time_share,0.4,0.15,0.4,0.15,0.15,0.15,378161,500959,413,1104,194
BAY,0002,time_share,0.5,0.125,0.5,0.125,0.125,0.125,378161,500959,413,1104,194
BAY,0002,time_share,0.6,0.1,0.6,0.1,0.1,0.1,378161,500959,413,1104,194
BAY,0002,time_share,0.7,0.075,0.7,0.075,0.075,0.075,379167,475717,455,1112,198
BAY,0002,time_share,0.8,0.05,0.8,0.05,0.05,0.05,381658,457329,487,1136,204
BAY,0002,time_share,0.9,0.025,0.9,0.025,0.025,0.025,381658,457329,487,1136,204
BAY,0002,time_share,1.0,0.0,1.0,0.0,0.0,0.0,381658,457329,487,1136,204
BAY,0002,stability_share,0.0,0.25,0.375,0.0,0.0,0.375,378161,500959,413,1104,194
BAY,0002,stability_share,0.1,0.225,0.3375,0.058333333333333334,0.041666666666666664,0.3375,378161,500959,413,1104,194
BAY,0002,stability_share,0.2,0.2,0.3,0.11666666666666667,0.08333333333333333,0.3,378161,500959,413,1104,194
BAY,0002,stability_share,0.3,0.175,0.2625,0.175,0.125,0.2625,378161,500959,413,1104,194
BAY,0002,stability_share,0.4,0.15,0.225,0.23333333333333334,0.16666666666666666,0.225,386983,634286,349,1164,191
BAY,0002,stability_share,0.5,0.125,0.1875,0.2916666666666667,0.20833333333333334,0.1875,386983,634286,349,1164,191
BAY,0002,stability_share,0.6,0.1,0.15,0.35,0.25,0.15,386983,634286,349,1164,191
BAY,0002,stability_share,0.7,0.075,0.1125,0.4083333333333333,0.2916666666666667,0.1125,386983,634286,349,1164,191
BAY,0002,stability_share,0.8,0.05,0.075,0.4666666666666667,0.3333333333333333,0.075,386983,634286,349,1164,191
BAY,0002,stability_share,0.9,0.025,0.0375,0.525,0.375,0.0375,386983,634286,349,1164,191
BAY,0002,stability_share,1.0,0.0,0.0,0.5833333333333334,0.4166666666666667,0.0,388210,839383,341,1206,188
BAY,0003,time_share,0.0,0.25,0.0,0.25,0.25,0.25,1617321,3078235,766,1791,340
BAY,0003,time_share,0.1,0.225,0.1,0.225,0.225,0.225,1617321,3078235,766,1791,340
BAY,0003,time_share,0.2,0.2,0.2,0.2,0.2,0.2,1386564,1899787,984,1879,366
BAY,0003,time_share,0.3,0.175,0.3,0.175,0.175,0.175,1386564,1899787,984,1879,366
BAY,0003,time_share,0.4,0.15,0.4,0.15,0.15,0.15,1386564,1899787,984,1879,366
BAY,0003,time_share,0.5,0.125,0.5,0.125,0.125,0.125,1386564,1899787,984,1879,366
BAY,0003,time_share,0.6,0.1,0.6,0.1,0.1,0.1,1386564,1899787,984,1879,366
BAY,0003,time_share,0.7,0.075,0.7,0.075,0.075,0.075,1396388,1762441,1026,1965,388
BAY,0003,time_share,0.8,0.05,0.8,0.05,0.05,0.05,1361891,1574539,1240,2307,452
BAY,0003,time_share,0.9,0.025,0.9,0.025,0.025,0.025,1361891,1574539,1240,2307,452
BAY,0003,time_share,1.0,0.0,1.0,0.0,0.0,0.0,1361853,1574501,1242,2307,452
BAY,0003,stability_share,0.0,0.25,0.375,0.0,0.0,0.375,1386564,1899787,984,1879,366
BAY,0003,stability_share,0.1,0.225,0.3375,0.058333333333333334,0.041666666666666664,0.3375,1386564,1899787,984,1879,366
BAY,0003,stability_share,0.2,0.2,0.3,0.11666666666666667,0.08333333333333333,0.3,1386564,1899787,984,1879,366
BAY,0003,stability_share,0.3,0.175,0.2625,0.175,0.125,0.2625,1386564,1899787,984,1879,366
BAY,0003,stability_share,0.4,0.15,0.225,0.23333333333333334,0.16666666666666666,0.225,1386564,1899787,984,1879,366
BAY,0003,stability_share,0.5,0.125,0.1875,0.2916666666666667,0.20833333333333334,0.1875,1617321,3078235,766,1791,340
BAY,0003,stability_share,0.6,0.1,0.15,0.35,0.25,0.15,1617321,3078235,766,1791,340
BAY,0003,stability_share,0.7,0.075,0.1125,0.4083333333333333,0.2916666666666667,0.1125,1617321,3078235,766,1791,340
BAY,0003,stability_share,0.8,0.05,0.075,0.4666666666666667,0.3333333333333333,0.075,1875450,4169206,768,1627,313
BAY,0003,stability_share,0.9,0.025,0.0375,0.525,0.375,0.0375,1875450,4169206,768,1627,313
BAY,0003,stability_share,1.0,0.0,0.0,0.5833333333333334,0.4166666666666667,0.0,1875450,4169206,768,1627,313
BAY,0004,time_share,0.0,0.25,0.0,0.25,0.25,0.25,1087961,2257398,1666,2270,402
BAY,0004,time_share,0.1,0.225,0.1,0.225,0.225,0.225,1187611,1920706,1332,2166,415
BAY,0004,time_share,0.2,0.2,0.2,0.2,0.2,0.2,1187611,1920706,1332,2166,415
BAY,0004,time_share,0.3,0.175,0.3,0.175,0.175,0.175,1125005,1620801,1462,2408,456
BAY,0004,time_share,0.4,0.15,0.4,0.15,0.15,0.15,1125005,1620801,1462,2408,456
BAY,0004,time_share,0.5,0.125,0.5,0.125,0.125,0.125,1125005,1620801,1462,2408,456
BAY,0004,time_share,0.6,0.1,0.6,0.1,0.1,0.1,1125005,1620801,1462,2408,456
BAY,0004,time_share,0.7,0.075,0.7,0.075,0.075,0.075,1126780,1615260,1480,2418,458
BAY,0004,time_share,0.8,0.05,0.8,0.05,0.05,0.05,1126780,1615260,1480,2418,458
BAY,0004,time_share,0.9,0.025,0.9,0.025,0.025,0.025,1337139,1417553,2490,3208,599
BAY,0004,time_share,1.0,0.0,1.0,0.0,0.0,0.0,1340137,1416778,2496,3228,602
BAY,0004,stability_share,0.0,0.25,0.375,0.0,0.0,0.375,1098464,1759487,1648,2314,428
BAY,0004,stability_share,0.1,0.225,0.3375,0.058333333333333334,0.041666666666666664,0.3375,1098464,1759487,1648,2314,428
BAY,0004,stability_share,0.2,0.2,0.3,0.11666666666666667,0.08333333333333333,0.3,1098464,1759487,1648,2314,428
BAY,0004,stability_share,0.3,0.175,0.2625,0.175,0.125,0.2625,1098464,1759487,1648,2314,428
BAY,0004,stability_share,0.4,0.15,0.225,0.23333333333333334,0.16666666666666666,0.225,1187611,1920706,1332,2166,415
BAY,0004,stability_share,0.5,0.125,0.1875,0.2916666666666667,0.20833333333333334,0.1875,1187611,1920706,1332,2166,415
BAY,0004,stability_share,0.6,0.1,0.15,0.35,0.25,0.15,1187611,1920706,1332,2166,415
BAY,0004,stability_share,0.7,0.075,0.1125,0.4083333333333333,0.2916666666666667,0.1125,1187611,1920706,1332,2166,415
BAY,0004,stability_share,0.8,0.05,0.075,0.4666666666666667,0.3333333333333333,0.075,1187611,1920706,1332,2166,415
BAY,0004,stability_share,0.9,0.025,0.0375,0.525,0.375,0.0375,1187611,1920706,1332,2166,415
BAY,0004,stability_share,1.0,0.0,0.0,0.5833333333333334,0.4166666666666667,0.0,1187611,1920706,1332,2166,415
BAY,0005,time_share,0.0,0.25,0.0,0.25,0.25,0.25,1495626,2184249,1931,2430,462
BAY,0005,time_share,0.1,0.225,0.1,0.225,0.225,0.225,1495626,2184249,1931,2430,462
BAY,0005,time_share,0.2,0.2,0.2,0.2,0.2,0.2,1495626,2184249,1931,2430,462
BAY,0005,time_share,0.3,0.175,0.3,0.175,0.175,0.175,1495626,2184249,1931,2430,462
BAY,0005,time_share,0.4,0.15,0.4,0.15,0.15,0.15,1506940,1948409,1841,2860,525
BAY,0005,time_share,0.5,0.125,0.5,0.125,0.125,0.125,1506940,1948409,1841,2860,525
BAY,0005,time_share,0.6,0.1,0.6,0.1,0.1,0.1,1506940,1948409,1841,2860,525
BAY,0005,time_share,0.7,0.075,0.7,0.075,0.075,0.075,1508067,1727901,2207,3360,623
BAY,0005,time_share,0.8,0.05,0.8,0.05,0.05,0.05,1508067,1727901,2207,3360,623
BAY,0005,time_share,0.9,0.025,0.9,0.025,0.025,0.025,1494166,1712126,2525,3408,631
BAY,0005,time_share,1.0,0.0,1.0,0.0,0.0,0.0,1494166,1712126,2525,3408,631
BAY,0005,stability_share,0.0,0.25,0.375,0.0,0.0,0.375,1495626,2184249,1931,2430,462
BAY,0005,stability_share,0.1,0.225,0.3375,0.058333333333333334,0.041666666666666664,0.3375,1495626,2184249,1931,2430,462
BAY,0005,stability_share,0.2,0.2,0.3,0.11666666666666667,0.08333333333333333,0.3,1495626,2184249,1931,2430,462
BAY,0005,stability_share,0.3,0.175,0.2625,0.175,0.125,0.2625,1495626,2184249,1931,2430,462
BAY,0005,stability_share,0.4,0.15,0.225,0.23333333333333334,0.16666666666666666,0.225,1495626,2184249,1931,2430,462
BAY,0005,stability_share,0.5,0.125,0.1875,0.2916666666666667,0.20833333333333334,0.1875,1495626,2184249,1931,2430,462
BAY,0005,stability_share,0.6,0.1,0.15,0.35,0.25,0.15,1495626,2184249,1931,2430,462
BAY,0005,stability_share,0.7,0.075,0.1125,0.4083333333333333,0.2916666666666667,0.1125,1591889,2759706,1761,2434,443
BAY,0005,stability_share,0.8,0.05,0.075,0.4666666666666667,0.3333333333333333,0.075,1701195,3189695,1675,2320,420
BAY,0005,stability_share,0.9,0.025,0.0375,0.525,0.375,0.0375,1767630,3775920,1399,2762,489
BAY,0005,stability_share,1.0,0.0,0.0,0.5833333333333334,0.4166666666666667,0.0,1767630,3775920,1399,2762,489
BAY,0006,time_share,0.0,0.25,0.0,0.25,0.25,0.25,479785,713244,438,1211,242
BAY,0006,time_share,0.1,0.225,0.1,0.225,0.225,0.225,479785,713244,438,1211,242
BAY,0006,time_share,0.2,0.2,0.2,0.2,0.2,0.2,469099,626350,452,1227,251
BAY,0006,time_share,0.3,0.175,0.3,0.175,0.175,0.175,469099,626350,452,1227,251
BAY,0006,time_share,0.4,0.15,0.4,0.15,0.15,0.15,469099,626350,452,1227,251
BAY,0006,time_share,0.5,0.125,0.5,0.125,0.125,0.125,469099,626350,452,1227,251
BAY,0006,time_share,0.6,0.1,0.6,0.1,0.1,0.1,483428,545009,594,1331,274
BAY,0006,time_share,0.7,0.075,0.7,0.075,0.075,0.075,483428,545009,594,1331,274
BAY,0006,time_share,0.8,0.05,0.8,0.05,0.05,0.05,483428,545009,594,1331,274
BAY,0006,time_share,0.9,0.025,0.9,0.025,0.025,0.025,483428,545009,594,1331,274
BAY,0006,time_share,1.0,0.0,1.0,0.0,0.0,0.0,483428,545009,594,1331,274
BAY,0006,stability_share,0.0,0.25,0.375,0.0,0.0,0.375,469099,626350,452,1227,251
BAY,0006,stability_share,0.1,0.225,0.3375,0.058333333333333334,0.041666666666666664,0.3375,469099,626350,452,1227,251
BAY,0006,stability_share,0.2,0.2,0.3,0.11666666666666667,0.08333333333333333,0.3,469099,626350,452,1227,251
BAY,0006,stability_share,0.3,0.175,0.2625,0.175,0.125,0.2625,469099,626350,452,1227,251
BAY,0006,stability_share,0.4,0.15,0.225,0.23333333333333334,0.16666666666666666,0.225,479785,713244,438,1211,242
BAY,0006,stability_share,0.5,0.125,0.1875,0.2916666666666667,0.20833333333333334,0.1875,479785,713244,438,1211,242
BAY,0006,stability_share,0.6,0.1,0.15,0.35,0.25,0.15,479785,713244,438,1211,242
BAY,0006,stability_share,0.7,0.075,0.1125,0.4083333333333333,0.2916666666666667,0.1125,479785,713244,438,1211,242
BAY,0006,stability_share,0.8,0.05,0.075,0.4666666666666667,0.3333333333333333,0.075,479785,713244,438,1211,242
BAY,0006,stability_share,0.9,0.025,0.0375,0.525,0.375,0.0375,479785,713244,438,1211,242
BAY,0006,stability_share,1.0,0.0,0.0,0.5833333333333334,0.4166666666666667,0.0,479785,713244,438,1211,242
BAY,0007,time_share,0.0,0.25,0.0,0.25,0.25,0.25,275962,493856,854,956,152
BAY,0007,time_share,0.1,0.225,0.1,0.225,0.225,0.225,275962,493856,854,956,152
BAY,0007,time_share,0.2,0.2,0.2,0.2,0.2,0.2,275962,493856,854,956,152
BAY,0007,time_share,0.3,0.175,0.3,0.175,0.175,0.175,260219,422396,1102,970,170
BAY,0007,time_share,0.4,0.15,0.4,0.15,0.15,0.15,260219,422396,1102,970,170
BAY,0007,time_share,0.5,0.125,0.5,0.125,0.125,0.125,260219,422396,1102,970,170
BAY,0007,time_share,0.6,0.1,0.6,0.1,0.1,0.1,296529,348679,886,1148,200
BAY,0007,time_share,0.7,0.075,0.7,0.075,0.075,0.075,296529,348679,886,1148,200
BAY,0007,time_share,0.8,0.05,0.8,0.05,0.05,0.05,296529,348679,886,1148,200
BAY,0007,time_share,0.9,0.025,0.9,0.025,0.025,0.025,296583,347451,894,1176,205
BAY,0007,time_share,1.0,0.0,1.0,0.0,0.0,0.0,296583,347451,894,1176,205
BAY,0007,stability_share,0.0,0.25,0.375,0.0,0.0,0.375,260219,422396,1102,970,170
BAY,0007,stability_share,0.1,0.225,0.3375,0.058333333333333334,0.041666666666666664,0.3375,260219,422396,1102,970,170
BAY,0007,stability_share,0.2,0.2,0.3,0.11666666666666667,0.08333333333333333,0.3,260219,422396,1102,970,170
BAY,0007,stability_share,0.3,0.175,0.2625,0.175,0.125,0.2625,275962,493856,854,956,152
BAY,0007,stability_share,0.4,0.15,0.225,0.23333333333333334,0.16666666666666666,0.225,275962,493856,854,956,152
BAY,0007,stability_share,0.5,0.125,0.1875,0.2916666666666667,0.20833333333333334,0.1875,275962,493856,854,956,152
BAY,0007,stability_share,0.6,0.1,0.15,0.35,0.25,0.15,275962,493856,854,956,152
BAY,0007,stability_share,0.7,0.075,0.1125,0.4083333333333333,0.2916666666666667,0.1125,275962,493856,854,956,152
BAY,0007,stability_share,0.8,0.05,0.075,0.4666666666666667,0.3333333333333333,0.075,275962,493856,854,956,152
BAY,0007,stability_share,0.9,0.025,0.0375,0.525,0.375,0.0375,275962,493856,854,956,152
BAY,0007,stability_share,1.0,0.0,0.0,0.5833333333333334,0.4166666666666667,0.0,275962,493856,854,956,152
BAY,0008,time_share,0.0,0.25,0.0,0.25,0.25,0.25,574041,1435113,374,679,120
BAY,0008,time_share,0.1,0.225,0.1,0.225,0.225,0.225,452577,1131446,372,775,133
BAY,0008,time_share,0.2,0.2,0.2,0.2,0.2,0.2,452577,1131446,372,775,133
BAY,0008,time_share,0.3,0.175,0.3,0.175,0.175,0.175,355133,490198,454,827,162
BAY,0008,time_share,0.4,0.15,0.4,0.15,0.15,0.15,355133,490198,454,827,162
BAY,0008,time_share,0.5,0.125,0.5,0.125,0.125,0.125,355133,490198,454,827,162
BAY,0008,time_share,0.6,0.1,0.6,0.1,0.1,0.1,355133,490198,454,827,162
BAY,0008,time_share,0.7,0.075,0.7,0.075,0.075,0.075,356879,469929,452,851,167
BAY,0008,time_share,0.8,0.05,0.8,0.05,0.05,0.05,356879,469929,452,851,167
BAY,0008,time_share,0.9,0.025,0.9,0.025,0.025,0.025,356879,469929,452,851,167
BAY,0008,time_share,1.0,0.0,1.0,0.0,0.0,0.0,356879,469929,452,851,167
BAY,0008,stability_share,0.0,0.25,0.375,0.0,0.0,0.375,348308,602995,456,873,156
BAY,0008,stability_share,0.1,0.225,0.3375,0.058333333333333334,0.041666666666666664,0.3375,355133,490198,454,827,162
BAY,0008,stability_share,0.2,0.2,0.3,0.11666666666666667,0.08333333333333333,0.3,355133,490198,454,827,162
BAY,0008,stability_share,0.3,0.175,0.2625,0.175,0.125,0.2625,452577,1131446,372,775,133
BAY,0008,stability_share,0.4,0.15,0.225,0.23333333333333334,0.16666666666666666,0.225,452577,1131446,372,775,133
BAY,0008,stability_share,0.5,0.125,0.1875,0.2916666666666667,0.20833333333333334,0.1875,452577,1131446,372,775,133
BAY,0008,stability_share,0.6,0.1,0.15,0.35,0.25,0.15,574041,1435113,374,679,120
BAY,0008,stability_share,0.7,0.075,0.1125,0.4083333333333333,0.2916666666666667,0.1125,574041,1435113,374,679,120
BAY,0008,stability_share,0.8,0.05,0.075,0.4666666666666667,0.3333333333333333,0.075,574041,1435113,374,679,120
BAY,0008,stability_share,0.9,0.025,0.0375,0.525,0.375,0.0375,574041,1435113,374,679,120
BAY,0008,stability_share,1.0,0.0,0.0,0.5833333333333334,0.4166666666666667,0.0,574041,1435113,374,679,120
BAY,0009,time_share,0.0,0.25,0.0,0.25,0.25,0.25,2666111,5180267,3387,3574,659
BAY,0009,time_share,0.1,0.225,0.1,0.225,0.225,0.225,2666111,5180267,3387,3574,659
BAY,0009,time_share,0.2,0.2,0.2,0.2,0.2,0.2,2359104,3332604,3527,3848,745
BAY,0009,time_share,0.3,0.175,0.3,0.175,0.175,0.175,2359104,3332604,3527,3848,745
BAY,0009,time_share,0.4,0.15,0.4,0.15,0.15,0.15,2359104,3332604,3527,3848,745
BAY,0009,time_share,0.5,0.125,0.5,0.125,0.125,0.125,2270845,2797378,4051,4020,805
BAY,0009,time_share,0.6,0.1,0.6,0.1,0.1,0.1,2270845,2797378,4051,4020,805
BAY,0009,time_share,0.7,0.075,0.7,0.075,0.075,0.075,2270845,2797378,4051,4020,805
BAY,0009,time_share,0.8,0.05,0.8,0.05,0.05,0.05,2282393,2784663,3859,4138,814
BAY,0009,time_share,0.9,0.025,0.9,0.025,0.025,0.025,2306277,2728933,4221,4274,833
BAY,0009,time_share,1.0,0.0,1.0,0.0,0.0,0.0,2306170,2728818,4237,4314,840
BAY,0009,stability_share,0.0,0.25,0.375,0.0,0.0,0.375,2359104,3332604,3527,3848,745
BAY,0009,stability_share,0.1,0.225,0.3375,0.058333333333333334,0.041666666666666664,0.3375,2359104,3332604,3527,3848,745
BAY,0009,stability_share,0.2,0.2,0.3,0.11666666666666667,0.08333333333333333,0.3,2359104,3332604,3527,3848,745
BAY,0009,stability_share,0.3,0.175,0.2625,0.175,0.125,0.2625,2359104,3332604,3527,3848,745
BAY,0009,stability_share,0.4,0.15,0.225,0.23333333333333334,0.16666666666666666,0.225,2359104,3332604,3527,3848,745
BAY,0009,stability_share,0.5,0.125,0.1875,0.2916666666666667,0.20833333333333334,0.1875,2359104,3332604,3527,3848,745
BAY,0009,stability_share,0.6,0.1,0.15,0.35,0.25,0.15,2666111,5180267,3387,3574,659
BAY,0009,stability_share,0.7,0.075,0.1125,0.4083333333333333,0.2916666666666667,0.1125,2666111,5180267,3387,3574,659
BAY,0009,stability_share,0.8,0.05,0.075,0.4666666666666667,0.3333333333333333,0.075,2666111,5180267,3387,3574,659
BAY,0009,stability_share,0.9,0.025,0.0375,0.525,0.375,0.0375,2666111,5180267,3387,3574,659
BAY,0009,stability_share,1.0,0.0,0.0,0.5833333333333334,0.4166666666666667,0.0,2666111,5180267,3387,3574,659
BAY,0010,time_share,0.0,0.25,0.0,0.25,0.25,0.25,1079580,1492876,1390,2437,448
BAY,0010,time_share,0.1,0.225,0.1,0.225,0.225,0.225,1079580,1492876,1390,2437,448
BAY,0010,time_share,0.2,0.2,0.2,0.2,0.2,0.2,1046405,1316376,1350,2523,459
BAY,0010,time_share,0.3,0.175,0.3,0.175,0.175,0.175,1046405,1316376,1350,2523,459
BAY,0010,time_share,0.4,0.15,0.4,0.15,0.15,0.15,1046405,1316376,1350,2523,459
BAY,0010,time_share,0.5,0.125,0.5,0.125,0.125,0.125,1046405,1316376,1350,2523,459
BAY,0010,time_share,0.6,0.1,0.6,0.1,0.1,0.1,1041994,1162427,1474,2741,493
BAY,0010,time_share,0.7,0.075,0.7,0.075,0.075,0.075,1043812,1154774,1490,2747,497
BAY,0010,time_share,0.8,0.05,0.8,0.05,0.05,0.05,1043932,1154256,1496,2749,497
BAY,0010,time_share,0.9,0.025,0.9,0.025,0.025,0.025,1043932,1154256,1496,2749,497
BAY,0010,time_share,1.0,0.0,1.0,0.0,0.0,0.0,1043932,1154256,1496,2749,497
BAY,0010,stability_share,0.0,0.25,0.375,0.0,0.0,0.375,1046405,1316376,1350,2523,459
BAY,0010,stability_share,0.1,0.225,0.3375,0.058333333333333334,0.041666666666666664,0.3375,1046405,1316376,1350,2523,459
BAY,0010,stability_share,0.2,0.2,0.3,0.11666666666666667,0.08333333333333333,0.3,1046405,1316376,1350,2523,459
BAY,0010,stability_share,0.3,0.175,0.2625,0.175,0.125,0.2625,1046405,1316376,1350,2523,459
BAY,0010,stability_share,0.4,0.15,0.225,0.23333333333333334,0.16666666666666666,0.225,1046405,1316376,1350,2523,459
BAY,0010,stability_share,0.5,0.125,0.1875,0.2916666666666667,0.20833333333333334,0.1875,1046405,1316376,1350,2523,459
BAY,0010,stability_share,0.6,0.1,0.15,0.35,0.25,0.15,1079580,1492876,1390,2437,448
BAY,0010,stability_share,0.7,0.075,0.1125,0.4083333333333333,0.2916666666666667,0.1125,1079580,1492876,1390,2437,448
BAY,0010,stability_share,0.8,0.05,0.075,0.4666666666666667,0.3333333333333333,0.075,1079580,1492876,1390,2437,448
BAY,0010,stability_share,0.9,0.025,0.0375,0.525,0.375,0.0375,1079580,1492876,1390,2437,448
BAY,0010,stability_share,1.0,0.0,0.0,0.5833333333333334,0.4166666666666667,0.0,1079580,1492876,1390,2437,448
BAY,0011,time_share,0.0,0.25,0.0,0.25,0.25,0.25,839172,2021534,1833,1074,205
BAY,0011,time_share,0.1,0.225,0.1,0.225,0.225,0.225,839172,2021534,1833,1074,205
BAY,0011,time_share,0.2,0.2,0.2,0.2,0.2,0.2,839172,2021534,1833,1074,205
BAY,0011,time_share,0.3,0.175,0.3,0.175,0.175,0.175,847489,1240110,991,1676,329
BAY,0011,time_share,0.4,0.15,0.4,0.15,0.15,0.15,852691,1185791,1043,1706,336
BAY,0011,time_share,0.5,0.125,0.5,0.125,0.125,0.125,852691,1185791,1043,1706,336
BAY,0011,time_share,0.6,0.1,0.6,0.1,0.1,0.1,853019,1182559,1043,1714,337
BAY,0011,time_share,0.7,0.075,0.7,0.075,0.075,0.075,853019,1182559,1043,1714,337
BAY,0011,time_share,0.8,0.05,0.8,0.05,0.05,0.05,853019,1182559,1043,1714,337
BAY,0011,time_share,0.9,0.025,0.9,0.025,0.025,0.025,853019,1182559,1043,1714,337
BAY,0011,time_share,1.0,0.0,1.0,0.0,0.0,0.0,853019,1182559,1043,1714,337
BAY,0011,stability_share,0.0,0.25,0.375,0.0,0.0,0.375,839172,2021534,1833,1074,205
BAY,0011,stability_share,0.1,0.225,0.3375,0.058333333333333334,0.041666666666666664,0.3375,839172,2021534,1833,1074,205
BAY,0011,stability_share,0.2,0.2,0.3,0.11666666666666667,0.08333333333333333,0.3,839172,2021534,1833,1074,205
BAY,0011,stability_share,0.3,0.175,0.2625,0.175,0.125,0.2625,839172,2021534,1833,1074,205
BAY,0011,stability_share,0.4,0.15,0.225,0.23333333333333334,0.16666666666666666,0.225,839172,2021534,1833,1074,205
BAY,0011,stability_share,0.5,0.125,0.1875,0.2916666666666667,0.20833333333333334,0.1875,892380,1718462,963,1432,263
BAY,0011,stability_share,0.6,0.1,0.15,0.35,0.25,0.15,892380,1718462,963,1432,263
BAY,0011,stability_share,0.7,0.075,0.1125,0.4083333333333333,0.2916666666666667,0.1125,892380,1718462,963,1432,263
BAY,0011,stability_share,0.8,0.05,0.075,0.4666666666666667,0.3333333333333333,0.075,886026,1965981,887,1440,258
BAY,0011,stability_share,0.9,0.025,0.0375,0.525,0.375,0.0375,886026,1965981,887,1440,258
BAY,0011,stability_share,1.0,0.0,0.0,0.5833333333333334,0.4166666666666667,0.0,886026,1965981,887,1440,258
BAY,0012,time_share,0.0,0.25,0.0,0.25,0.25,0.25,2738731,6281812,3596,2629,470
BAY,0012,time_share,0.1,0.225,0.1,0.225,0.225,0.225,2310188,3905073,2616,3463,660
BAY,0012,time_share,0.2,0.2,0.2,0.2,0.2,0.2,2310188,3905073,2616,3463,660
BAY,0012,time_share,0.3,0.175,0.3,0.175,0.175,0.175,2310188,3905073,2616,3463,660
BAY,0012,time_share,0.4,0.15,0.4,0.15,0.15,0.15,2317678,2406857,2964,4091,819
BAY,0012,time_share,0.5,0.125,0.5,0.125,0.125,0.125,2317678,2406857,2964,4091,819
BAY,0012,time_share,0.6,0.1,0.6,0.1,0.1,0.1,2317678,2406857,2964,4091,819
BAY,0012,time_share,0.7,0.075,0.7,0.075,0.075,0.075,2308060,2382566,3096,4105,823
BAY,0012,time_share,0.8,0.05,0.8,0.05,0.05,0.05,2308060,2382566,3096,4105,823
BAY,0012,time_share,0.9,0.025,0.9,0.025,0.025,0.025,2308060,2382566,3096,4105,823
BAY,0012,time_share,1.0,0.0,1.0,0.0,0.0,0.0,2308060,2382566,3096,4105,823
BAY,0012,stability_share,0.0,0.25,0.375,0.0,0.0,0.375,2160118,3783524,2808,3861,703
BAY,0012,stability_share,0.1,0.225,0.3375,0.058333333333333334,0.041666666666666664,0.3375,2160118,3783524,2808,3861,703
BAY,0012,stability_share,0.2,0.2,0.3,0.11666666666666667,0.08333333333333333,0.3,2310188,3905073,2616,3463,660
BAY,0012,stability_share,0.3,0.175,0.2625,0.175,0.125,0.2625,2310188,3905073,2616,3463,660
BAY,0012,stability_share,0.4,0.15,0.225,0.23333333333333334,0.16666666666666666,0.225,2310188,3905073,2616,3463,660
BAY,0012,stability_share,0.5,0.125,0.1875,0.2916666666666667,0.20833333333333334,0.1875,2310188,3905073,2616,3463,660
BAY,0012,stability_share,0.6,0.1,0.15,0.35,0.25,0.15,2310188,3905073,2616,3463,660
BAY,0012,stability_share,0.7,0.075,0.1125,0.4083333333333333,0.2916666666666667,0.1125,2510952,5074170,2426,3271,598
BAY,0012,stability_share,0.8,0.05,0.075,0.4666666666666667,0.3333333333333333,0.075,2510952,5074170,2426,3271,598
BAY,0012,stability_share,0.9,0.025,0.0375,0.525,0.375,0.0375,2567533,5731779,2552,3135,566
BAY,0012,stability_share,1.0,0.0,0.0,0.5833333333333334,0.4166666666666667,0.0,2567533,5731779,2552,3135,566
BAY,0013,time_share,0.0,0.25,0.0,0.25,0.25,0.25,1352298,2926038,3620,1146,214
BAY,0013,time_share,0.1,0.225,0.1,0.225,0.225,0.225,1330632,1982166,2178,1730,335
BAY,0013,time_share,0.2,0.2,0.2,0.2,0.2,0.2,1330632,1982166,2178,1730,335
BAY,0013,time_share,0.3,0.175,0.3,0.175,0.175,0.175,1330632,1982166,2178,1730,335
BAY,0013,time_share,0.4,0.15,0.4,0.15,0.15,0.15,1330632,1982166,2178,1730,335
BAY,0013,time_share,0.5,0.125,0.5,0.125,0.125,0.125,1408740,1693466,2064,2008,405
BAY,0013,time_share,0.6,0.1,0.6,0.1,0.1,0.1,1289635,1568000,2440,2456,472
BAY,0013,time_share,0.7,0.075,0.7,0.075,0.075,0.075,1289635,1568000,2440,2456,472
BAY,0013,time_share,0.8,0.05,0.8,0.05,0.05,0.05,1290185,1565362,2444,2468,474
BAY,0013,time_share,0.9,0.025,0.9,0.025,0.025,0.025,1290185,1565362,2444,2468,474
BAY,0013,time_share,1.0,0.0,1.0,0.0,0.0,0.0,1400723,1552759,2310,2490,500
BAY,0013,stability_share,0.0,0.25,0.375,0.0,0.0,0.375,1171849,2598488,4216,1424,264
BAY,0013,stability_share,0.1,0.225,0.3375,0.058333333333333334,0.041666666666666664,0.3375,1171849,2598488,4216,1424,264
BAY,0013,stability_share,0.2,0.2,0.3,0.11666666666666667,0.08333333333333333,0.3,1330632,1982166,2178,1730,335
BAY,0013,stability_share,0.3,0.175,0.2625,0.175,0.125,0.2625,1330632,1982166,2178,1730,335
BAY,0013,stability_share,0.4,0.15,0.225,0.23333333333333334,0.16666666666666666,0.225,1330632,1982166,2178,1730,335
BAY,0013,stability_share,0.5,0.125,0.1875,0.2916666666666667,0.20833333333333334,0.1875,1330632,1982166,2178,1730,335
BAY,0013,stability_share,0.6,0.1,0.15,0.35,0.25,0.15,1330632,1982166,2178,1730,335
BAY,0013,stability_share,0.7,0.075,0.1125,0.4083333333333333,0.2916666666666667,0.1125,1330632,1982166,2178,1730,335
BAY,0013,stability_share,0.8,0.05,0.075,0.4666666666666667,0.3333333333333333,0.075,1330632,1982166,2178,1730,335
BAY,0013,stability_share,0.9,0.025,0.0375,0.525,0.375,0.0375,1330632,1982166,2178,1730,335
BAY,0013,stability_share,1.0,0.0,0.0,0.5833333333333334,0.4166666666666667,0.0,1433711,2491939,1920,1902,340
BAY,0014,time_share,0.0,0.25,0.0,0.25,0.25,0.25,1138101,1436385,1544,1742,341
BAY,0014,time_share,0.1,0.225,0.1,0.225,0.225,0.225,1137493,1434864,1544,1746,341
BAY,0014,time_share,0.2,0.2,0.2,0.2,0.2,0.2,1130334,1407076,1598,1738,342
BAY,0014,time_share,0.3,0.175,0.3,0.175,0.175,0.175,1130334,1407076,1598,1738,342
BAY,0014,time_share,0.4,0.15,0.4,0.15,0.15,0.15,1130334,1407076,1598,1738,342
BAY,0014,time_share,0.5,0.125,0.5,0.125,0.125,0.125,1130334,1407076,1598,1738,342
BAY,0014,time_share,0.6,0.1,0.6,0.1,0.1,0.1,1130334,1407076,1598,1738,342
BAY,0014,time_share,0.7,0.075,0.7,0.075,0.075,0.075,1130334,1407076,1598,1738,342
BAY,0014,time_share,0.8,0.05,0.8,0.05,0.05,0.05,1130334,1407076,1598,1738,342
BAY,0014,time_share,0.9,0.025,0.9,0.025,0.025,0.025,1130334,1407076,1598,1738,342
BAY,0014,time_share,1.0,0.0,1.0,0.0,0.0,0.0,1130268,1407010,1606,1738,342
BAY,0014,stability_share,0.0,0.25,0.375,0.0,0.0,0.375,1130268,1407010,1606,1738,342
BAY,0014,stability_share,0.1,0.225,0.3375,0.058333333333333334,0.041666666666666664,0.3375,1130334,1407076,1598,1738,342
BAY,0014,stability_share,0.2,0.2,0.3,0.11666666666666667,0.08333333333333333,0.3,1130334,1407076,1598,1738,342
BAY,0014,stability_share,0.3,0.175,0.2625,0.175,0.125,0.2625,1130334,1407076,1598,1738,342
BAY,0014,stability_share,0.4,0.15,0.225,0.23333333333333334,0.16666666666666666,0.225,1137493,1434864,1544,1746,341
BAY,0014,stability_share,0.5,0.125,0.1875,0.2916666666666667,0.20833333333333334,0.1875,1138101,1436385,1544,1742,341
BAY,0014,stability_share,0.6,0.1,0.15,0.35,0.25,0.15,1138101,1436385,1544,1742,341
BAY,0014,stability_share,0.7,0.075,0.1125,0.4083333333333333,0.2916666666666667,0.1125,1138101,1436385,1544,1742,341
BAY,0014,stability_share,0.8,0.05,0.075,0.4666666666666667,0.3333333333333333,0.075,1138101,1436385,1544,1742,341
BAY,0014,stability_share,0.9,0.025,0.0375,0.525,0.375,0.0375,1138101,1436385,1544,1742,341
BAY,0014,stability_share,1.0,0.0,0.0,0.5833333333333334,0.4166666666666667,0.0,1222245,2379471,1292,2088,377
BAY,0015,time_share,0.0,0.25,0.0,0.25,0.25,0.25,2223401,3828039,3841,2944,582
BAY,0015,time_share,0.1,0.225,0.1,0.225,0.225,0.225,2223401,3828039,3841,2944,582
BAY,0015,time_share,0.2,0.2,0.2,0.2,0.2,0.2,2223401,3828039,3841,2944,582
BAY,0015,time_share,0.3,0.175,0.3,0.175,0.175,0.175,2079990,2764940,3989,3840,736
BAY,0015,time_share,0.4,0.15,0.4,0.15,0.15,0.15,2079990,2764940,3989,3840,736
BAY,0015,time_share,0.5,0.125,0.5,0.125,0.125,0.125,2079990,2764940,3989,3840,736
BAY,0015,time_share,0.6,0.1,0.6,0.1,0.1,0.1,2083652,2719608,4083,3864,742
BAY,0015,time_share,0.7,0.075,0.7,0.075,0.075,0.075,2083652,2719608,4083,3864,742
BAY,0015,time_share,0.8,0.05,0.8,0.05,0.05,0.05,2083652,2719608,4083,3864,742
BAY,0015,time_share,0.9,0.025,0.9,0.025,0.025,0.025,2083652,2719608,4083,3864,742
BAY,0015,time_share,1.0,0.0,1.0,0.0,0.0,0.0,2083652,2719608,4083,3864,742
BAY,0015,stability_share,0.0,0.25,0.375,0.0,0.0,0.375,2079990,2764940,3989,3840,736
BAY,0015,stability_share,0.1,0.225,0.3375,0.058333333333333334,0.041666666666666664,0.3375,2079990,2764940,3989,3840,736
BAY,0015,stability_share,0.2,0.2,0.3,0.11666666666666667,0.08333333333333333,0.3,2079990,2764940,3989,3840,736
BAY,0015,stability_share,0.3,0.175,0.2625,0.175,0.125,0.2625,2079990,2764940,3989,3840,736
BAY,0015,stability_share,0.4,0.15,0.225,0.23333333333333334,0.16666666666666666,0.225,2223401,3828039,3841,2944,582
BAY,0015,stability_share,0.5,0.125,0.1875,0.2916666666666667,0.20833333333333334,0.1875,2223401,3828039,3841,2944,582
BAY,0015,stability_share,0.6,0.1,0.15,0.35,0.25,0.15,2223401,3828039,3841,2944,582
BAY,0015,stability_share,0.7,0.075,0.1125,0.4083333333333333,0.2916666666666667,0.1125,2223401,3828039,3841,2944,582
BAY,0015,stability_share,0.8,0.05,0.075,0.4666666666666667,0.3333333333333333,0.075,2223401,3828039,3841,2944,582
BAY,0015,stability_share,0.9,0.025,0.0375,0.525,0.375,0.0375,2223401,3828039,3841,2944,582
BAY,0015,stability_share,1.0,0.0,0.0,0.5833333333333334,0.4166666666666667,0.0,2223401,3828039,3841,2944,582
BAY,0016,time_share,0.0,0.25,0.0,0.25,0.25,0.25,913568,1815372,253,771,134
BAY,0016,time_share,0.1,0.225,0.1,0.225,0.225,0.225,646212,826612,431,891,167
BAY,0016,time_share,0.2,0.2,0.2,0.2,0.2,0.2,646212,826612,431,891,167
BAY,0016,time_share,0.3,0.175,0.3,0.175,0.175,0.175,646212,826612,431,891,167
BAY,0016,time_share,0.4,0.15,0.4,0.15,0.15,0.15,646212,826612,431,891,167
BAY,0016,time_share,0.5,0.125,0.5,0.125,0.125,0.125,642438,773295,453,905,172
BAY,0016,time_share,0.6,0.1,0.6,0.1,0.1,0.1,642438,773295,453,905,172
BAY,0016,time_share,0.7,0.075,0.7,0.075,0.075,0.075,642438,773295,453,905,172
BAY,0016,time_share,0.8,0.05,0.8,0.05,0.05,0.05,642438,773295,453,905,172
BAY,0016,time_share,0.9,0.025,0.9,0.025,0.025,0.025,642438,773295,453,905,172
BAY,0016,time_share,1.0,0.0,1.0,0.0,0.0,0.0,639517,770589,531,1049,190
BAY,0016,stability_share,0.0,0.25,0.375,0.0,0.0,0.375,642438,773295,453,905,172
BAY,0016,stability_share,0.1,0.225,0.3375,0.058333333333333334,0.041666666666666664,0.3375,646212,826612,431,891,167
BAY,0016,stability_share,0.2,0.2,0.3,0.11666666666666667,0.08333333333333333,0.3,646212,826612,431,891,167
BAY,0016,stability_share,0.3,0.175,0.2625,0.175,0.125,0.2625,646212,826612,431,891,167
BAY,0016,stability_share,0.4,0.15,0.225,0.23333333333333334,0.16666666666666666,0.225,646212,826612,431,891,167
BAY,0016,stability_share,0.5,0.125,0.1875,0.2916666666666667,0.20833333333333334,0.1875,913568,1815372,253,771,134
BAY,0016,stability_share,0.6,0.1,0.15,0.35,0.25,0.15,913568,1815372,253,771,134
BAY,0016,stability_share,0.7,0.075,0.1125,0.4083333333333333,0.2916666666666667,0.1125,913568,1815372,253,771,134
BAY,0016,stability_share,0.8,0.05,0.075,0.4666666666666667,0.3333333333333333,0.075,913568,1815372,253,771,134
BAY,0016,stability_share,0.9,0.025,0.0375,0.525,0.375,0.0375,939514,1988593,247,777,133
BAY,0016,stability_share,1.0,0.0,0.0,0.5833333333333334,0.4166666666666667,0.0,939514,1988593,247,777,133
BAY,0017,time_share,0.0,0.25,0.0,0.25,0.25,0.25,1898560,3744813,2938,2314,418
BAY,0017,time_share,0.1,0.225,0.1,0.225,0.225,0.225,1898560,3744813,2938,2314,418
BAY,0017,time_share,0.2,0.2,0.2,0.2,0.2,0.2,1898560,3744813,2938,2314,418
BAY,0017,time_share,0.3,0.175,0.3,0.175,0.175,0.175,1898560,3744813,2938,2314,418
BAY,0017,time_share,0.4,0.15,0.4,0.15,0.15,0.15,1898560,3744813,2938,2314,418
BAY,0017,time_share,0.5,0.125,0.5,0.125,0.125,0.125,1898560,3744813,2938,2314,418
BAY,0017,time_share,0.6,0.1,0.6,0.1,0.1,0.1,1790093,3079838,3022,2852,522
BAY,0017,time_share,0.7,0.075,0.7,0.075,0.075,0.075,1790093,3079838,3022,2852,522
BAY,0017,time_share,0.8,0.05,0.8,0.05,0.05,0.05,1779574,3060794,3054,2890,530
BAY,0017,time_share,0.9,0.025,0.9,0.025,0.025,0.025,1779574,3060794,3054,2890,530
BAY,0017,time_share,1.0,0.0,1.0,0.0,0.0,0.0,1782050,3057726,3062,2908,534
BAY,0017,stability_share,0.0,0.25,0.375,0.0,0.0,0.375,1898560,3744813,2938,2314,418
BAY,0017,stability_share,0.1,0.225,0.3375,0.058333333333333334,0.041666666666666664,0.3375,1898560,3744813,2938,2314,418
BAY,0017,stability_share,0.2,0.2,0.3,0.11666666666666667,0.08333333333333333,0.3,1898560,3744813,2938,2314,418
BAY,0017,stability_share,0.3,0.175,0.2625,0.175,0.125,0.2625,1898560,3744813,2938,2314,418
BAY,0017,stability_share,0.4,0.15,0.225,0.23333333333333334,0.16666666666666666,0.225,1898560,3744813,2938,2314,418
BAY,0017,stability_share,0.5,0.125,0.1875,0.2916666666666667,0.20833333333333334,0.1875,1898560,3744813,2938,2314,418
BAY,0017,stability_share,0.6,0.1,0.15,0.35,0.25,0.15,1898560,3744813,2938,2314,418
BAY,0017,stability_share,0.7,0.075,0.1125,0.4083333333333333,0.2916666666666667,0.1125,1898560,3744813,2938,2314,418
BAY,0017,stability_share,0.8,0.05,0.075,0.4666666666666667,0.3333333333333333,0.075,1898560,3744813,2938,2314,418
BAY,0017,stability_share,0.9,0.025,0.0375,0.525,0.375,0.0375,1898560,3744813,2938,2314,418
BAY,0017,stability_share,1.0,0.0,0.0,0.5833333333333334,0.4166666666666667,0.0,1898560,3744813,2938,2314,418
BAY,0018,time_share,0.0,0.25,0.0,0.25,0.25,0.25,890171,1876688,1387,1540,265
BAY,0018,time_share,0.1,0.225,0.1,0.225,0.225,0.225,890171,1876688,1387,1540,265
BAY,0018,time_share,0.2,0.2,0.2,0.2,0.2,0.2,890171,1876688,1387,1540,265
BAY,0018,time_share,0.3,0.175,0.3,0.175,0.175,0.175,890171,1876688,1387,1540,265
BAY,0018,time_share,0.4,0.15,0.4,0.15,0.15,0.15,890171,1876688,1387,1540,265
BAY,0018,time_share,0.5,0.125,0.5,0.125,0.125,0.125,997465,1484812,1205,2024,367
BAY,0018,time_share,0.6,0.1,0.6,0.1,0.1,0.1,1095935,1147126,1589,2054,398
BAY,0018,time_share,0.7,0.075,0.7,0.075,0.075,0.075,1095935,1147126,1589,2054,398
BAY,0018,time_share,0.8,0.05,0.8,0.05,0.05,0.05,1095935,1147126,1589,2054,398
BAY,0018,time_share,0.9,0.025,0.9,0.025,0.025,0.025,1095935,1147126,1589,2054,398
BAY,0018,time_share,1.0,0.0,1.0,0.0,0.0,0.0,1095935,1147126,1589,2054,398
BAY,0018,stability_share,0.0,0.25,0.375,0.0,0.0,0.375,932817,1971480,1635,1330,230
BAY,0018,stability_share,0.1,0.225,0.3375,0.058333333333333334,0.041666666666666664,0.3375,890171,1876688,1387,1540,265
BAY,0018,stability_share,0.2,0.2,0.3,0.11666666666666667,0.08333333333333333,0.3,890171,1876688,1387,1540,265
BAY,0018,stability_share,0.3,0.175,0.2625,0.175,0.125,0.2625,890171,1876688,1387,1540,265
BAY,0018,stability_share,0.4,0.15,0.225,0.23333333333333334,0.16666666666666666,0.225,890171,1876688,1387,1540,265
BAY,0018,stability_share,0.5,0.125,0.1875,0.2916666666666667,0.20833333333333334,0.1875,995351,1645781,979,2046,354
BAY,0018,stability_share,0.6,0.1,0.15,0.35,0.25,0.15,995351,1645781,979,2046,354
BAY,0018,stability_share,0.7,0.075,0.1125,0.4083333333333333,0.2916666666666667,0.1125,1114474,2206779,899,1872,336
BAY,0018,stability_share,0.8,0.05,0.075,0.4666666666666667,0.3333333333333333,0.075,1114474,2206779,899,1872,336
BAY,0018,stability_share,0.9,0.025,0.0375,0.525,0.375,0.0375,1114474,2206779,899,1872,336
BAY,0018,stability_share,1.0,0.0,0.0,0.5833333333333334,0.4166666666666667,0.0,1114474,2206779,899,1872,336
BAY,0019,time_share,0.0,0.25,0.0,0.25,0.25,0.25,478347,710702,693,1318,233
BAY,0019,time_share,0.1,0.225,0.1,0.225,0.225,0.225,478347,710702,693,1318,233
BAY,0019,time_share,0.2,0.2,0.2,0.2,0.2,0.2,462715,602516,943,1328,242
BAY,0019,time_share,0.3,0.175,0.3,0.175,0.175,0.175,462715,602516,943,1328,242
BAY,0019,time_share,0.4,0.15,0.4,0.15,0.15,0.15,462715,602516,943,1328,242
BAY,0019,time_share,0.5,0.125,0.5,0.125,0.125,0.125,463356,559570,975,1378,249
BAY,0019,time_share,0.6,0.1,0.6,0.1,0.1,0.1,467026,546305,977,1386,251
BAY,0019,time_share,0.7,0.075,0.7,0.075,0.075,0.075,467026,546305,977,1386,251
BAY,0019,time_share,0.8,0.05,0.8,0.05,0.05,0.05,467026,546305,977,1386,251
BAY,0019,time_share,0.9,0.025,0.9,0.025,0.025,0.025,467026,546305,977,1386,251
BAY,0019,time_share,1.0,0.0,1.0,0.0,0.0,0.0,467026,546305,977,1386,251
BAY,0019,stability_share,0.0,0.25,0.375,0.0,0.0,0.375,462715,602516,943,1328,242
BAY,0019,stability_share,0.1,0.225,0.3375,0.058333333333333334,0.041666666666666664,0.3375,462715,602516,943,1328,242
BAY,0019,stability_share,0.2,0.2,0.3,0.11666666666666667,0.08333333333333333,0.3,462715,602516,943,1328,242
BAY,0019,stability_share,0.3,0.175,0.2625,0.175,0.125,0.2625,462715,602516,943,1328,242
BAY,0019,stability_share,0.4,0.15,0.225,0.23333333333333334,0.16666666666666666,0.225,465305,639492,767,1354,243
BAY,0019,stability_share,0.5,0.125,0.1875,0.2916666666666667,0.20833333333333334,0.1875,478347,710702,693,1318,233
BAY,0019,stability_share,0.6,0.1,0.15,0.35,0.25,0.15,478347,710702,693,1318,233
BAY,0019,stability_share,0.7,0.075,0.1125,0.4083333333333333,0.2916666666666667,0.1125,478347,710702,693,1318,233
BAY,0019,stability_share,0.8,0.05,0.075,0.4666666666666667,0.3333333333333333,0.075,478347,710702,693,1318,233
BAY,0019,stability_share,0.9,0.025,0.0375,0.525,0.375,0.0375,478347,710702,693,1318,233
BAY,0019,stability_share,1.0,0.0,0.0,0.5833333333333334,0.4166666666666667,0.0,478347,710702,693,1318,233
BAY,0020,time_share,0.0,0.25,0.0,0.25,0.25,0.25,805350,1536499,772,1340,247
BAY,0020,time_share,0.1,0.225,0.1,0.225,0.225,0.225,805350,1536499,772,1340,247
BAY,0020,time_share,0.2,0.2,0.2,0.2,0.2,0.2,805350,1536499,772,1340,247
BAY,0020,time_share,0.3,0.175,0.3,0.175,0.175,0.175,805350,1536499,772,1340,247
BAY,0020,time_share,0.4,0.15,0.4,0.15,0.15,0.15,805080,1490207,784,1376,255
BAY,0020,time_share,0.5,0.125,0.5,0.125,0.125,0.125,859641,955778,1330,1638,326
BAY,0020,time_share,0.6,0.1,0.6,0.1,0.1,0.1,859641,955778,1330,1638,326
BAY,0020,time_share,0.7,0.075,0.7,0.075,0.075,0.075,859641,955778,1330,1638,326
BAY,0020,time_share,0.8,0.05,0.8,0.05,0.05,0.05,859641,955778,1330,1638,326
BAY,0020,time_share,0.9,0.025,0.9,0.025,0.025,0.025,858043,952273,1350,1670,332
BAY,0020,time_share,1.0,0.0,1.0,0.0,0.0,0.0,858043,952273,1350,1670,332
BAY,0020,stability_share,0.0,0.25,0.375,0.0,0.0,0.375,805080,1490207,784,1376,255
BAY,0020,stability_share,0.1,0.225,0.3375,0.058333333333333334,0.041666666666666664,0.3375,805350,1536499,772,1340,247
BAY,0020,stability_share,0.2,0.2,0.3,0.11666666666666667,0.08333333333333333,0.3,805350,1536499,772,1340,247
BAY,0020,stability_share,0.3,0.175,0.2625,0.175,0.125,0.2625,805350,1536499,772,1340,247
BAY,0020,stability_share,0.4,0.15,0.225,0.23333333333333334,0.16666666666666666,0.225,805350,1536499,772,1340,247
BAY,0020,stability_share,0.5,0.125,0.1875,0.2916666666666667,0.20833333333333334,0.1875,805350,1536499,772,1340,247
BAY,0020,stability_share,0.6,0.1,0.15,0.35,0.25,0.15,805350,1536499,772,1340,247
BAY,0020,stability_share,0.7,0.075,0.1125,0.4083333333333333,0.2916666666666667,0.1125,805350,1536499,772,1340,247
BAY,0020,stability_share,0.8,0.05,0.075,0.4666666666666667,0.3333333333333333,0.075,805350,1536499,772,1340,247
BAY,0020,stability_share,0.9,0.025,0.0375,0.525,0.375,0.0375,805350,1536499,772,1340,247
BAY,0020,stability_share,1.0,0.0,0.0,0.5833333333333334,0.4166666666666667,0.0,805350,1536499,772,1340,247
BAY,0021,time_share,0.0,0.25,0.0,0.25,0.25,0.25,1103808,2565006,375,999,177
BAY,0021,time_share,0.1,0.225,0.1,0.225,0.225,0.225,1031094,2001139,359,1111,194
BAY,0021,time_share,0.2,0.2,0.2,0.2,0.2,0.2,1031094,2001139,359,1111,194
BAY,0021,time_share,0.3,0.175,0.3,0.175,0.175,0.175,1031094,2001139,359,1111,194
BAY,0021,time_share,0.4,0.15,0.4,0.15,0.15,0.15,904878,1420988,467,1301,230
BAY,0021,time_share,0.5,0.125,0.5,0.125,0.125,0.125,904878,1420988,467,1301,230
BAY,0021,time_share,0.6,0.1,0.6,0.1,0.1,0.1,904878,1420988,467,1301,230
BAY,0021,time_share,0.7,0.075,0.7,0.075,0.075,0.075,808566,1059563,595,1697,311
BAY,0021,time_share,0.8,0.05,0.8,0.05,0.05,0.05,809216,1052297,601,1705,314
BAY,0021,time_share,0.9,0.025,0.9,0.025,0.025,0.025,809216,1052297,601,1705,314
BAY,0021,time_share,1.0,0.0,1.0,0.0,0.0,0.0,809178,1052259,603,1705,314
BAY,0021,stability_share,0.0,0.25,0.375,0.0,0.0,0.375,904878,1420988,467,1301,230
BAY,0021,stability_share,0.1,0.225,0.3375,0.058333333333333334,0.041666666666666664,0.3375,904878,1420988,467,1301,230
BAY,0021,stability_share,0.2,0.2,0.3,0.11666666666666667,0.08333333333333333,0.3,904878,1420988,467,1301,230
BAY,0021,stability_share,0.3,0.175,0.2625,0.175,0.125,0.2625,1031094,2001139,359,1111,194
BAY,0021,stability_share,0.4,0.15,0.225,0.23333333333333334,0.16666666666666666,0.225,1031094,2001139,359,1111,194
BAY,0021,stability_share,0.5,0.125,0.1875,0.2916666666666667,0.20833333333333334,0.1875,1031094,2001139,359,1111,194
BAY,0021,stability_share,0.6,0.1,0.15,0.35,0.25,0.15,1031094,2001139,359,1111,194
BAY,0021,stability_share,0.7,0.075,0.1125,0.4083333333333333,0.2916666666666667,0.1125,1031094,2001139,359,1111,194
BAY,0021,stability_share,0.8,0.05,0.075,0.4666666666666667,0.3333333333333333,0.075,1103808,2565006,375,999,177
BAY,0021,stability_share,0.9,0.025,0.0375,0.525,0.375,0.0375,1103808,2565006,375,999,177
BAY,0021,stability_share,1.0,0.0,0.0,0.5833333333333334,0.4166666666666667,0.0,1103808,2565006,375,999,177
BAY,0022,time_share,0.0,0.25,0.0,0.25,0.25,0.25,1972298,4207021,1632,2534,447
BAY,0022,time_share,0.1,0.225,0.1,0.225,0.225,0.225,1972298,4207021,1632,2534,447
BAY,0022,time_share,0.2,0.2,0.2,0.2,0.2,0.2,1795286,3199130,1700,2980,543
BAY,0022,time_share,0.3,0.175,0.3,0.175,0.175,0.175,1787008,1989795,1972,3324,646
BAY,0022,time_share,0.4,0.15,0.4,0.15,0.15,0.15,1787008,1989795,1972,3324,646
BAY,0022,time_share,0.5,0.125,0.5,0.125,0.125,0.125,1787008,1989795,1972,3324,646
BAY,0022,time_share,0.6,0.1,0.6,0.1,0.1,0.1,1782916,1906250,2016,3424,663
BAY,0022,time_share,0.7,0.075,0.7,0.075,0.075,0.075,1782916,1906250,2016,3424,663
BAY,0022,time_share,0.8,0.05,0.8,0.05,0.05,0.05,1782916,1906250,2016,3424,663
BAY,0022,time_share,0.9,0.025,0.9,0.025,0.025,0.025,1782916,1906250,2016,3424,663
BAY,0022,time_share,1.0,0.0,1.0,0.0,0.0,0.0,1754789,1859162,2550,3916,755
BAY,0022,stability_share,0.0,0.25,0.375,0.0,0.0,0.375,1711143,2084036,2174,3364,645
BAY,0022,stability_share,0.1,0.225,0.3375,0.058333333333333334,0.041666666666666664,0.3375,1711143,2084036,2174,3364,645
BAY,0022,stability_share,0.2,0.2,0.3,0.11666666666666667,0.08333333333333333,0.3,1795286,3199130,1700,2980,543
BAY,0022,stability_share,0.3,0.175,0.2625,0.175,0.125,0.2625,1795286,3199130,1700,2980,543
BAY,0022,stability_share,0.4,0.15,0.225,0.23333333333333334,0.16666666666666666,0.225,1972298,4207021,1632,2534,447
BAY,0022,stability_share,0.5,0.125,0.1875,0.2916666666666667,0.20833333333333334,0.1875,1972298,4207021,1632,2534,447
BAY,0022,stability_share,0.6,0.1,0.15,0.35,0.25,0.15,1972298,4207021,1632,2534,447
BAY,0022,stability_share,0.7,0.075,0.1125,0.4083333333333333,0.2916666666666667,0.1125,1972298,4207021,1632,2534,447
BAY,0022,stability_share,0.8,0.05,0.075,0.4666666666666667,0.3333333333333333,0.075,1972298,4207021,1632,2534,447
BAY,0022,stability_share,0.9,0.025,0.0375,0.525,0.375,0.0375,1972298,4207021,1632,2534,447
BAY,0022,stability_share,1.0,0.0,0.0,0.5833333333333334,0.4166666666666667,0.0,1972298,4207021,1632,2534,447
BAY,0023,time_share,0.0,0.25,0.0,0.25,0.25,0.25,1197172,1431500,2241,2521,507
BAY,0023,time_share,0.1,0.225,0.1,0.225,0.225,0.225,1197172,1431500,2241,2521,507
BAY,0023,time_share,0.2,0.2,0.2,0.2,0.2,0.2,1197172,1431500,2241,2521,507
BAY,0023,time_share,0.3,0.175,0.3,0.175,0.175,0.175,1197172,1431500,2241,2521,507
BAY,0023,time_share,0.4,0.15,0.4,0.15,0.15,0.15,1197172,1431500,2241,2521,507
BAY,0023,time_share,0.5,0.125,0.5,0.125,0.125,0.125,1197796,1400511,2263,2553,512
BAY,0023,time_share,0.6,0.1,0.6,0.1,0.1,0.1,1186802,1302441,2415,2693,541
BAY,0023,time_share,0.7,0.075,0.7,0.075,0.075,0.075,1186802,1302441,2415,2693,541
BAY,0023,time_share,0.8,0.05,0.8,0.05,0.05,0.05,1186802,1302441,2415,2693,541
BAY,0023,time_share,0.9,0.025,0.9,0.025,0.025,0.025,1186802,1302441,2415,2693,541
BAY,0023,time_share,1.0,0.0,1.0,0.0,0.0,0.0,1223432,1286695,2497,2867,577
BAY,0023,stability_share,0.0,0.25,0.375,0.0,0.0,0.375,1197172,1431500,2241,2521,507
BAY,0023,stability_share,0.1,0.225,0.3375,0.058333333333333334,0.041666666666666664,0.3375,1197172,1431500,2241,2521,507
BAY,0023,stability_share,0.2,0.2,0.3,0.11666666666666667,0.08333333333333333,0.3,1197172,1431500,2241,2521,507
BAY,0023,stability_share,0.3,0.175,0.2625,0.175,0.125,0.2625,1197172,1431500,2241,2521,507
BAY,0023,stability_share,0.4,0.15,0.225,0.23333333333333334,0.16666666666666666,0.225,1197172,1431500,2241,2521,507
BAY,0023,stability_share,0.5,0.125,0.1875,0.2916666666666667,0.20833333333333334,0.1875,1197172,1431500,2241,2521,507
BAY,0023,stability_share,0.6,0.1,0.15,0.35,0.25,0.15,1197172,1431500,2241,2521,507
BAY,0023,stability_share,0.7,0.075,0.1125,0.4083333333333333,0.2916666666666667,0.1125,1197172,1431500,2241,2521,507
BAY,0023,stability_share,0.8,0.05,0.075,0.4666666666666667,0.3333333333333333,0.075,1197172,1431500,2241,2521,507
BAY,0023,stability_share,0.9,0.025,0.0375,0.525,0.375,0.0375,1197172,1431500,2241,2521,507
BAY,0023,stability_share,1.0,0.0,0.0,0.5833333333333334,0.4166666666666667,0.0,1197172,1431500,2241,2521,507
BAY,0024,time_share,0.0,0.25,0.0,0.25,0.25,0.25,641611,842006,1778,1923,339
BAY,0024,time_share,0.1,0.225,0.1,0.225,0.225,0.225,641611,842006,1778,1923,339
BAY,0024,time_share,0.2,0.2,0.2,0.2,0.2,0.2,641611,842006,1778,1923,339
BAY,0024,time_share,0.3,0.175,0.3,0.175,0.175,0.175,641611,842006,1778,1923,339
BAY,0024,time_share,0.4,0.15,0.4,0.15,0.15,0.15,641611,842006,1778,1923,339
BAY,0024,time_share,0.5,0.125,0.5,0.125,0.125,0.125,644241,737452,1946,1993,360
BAY,0024,time_share,0.6,0.1,0.6,0.1,0.1,0.1,644241,737452,1946,1993,360
BAY,0024,time_share,0.7,0.075,0.7,0.075,0.075,0.075,644241,737452,1946,1993,360
BAY,0024,time_share,0.8,0.05,0.8,0.05,0.05,0.05,669277,698712,2066,2117,385
BAY,0024,time_share,0.9,0.025,0.9,0.025,0.025,0.025,669277,698712,2066,2117,385
BAY,0024,time_share,1.0,0.0,1.0,0.0,0.0,0.0,664765,697522,2272,2167,390
BAY,0024,stability_share,0.0,0.25,0.375,0.0,0.0,0.375,641538,841409,1954,1831,328
BAY,0024,stability_share,0.1,0.225,0.3375,0.058333333333333334,0.041666666666666664,0.3375,641538,841409,1954,1831,328
BAY,0024,stability_share,0.2,0.2,0.3,0.11666666666666667,0.08333333333333333,0.3,641538,841409,1954,1831,328
BAY,0024,stability_share,0.3,0.175,0.2625,0.175,0.125,0.2625,641611,842006,1778,1923,339
BAY,0024,stability_share,0.4,0.15,0.225,0.23333333333333334,0.16666666666666666,0.225,641611,842006,1778,1923,339
BAY,0024,stability_share,0.5,0.125,0.1875,0.2916666666666667,0.20833333333333334,0.1875,641611,842006,1778,1923,339
BAY,0024,stability_share,0.6,0.1,0.15,0.35,0.25,0.15,641611,842006,1778,1923,339
BAY,0024,stability_share,0.7,0.075,0.1125,0.4083333333333333,0.2916666666666667,0.1125,641611,842006,1778,1923,339
BAY,0024,stability_share,0.8,0.05,0.075,0.4666666666666667,0.3333333333333333,0.075,641611,842006,1778,1923,339
BAY,0024,stability_share,0.9,0.025,0.0375,0.525,0.375,0.0375,641611,842006,1778,1923,339
BAY,0024,stability_share,1.0,0.0,0.0,0.5833333333333334,0.4166666666666667,0.0,641611,842006,1778,1923,339
BAY,0025,time_share,0.0,0.25,0.0,0.25,0.25,0.25,1231462,2510224,1698,1939,360
BAY,0025,time_share,0.1,0.225,0.1,0.225,0.225,0.225,1231462,2510224,1698,1939,360
BAY,0025,time_share,0.2,0.2,0.2,0.2,0.2,0.2,1132373,1752894,1644,2365,446
BAY,0025,time_share,0.3,0.175,0.3,0.175,0.175,0.175,1132373,1752894,1644,2365,446
BAY,0025,time_share,0.4,0.15,0.4,0.15,0.15,0.15,1142355,1642847,1720,2409,454
BAY,0025,time_share,0.5,0.125,0.5,0.125,0.125,0.125,1142355,1642847,1720,2409,454
BAY,0025,time_share,0.6,0.1,0.6,0.1,0.1,0.1,1142355,1642847,1720,2409,454
BAY,0025,time_share,0.7,0.075,0.7,0.075,0.075,0.075,1142355,1642847,1720,2409,454
BAY,0025,time_share,0.8,0.05,0.8,0.05,0.05,0.05,1144064,1637240,1746,2419,456
BAY,0025,time_share,0.9,0.025,0.9,0.025,0.025,0.025,1382519,1481872,2408,3025,569
BAY,0025,time_share,1.0,0.0,1.0,0.0,0.0,0.0,1382448,1481793,2430,3031,570
BAY,0025,stability_share,0.0,0.25,0.375,0.0,0.0,0.375,1137254,1671118,1700,2403,452
BAY,0025,stability_share,0.1,0.225,0.3375,0.058333333333333334,0.041666666666666664,0.3375,1137254,1671118,1700,2403,452
BAY,0025,stability_share,0.2,0.2,0.3,0.11666666666666667,0.08333333333333333,0.3,1132373,1752894,1644,2365,446
BAY,0025,stability_share,0.3,0.175,0.2625,0.175,0.125,0.2625,1132373,1752894,1644,2365,446
BAY,0025,stability_share,0.4,0.15,0.225,0.23333333333333334,0.16666666666666666,0.225,1199095,2189438,1318,2217,418
BAY,0025,stability_share,0.5,0.125,0.1875,0.2916666666666667,0.20833333333333334,0.1875,1199095,2189438,1318,2217,418
BAY,0025,stability_share,0.6,0.1,0.15,0.35,0.25,0.15,1199095,2189438,1318,2217,418
BAY,0025,stability_share,0.7,0.075,0.1125,0.4083333333333333,0.2916666666666667,0.1125,1199095,2189438,1318,2217,418
BAY,0025,stability_share,0.8,0.05,0.075,0.4666666666666667,0.3333333333333333,0.075,1199095,2189438,1318,2217,418
BAY,0025,stability_share,0.9,0.025,0.0375,0.525,0.375,0.0375,1199095,2189438,1318,2217,418
BAY,0025,stability_share,1.0,0.0,0.0,0.5833333333333334,0.4166666666666667,0.0,1199095,2189438,1318,2217,418
BAY,0026,time_share,0.0,0.25,0.0,0.25,0.25,0.25,565533,915321,364,854,155
BAY,0026,time_share,0.1,0.225,0.1,0.225,0.225,0.225,565533,915321,364,854,155
BAY,0026,time_share,0.2,0.2,0.2,0.2,0.2,0.2,565533,915321,364,854,155
BAY,0026,time_share,0.3,0.175,0.3,0.175,0.175,0.175,565533,915321,364,854,155
BAY,0026,time_share,0.4,0.15,0.4,0.15,0.15,0.15,565533,915321,364,854,155
BAY,0026,time_share,0.5,0.125,0.5,0.125,0.125,0.125,565533,915321,364,854,155
BAY,0026,time_share,0.6,0.1,0.6,0.1,0.1,0.1,490782,567720,596,1162,215
BAY,0026,time_share,0.7,0.075,0.7,0.075,0.075,0.075,490782,567720,596,1162,215
BAY,0026,time_share,0.8,0.05,0.8,0.05,0.05,0.05,490782,567720,596,1162,215
BAY,0026,time_share,0.9,0.025,0.9,0.025,0.025,0.025,490782,567720,596,1162,215
BAY,0026,time_share,1.0,0.0,1.0,0.0,0.0,0.0,490782,567719,596,1168,216
BAY,0026,stability_share,0.0,0.25,0.375,0.0,0.0,0.375,565934,916484,392,834,153
BAY,0026,stability_share,0.1,0.225,0.3375,0.058333333333333334,0.041666666666666664,0.3375,565934,916484,392,834,153
BAY,0026,stability_share,0.2,0.2,0.3,0.11666666666666667,0.08333333333333333,0.3,565533,915321,364,854,155
BAY,0026,stability_share,0.3,0.175,0.2625,0.175,0.125,0.2625,565533,915321,364,854,155
BAY,0026,stability_share,0.4,0.15,0.225,0.23333333333333334,0.16666666666666666,0.225,565533,915321,364,854,155
BAY,0026,stability_share,0.5,0.125,0.1875,0.2916666666666667,0.20833333333333334,0.1875,565533,915321,364,854,155
BAY,0026,stability_share,0.6,0.1,0.15,0.35,0.25,0.15,565533,915321,364,854,155
BAY,0026,stability_share,0.7,0.075,0.1125,0.4083333333333333,0.2916666666666667,0.1125,820364,1934210,238,842,136
BAY,0026,stability_share,0.8,0.05,0.075,0.4666666666666667,0.3333333333333333,0.075,820364,1934210,238,842,136
BAY,0026,stability_share,0.9,0.025,0.0375,0.525,0.375,0.0375,820364,1934210,238,842,136
BAY,0026,stability_share,1.0,0.0,0.0,0.5833333333333334,0.4166666666666667,0.0,820364,1934210,238,842,136
BAY,0027,time_share,0.0,0.25,0.0,0.25,0.25,0.25,361897,873046,2078,472,100
BAY,0027,time_share,0.1,0.225,0.1,0.225,0.225,0.225,410656,691362,384,622,118
BAY,0027,time_share,0.2,0.2,0.2,0.2,0.2,0.2,410656,691362,384,622,118
BAY,0027,time_share,0.3,0.175,0.3,0.175,0.175,0.175,410656,691362,384,622,118
BAY,0027,time_share,0.4,0.15,0.4,0.15,0.15,0.15,410656,691362,384,622,118
BAY,0027,time_share,0.5,0.125,0.5,0.125,0.125,0.125,410656,691362,384,622,118
BAY,0027,time_share,0.6,0.1,0.6,0.1,0.1,0.1,410656,691362,384,622,118
BAY,0027,time_share,0.7,0.075,0.7,0.075,0.075,0.075,321163,664484,1360,866,150
BAY,0027,time_share,0.8,0.05,0.8,0.05,0.05,0.05,321163,664484,1360,866,150
BAY,0027,time_share,0.9,0.025,0.9,0.025,0.025,0.025,321163,664484,1360,866,150
BAY,0027,time_share,1.0,0.0,1.0,0.0,0.0,0.0,321548,664398,1360,872,151
BAY,0027,stability_share,0.0,0.25,0.375,0.0,0.0,0.375,319506,704952,1632,742,128
BAY,0027,stability_share,0.1,0.225,0.3375,0.058333333333333334,0.041666666666666664,0.3375,319506,704952,1632,742,128
BAY,0027,stability_share,0.2,0.2,0.3,0.11666666666666667,0.08333333333333333,0.3,410656,691362,384,622,118
BAY,0027,stability_share,0.3,0.175,0.2625,0.175,0.125,0.2625,410656,691362,384,622,118
BAY,0027,stability_share,0.4,0.15,0.225,0.23333333333333334,0.16666666666666666,0.225,410656,691362,384,622,118
BAY,0027,stability_share,0.5,0.125,0.1875,0.2916666666666667,0.20833333333333334,0.1875,410656,691362,384,622,118
BAY,0027,stability_share,0.6,0.1,0.15,0.35,0.25,0.15,410656,691362,384,622,118
BAY,0027,stability_share,0.7,0.075,0.1125,0.4083333333333333,0.2916666666666667,0.1125,410656,691362,384,622,118
BAY,0027,stability_share,0.8,0.05,0.075,0.4666666666666667,0.3333333333333333,0.075,410656,691362,384,622,118
BAY,0027,stability_share,0.9,0.025,0.0375,0.525,0.375,0.0375,415423,726353,368,616,114
BAY,0027,stability_share,1.0,0.0,0.0,0.5833333333333334,0.4166666666666667,0.0,415423,726353,368,616,114
BAY,0028,time_share,0.0,0.25,0.0,0.25,0.25,0.25,147032,355217,149,498,83
BAY,0028,time_share,0.1,0.225,0.1,0.225,0.225,0.225,147032,355217,149,498,83
BAY,0028,time_share,0.2,0.2,0.2,0.2,0.2,0.2,147032,355217,149,498,83
BAY,0028,time_share,0.3,0.175,0.3,0.175,0.175,0.175,143144,266591,131,574,102
BAY,0028,time_share,0.4,0.15,0.4,0.15,0.15,0.15,143144,266591,131,574,102
BAY,0028,time_share,0.5,0.125,0.5,0.125,0.125,0.125,143144,266591,131,574,102
BAY,0028,time_share,0.6,0.1,0.6,0.1,0.1,0.1,143144,266591,131,574,102
BAY,0028,time_share,0.7,0.075,0.7,0.075,0.075,0.075,138795,256369,165,638,111
BAY,0028,time_share,0.8,0.05,0.8,0.05,0.05,0.05,158839,240301,155,664,125
BAY,0028,time_share,0.9,0.025,0.9,0.025,0.025,0.025,165200,233820,169,732,136
BAY,0028,time_share,1.0,0.0,1.0,0.0,0.0,0.0,165200,233820,169,732,136
BAY,0028,stability_share,0.0,0.25,0.375,0.0,0.0,0.375,143144,266591,131,574,102
BAY,0028,stability_share,0.1,0.225,0.3375,0.058333333333333334,0.041666666666666664,0.3375,143144,266591,131,574,102
BAY,0028,stability_share,0.2,0.2,0.3,0.11666666666666667,0.08333333333333333,0.3,143144,266591,131,574,102
BAY,0028,stability_share,0.3,0.175,0.2625,0.175,0.125,0.2625,147032,355217,149,498,83
BAY,0028,stability_share,0.4,0.15,0.225,0.23333333333333334,0.16666666666666666,0.225,147032,355217,149,498,83
BAY,0028,stability_share,0.5,0.125,0.1875,0.2916666666666667,0.20833333333333334,0.1875,147211,355668,143,494,84
BAY,0028,stability_share,0.6,0.1,0.15,0.35,0.25,0.15,147211,355668,143,494,84
BAY,0028,stability_share,0.7,0.075,0.1125,0.4083333333333333,0.2916666666666667,0.1125,147211,355668,143,494,84
BAY,0028,stability_share,0.8,0.05,0.075,0.4666666666666667,0.3333333333333333,0.075,147211,355668,143,494,84
BAY,0028,stability_share,0.9,0.025,0.0375,0.525,0.375,0.0375,147211,355668,143,494,84
BAY,0028,stability_share,1.0,0.0,0.0,0.5833333333333334,0.4166666666666667,0.0,147211,355668,143,494,84
BAY,0029,time_share,0.0,0.25,0.0,0.25,0.25,0.25,538608,1218275,198,591,109
BAY,0029,time_share,0.1,0.225,0.1,0.225,0.225,0.225,538608,1218275,198,591,109
BAY,0029,time_share,0.2,0.2,0.2,0.2,0.2,0.2,538608,1218275,198,591,109
BAY,0029,time_share,0.3,0.175,0.3,0.175,0.175,0.175,538608,1218275,198,591,109
BAY,0029,time_share,0.4,0.15,0.4,0.15,0.15,0.15,528658,963485,218,689,128
BAY,0029,time_share,0.5,0.125,0.5,0.125,0.125,0.125,528658,963485,218,689,128
BAY,0029,time_share,0.6,0.1,0.6,0.1,0.1,0.1,528658,963485,218,689,128
BAY,0029,time_share,0.7,0.075,0.7,0.075,0.075,0.075,528658,963485,218,689,128
BAY,0029,time_share,0.8,0.05,0.8,0.05,0.05,0.05,528658,963485,218,689,128
BAY,0029,time_share,0.9,0.025,0.9,0.025,0.025,0.025,541374,940300,284,753,142
BAY,0029,time_share,1.0,0.0,1.0,0.0,0.0,0.0,541320,940162,288,757,142
BAY,0029,stability_share,0.0,0.25,0.375,0.0,0.0,0.375,510514,1018662,222,691,126
BAY,0029,stability_share,0.1,0.225,0.3375,0.058333333333333334,0.041666666666666664,0.3375,510568,1018800,218,687,126
BAY,0029,stability_share,0.2,0.2,0.3,0.11666666666666667,0.08333333333333333,0.3,538608,1218275,198,591,109
BAY,0029,stability_share,0.3,0.175,0.2625,0.175,0.125,0.2625,538608,1218275,198,591,109
BAY,0029,stability_share,0.4,0.15,0.225,0.23333333333333334,0.16666666666666666,0.225,538608,1218275,198,591,109
BAY,0029,stability_share,0.5,0.125,0.1875,0.2916666666666667,0.20833333333333334,0.1875,538608,1218275,198,591,109
BAY,0029,stability_share,0.6,0.1,0.15,0.35,0.25,0.15,538608,1218275,198,591,109
BAY,0029,stability_share,0.7,0.075,0.1125,0.4083333333333333,0.2916666666666667,0.1125,538608,1218275,198,591,109
BAY,0029,stability_share,0.8,0.05,0.075,0.4666666666666667,0.3333333333333333,0.075,538608,1218275,198,591,109
BAY,0029,stability_share,0.9,0.025,0.0375,0.525,0.375,0.0375,565709,1281600,184,619,115
BAY,0029,stability_share,1.0,0.0,0.0,0.5833333333333334,0.4166666666666667,0.0,565709,1281600,184,619,115
BAY,0030,time_share,0.0,0.25,0.0,0.25,0.25,0.25,1222701,2686670,623,1306,230
BAY,0030,time_share,0.1,0.225,0.1,0.225,0.225,0.225,1110582,2003854,593,1452,265
BAY,0030,time_share,0.2,0.2,0.2,0.2,0.2,0.2,1110582,2003854,593,1452,265
BAY,0030,time_share,0.3,0.175,0.3,0.175,0.175,0.175,1060301,1982654,621,1504,274
BAY,0030,time_share,0.4,0.15,0.4,0.15,0.15,0.15,1092908,1907823,617,1498,279
BAY,0030,time_share,0.5,0.125,0.5,0.125,0.125,0.125,1092908,1907823,617,1498,279
BAY,0030,time_share,0.6,0.1,0.6,0.1,0.1,0.1,1092908,1907823,617,1498,279
BAY,0030,time_share,0.7,0.075,0.7,0.075,0.075,0.075,1092908,1907823,617,1498,279
BAY,0030,time_share,0.8,0.05,0.8,0.05,0.05,0.05,1265135,1644410,865,1852,356
BAY,0030,time_share,0.9,0.025,0.9,0.025,0.025,0.025,1376577,1488274,1487,2276,457
BAY,0030,time_share,1.0,0.0,1.0,0.0,0.0,0.0,1376473,1488170,1497,2276,457
BAY,0030,stability_share,0.0,0.25,0.375,0.0,0.0,0.375,1060301,1982654,621,1504,274
BAY,0030,stability_share,0.1,0.225,0.3375,0.058333333333333334,0.041666666666666664,0.3375,1060301,1982654,621,1504,274
BAY,0030,stability_share,0.2,0.2,0.3,0.11666666666666667,0.08333333333333333,0.3,1060301,1982654,621,1504,274
BAY,0030,stability_share,0.3,0.175,0.2625,0.175,0.125,0.2625,1110582,2003854,593,1452,265
BAY,0030,stability_share,0.4,0.15,0.225,0.23333333333333334,0.16666666666666666,0.225,1110582,2003854,593,1452,265
BAY,0030,stability_share,0.5,0.125,0.1875,0.2916666666666667,0.20833333333333334,0.1875,1110582,2003854,593,1452,265
BAY,0030,stability_share,0.6,0.1,0.15,0.35,0.25,0.15,1110582,2003854,593,1452,265
BAY,0030,stability_share,0.7,0.075,0.1125,0.4083333333333333,0.2916666666666667,0.1125,1110582,2003854,593,1452,265
BAY,0030,stability_share,0.8,0.05,0.075,0.4666666666666667,0.3333333333333333,0.075,1251277,2601758,619,1298,234
BAY,0030,stability_share,0.9,0.025,0.0375,0.525,0.375,0.0375,1251277,2601758,619,1298,234
BAY,0030,stability_share,1.0,0.0,0.0,0.5833333333333334,0.4166666666666667,0.0,1251277,2601758,619,1298,234
COL,0001,time_share,0.0,0.25,0.0,0.25,0.25,0.25,3577122,6077062,2756,2521,462
COL,0001,time_share,0.1,0.225,0.1,0.225,0.225,0.225,3577122,6077062,2756,2521,462
COL,0001,time_share,0.2,0.2,0.2,0.2,0.2,0.2,3577122,6077062,2756,2521,462
COL,0001,time_share,0.3,0.175,0.3,0.175,0.175,0.175,3577122,6077062,2756,2521,462
COL,0001,time_share,0.4,0.15,0.4,0.15,0.15,0.15,3577122,6077062,2756,2521,462
COL,0001,time_share,0.5,0.125,0.5,0.125,0.125,0.125,3486904,4912997,3096,3243,577
COL,0001,time_share,0.6,0.1,0.6,0.1,0.1,0.1,3486904,4912997,3096,3243,577
COL,0001,time_share,0.7,0.075,0.7,0.075,0.075,0.075,2984109,3529045,3786,4735,908
COL,0001,time_share,0.8,0.05,0.8,0.05,0.05,0.05,2982492,3514280,3840,4727,909
COL,0001,time_share,0.9,0.025,0.9,0.025,0.025,0.025,2982492,3514280,3840,4727,909
COL,0001,time_share,1.0,0.0,1.0,0.0,0.0,0.0,2982992,3512563,3850,4725,911
COL,0001,stability_share,0.0,0.25,0.375,0.0,0.0,0.375,3577122,6077062,2756,2521,462
COL,0001,stability_share,0.1,0.225,0.3375,0.058333333333333334,0.041666666666666664,0.3375,3577122,6077062,2756,2521,462
COL,0001,stability_share,0.2,0.2,0.3,0.11666666666666667,0.08333333333333333,0.3,3577122,6077062,2756,2521,462
COL,0001,stability_share,0.3,0.175,0.2625,0.175,0.125,0.2625,3577122,6077062,2756,2521,462
COL,0001,stability_share,0.4,0.15,0.225,0.23333333333333334,0.16666666666666666,0.225,3577122,6077062,2756,2521,462
COL,0001,stability_share,0.5,0.125,0.1875,0.2916666666666667,0.20833333333333334,0.1875,3577122,6077062,2756,2521,462
COL,0001,stability_share,0.6,0.1,0.15,0.35,0.25,0.15,3577122,6077062,2756,2521,462
COL,0001,stability_share,0.7,0.075,0.1125,0.4083333333333333,0.2916666666666667,0.1125,3642337,6510255,2518,2817,523
COL,0001,stability_share,0.8,0.05,0.075,0.4666666666666667,0.3333333333333333,0.075,3642337,6510255,2518,2817,523
COL,0001,stability_share,0.9,0.025,0.0375,0.525,0.375,0.0375,3642337,6510255,2518,2817,523
COL,0001,stability_share,1.0,0.0,0.0,0.5833333333333334,0.4166666666666667,0.0,3642337,6510255,2518,2817,523
COL,0002,time_share,0.0,0.25,0.0,0.25,0.25,0.25,3856990,6652609,9141,3935,725
COL,0002,time_share,0.1,0.225,0.1,0.225,0.225,0.225,3856990,6652609,9141,3935,725
COL,0002,time_share,0.2,0.2,0.2,0.2,0.2,0.2,3856990,6652609,9141,3935,725
COL,0002,time_share,0.3,0.175,0.3,0.175,0.175,0.175,3856990,6652609,9141,3935,725
COL,0002,time_share,0.4,0.15,0.4,0.15,0.15,0.15,3757698,5228978,8483,4851,905
COL,0002,time_share,0.5,0.125,0.5,0.125,0.125,0.125,3757698,5228978,8483,4851,905
COL,0002,time_share,0.6,0.1,0.6,0.1,0.1,0.1,3757698,5228978,8483,4851,905
COL,0002,time_share,0.7,0.075,0.7,0.075,0.075,0.075,3757698,5228978,8483,4851,905
COL,0002,time_share,0.8,0.05,0.8,0.05,0.05,0.05,3758120,5220178,8493,4875,910
COL,0002,time_share,0.9,0.025,0.9,0.025,0.025,0.025,3758120,5220178,8493,4875,910
COL,0002,time_share,1.0,0.0,1.0,0.0,0.0,0.0,3773644,5217212,8547,4901,912
COL,0002,stability_share,0.0,0.25,0.375,0.0,0.0,0.375,3856990,6652609,9141,3935,725
COL,0002,stability_share,0.1,0.225,0.3375,0.058333333333333334,0.041666666666666664,0.3375,3856990,6652609,9141,3935,725
COL,0002,stability_share,0.2,0.2,0.3,0.11666666666666667,0.08333333333333333,0.3,3856990,6652609,9141,3935,725
COL,0002,stability_share,0.3,0.175,0.2625,0.175,0.125,0.2625,3856990,6652609,9141,3935,725
COL,0002,stability_share,0.4,0.15,0.225,0.23333333333333334,0.16666666666666666,0.225,3856990,6652609,9141,3935,725
COL,0002,stability_share,0.5,0.125,0.1875,0.2916666666666667,0.20833333333333334,0.1875,3856990,6652609,9141,3935,725
COL,0002,stability_share,0.6,0.1,0.15,0.35,0.25,0.15,3856990,6652609,9141,3935,725
COL,0002,stability_share,0.7,0.075,0.1125,0.4083333333333333,0.2916666666666667,0.1125,5828880,11747126,6921,4133,738
COL,0002,stability_share,0.8,0.05,0.075,0.4666666666666667,0.3333333333333333,0.075,5828880,11747126,6921,4133,738
COL,0002,stability_share,0.9,0.025,0.0375,0.525,0.375,0.0375,5828880,11747126,6921,4133,738
COL,0002,stability_share,1.0,0.0,0.0,0.5833333333333334,0.4166666666666667,0.0,6152834,14326204,7749,3415,624
COL,0003,time_share,0.0,0.25,0.0,0.25,0.25,0.25,2588661,5337524,9401,2756,534
COL,0003,time_share,0.1,0.225,0.1,0.225,0.225,0.225,2665480,4495455,7233,3152,600
COL,0003,time_share,0.2,0.2,0.2,0.2,0.2,0.2,2665480,4495455,7233,3152,600
COL,0003,time_share,0.3,0.175,0.3,0.175,0.175,0.175,2665480,4495455,7233,3152,600
COL,0003,time_share,0.4,0.15,0.4,0.15,0.15,0.15,2745654,3852188,7025,3538,671
COL,0003,time_share,0.5,0.125,0.5,0.125,0.125,0.125,2745654,3852188,7025,3538,671
COL,0003,time_share,0.6,0.1,0.6,0.1,0.1,0.1,2745654,3852188,7025,3538,671
COL,0003,time_share,0.7,0.075,0.7,0.075,0.075,0.075,3045697,3446391,8753,3588,715
COL,0003,time_share,0.8,0.05,0.8,0.05,0.05,0.05,3046376,3437448,8761,3612,719
COL,0003,time_share,0.9,0.025,0.9,0.025,0.025,0.025,3079695,3344007,8981,3982,796
COL,0003,time_share,1.0,0.0,1.0,0.0,0.0,0.0,3079695,3344007,8981,3982,796
COL,0003,stability_share,0.0,0.25,0.375,0.0,0.0,0.375,2588661,5337524,9401,2756,534
COL,0003,stability_share,0.1,0.225,0.3375,0.058333333333333334,0.041666666666666664,0.3375,2665480,4495455,7233,3152,600
COL,0003,stability_share,0.2,0.2,0.3,0.11666666666666667,0.08333333333333333,0.3,2665480,4495455,7233,3152,600
COL,0003,stability_share,0.3,0.175,0.2625,0.175,0.125,0.2625,2665480,4495455,7233,3152,600
COL,0003,stability_share,0.4,0.15,0.225,0.23333333333333334,0.16666666666666666,0.225,2665480,4495455,7233,3152,600
COL,0003,stability_share,0.5,0.125,0.1875,0.2916666666666667,0.20833333333333334,0.1875,2665480,4495455,7233,3152,600
COL,0003,stability_share,0.6,0.1,0.15,0.35,0.25,0.15,2665480,4495455,7233,3152,600
COL,0003,stability_share,0.7,0.075,0.1125,0.4083333333333333,0.2916666666666667,0.1125,2665480,4495455,7233,3152,600
COL,0003,stability_share,0.8,0.05,0.075,0.4666666666666667,0.3333333333333333,0.075,2665480,4495455,7233,3152,600
COL,0003,stability_share,0.9,0.025,0.0375,0.525,0.375,0.0375,2665480,4495455,7233,3152,600
COL,0003,stability_share,1.0,0.0,0.0,0.5833333333333334,0.4166666666666667,0.0,2677806,4848307,6655,3442,651
COL,0004,time_share,0.0,0.25,0.0,0.25,0.25,0.25,1068504,1501741,2678,1630,316
COL,0004,time_share,0.1,0.225,0.1,0.225,0.225,0.225,1068504,1501741,2678,1630,316
COL,0004,time_share,0.2,0.2,0.2,0.2,0.2,0.2,1068504,1501741,2678,1630,316
COL,0004,time_share,0.3,0.175,0.3,0.175,0.175,0.175,1068504,1501741,2678,1630,316
COL,0004,time_share,0.4,0.15,0.4,0.15,0.15,0.15,1080267,1363306,2736,1754,340
COL,0004,time_share,0.5,0.125,0.5,0.125,0.125,0.125,1080267,1363306,2736,1754,340
COL,0004,time_share,0.6,0.1,0.6,0.1,0.1,0.1,1080267,1363306,2736,1754,340
COL,0004,time_share,0.7,0.075,0.7,0.075,0.075,0.075,1106979,1322005,2830,1768,345
COL,0004,time_share,0.8,0.05,0.8,0.05,0.05,0.05,1119524,1240244,3080,2144,416
COL,0004,time_share,0.9,0.025,0.9,0.025,0.025,0.025,1124236,1236144,3100,2154,421
COL,0004,time_share,1.0,0.0,1.0,0.0,0.0,0.0,1124236,1236144,3100,2154,421
COL,0004,stability_share,0.0,0.25,0.375,0.0,0.0,0.375,1077161,1379013,2762,1742,338
COL,0004,stability_share,0.1,0.225,0.3375,0.058333333333333334,0.041666666666666664,0.3375,1068504,1501741,2678,1630,316
COL,0004,stability_share,0.2,0.2,0.3,0.11666666666666667,0.08333333333333333,0.3,1068504,1501741,2678,1630,316
COL,0004,stability_share,0.3,0.175,0.2625,0.175,0.125,0.2625,1068504,1501741,2678,1630,316
COL,0004,stability_share,0.4,0.15,0.225,0.23333333333333334,0.16666666666666666,0.225,1068504,1501741,2678,1630,316
COL,0004,stability_share,0.5,0.125,0.1875,0.2916666666666667,0.20833333333333334,0.1875,1068504,1501741,2678,1630,316
COL,0004,stability_share,0.6,0.1,0.15,0.35,0.25,0.15,1122749,1674080,2408,1770,343
COL,0004,stability_share,0.7,0.075,0.1125,0.4083333333333333,0.2916666666666667,0.1125,1122749,1674080,2408,1770,343
COL,0004,stability_share,0.8,0.05,0.075,0.4666666666666667,0.3333333333333333,0.075,1122749,1674080,2408,1770,343
COL,0004,stability_share,0.9,0.025,0.0375,0.525,0.375,0.0375,1122749,1674080,2408,1770,343
COL,0004,stability_share,1.0,0.0,0.0,0.5833333333333334,0.4166666666666667,0.0,1122749,1674080,2408,1770,343
COL,0005,time_share,0.0,0.25,0.0,0.25,0.25,0.25,2195625,4346832,9025,2389,455
COL,0005,time_share,0.1,0.225,0.1,0.225,0.225,0.225,2195625,4346832,9025,2389,455
COL,0005,time_share,0.2,0.2,0.2,0.2,0.2,0.2,2195625,4346832,9025,2389,455
COL,0005,time_share,0.3,0.175,0.3,0.175,0.175,0.175,2203581,4026376,8797,2607,488
COL,0005,time_share,0.4,0.15,0.4,0.15,0.15,0.15,2203581,4026376,8797,2607,488
COL,0005,time_share,0.5,0.125,0.5,0.125,0.125,0.125,2336329,3529972,8677,3003,572
COL,0005,time_share,0.6,0.1,0.6,0.1,0.1,0.1,2336329,3529972,8677,3003,572
COL,0005,time_share,0.7,0.075,0.7,0.075,0.075,0.075,2338139,3515461,8657,3045,579
COL,0005,time_share,0.8,0.05,0.8,0.05,0.05,0.05,2339625,3512582,8659,3057,581
COL,0005,time_share,0.9,0.025,0.9,0.025,0.025,0.025,2370833,3472778,8615,3277,620
COL,0005,time_share,1.0,0.0,1.0,0.0,0.0,0.0,2428153,3451898,8003,3735,699
COL,0005,stability_share,0.0,0.25,0.375,0.0,0.0,0.375,2189012,4261347,9071,2439,461
COL,0005,stability_share,0.1,0.225,0.3375,0.058333333333333334,0.041666666666666664,0.3375,2189012,4261347,9071,2439,461
COL,0005,stability_share,0.2,0.2,0.3,0.11666666666666667,0.08333333333333333,0.3,2189012,4261347,9071,2439,461
COL,0005,stability_share,0.3,0.175,0.2625,0.175,0.125,0.2625,2195625,4346832,9025,2389,455
COL,0005,stability_share,0.4,0.15,0.225,0.23333333333333334,0.16666666666666666,0.225,2195625,4346832,9025,2389,455
COL,0005,stability_share,0.5,0.125,0.1875,0.2916666666666667,0.20833333333333334,0.1875,2195625,4346832,9025,2389,455
COL,0005,stability_share,0.6,0.1,0.15,0.35,0.25,0.15,2195625,4346832,9025,2389,455
COL,0005,stability_share,0.7,0.075,0.1125,0.4083333333333333,0.2916666666666667,0.1125,2195625,4346832,9025,2389,455
COL,0005,stability_share,0.8,0.05,0.075,0.4666666666666667,0.3333333333333333,0.075,2195625,4346832,9025,2389,455
COL,0005,stability_share,0.9,0.025,0.0375,0.525,0.375,0.0375,2195625,4346832,9025,2389,455
COL,0005,stability_share,1.0,0.0,0.0,0.5833333333333334,0.4166666666666667,0.0,2509467,3730006,7667,3423,654
COL,0006,time_share,0.0,0.25,0.0,0.25,0.25,0.25,2176556,3450317,5093,2718,503
COL,0006,time_share,0.1,0.225,0.1,0.225,0.225,0.225,2176556,3450317,5093,2718,503
COL,0006,time_share,0.2,0.2,0.2,0.2,0.2,0.2,2176556,3450317,5093,2718,503
COL,0006,time_share,0.3,0.175,0.3,0.175,0.175,0.175,2176556,3450317,5093,2718,503
COL,0006,time_share,0.4,0.15,0.4,0.15,0.15,0.15,2175990,3433961,5111,2726,503
COL,0006,time_share,0.5,0.125,0.5,0.125,0.125,0.125,2175990,3433961,5111,2726,503
COL,0006,time_share,0.6,0.1,0.6,0.1,0.1,0.1,2175990,3433961,5111,2726,503
COL,0006,time_share,0.7,0.075,0.7,0.075,0.075,0.075,2175990,3433961,5111,2726,503
COL,0006,time_share,0.8,0.05,0.8,0.05,0.05,0.05,2176095,3432472,5109,2730,503
COL,0006,time_share,0.9,0.025,0.9,0.025,0.025,0.025,2176522,3429748,5105,2738,504
COL,0006,time_share,1.0,0.0,1.0,0.0,0.0,0.0,2176522,3429748,5105,2738,504
COL,0006,stability_share,0.0,0.25,0.375,0.0,0.0,0.375,2176095,3432472,5109,2730,503
COL,0006,stability_share,0.1,0.225,0.3375,0.058333333333333334,0.041666666666666664,0.3375,2175990,3433961,5111,2726,503
COL,0006,stability_share,0.2,0.2,0.3,0.11666666666666667,0.08333333333333333,0.3,2175990,3433961,5111,2726,503
COL,0006,stability_share,0.3,0.175,0.2625,0.175,0.125,0.2625,2176556,3450317,5093,2718,503
COL,0006,stability_share,0.4,0.15,0.225,0.23333333333333334,0.16666666666666666,0.225,2176556,3450317,5093,2718,503
COL,0006,stability_share,0.5,0.125,0.1875,0.2916666666666667,0.20833333333333334,0.1875,2176556,3450317,5093,2718,503
COL,0006,stability_share,0.6,0.1,0.15,0.35,0.25,0.15,2176556,3450317,5093,2718,503
COL,0006,stability_share,0.7,0.075,0.1125,0.4083333333333333,0.2916666666666667,0.1125,2176556,3450317,5093,2718,503
COL,0006,stability_share,0.8,0.05,0.075,0.4666666666666667,0.3333333333333333,0.075,2176556,3450317,5093,2718,503
COL,0006,stability_share,0.9,0.025,0.0375,0.525,0.375,0.0375,2176556,3450317,5093,2718,503
COL,0006,stability_share,1.0,0.0,0.0,0.5833333333333334,0.4166666666666667,0.0,2176556,3450317,5093,2718,503
COL,0007,time_share,0.0,0.25,0.0,0.25,0.25,0.25,4259560,8175059,2162,2156,360
COL,0007,time_share,0.1,0.225,0.1,0.225,0.225,0.225,4259560,8175059,2162,2156,360
COL,0007,time_share,0.2,0.2,0.2,0.2,0.2,0.2,4259560,8175059,2162,2156,360
COL,0007,time_share,0.3,0.175,0.3,0.175,0.175,0.175,4259560,8175059,2162,2156,360
COL,0007,time_share,0.4,0.15,0.4,0.15,0.15,0.15,4150707,6834451,2230,2794,476
COL,0007,time_share,0.5,0.125,0.5,0.125,0.125,0.125,4165567,6251999,2446,2998,514
COL,0007,time_share,0.6,0.1,0.6,0.1,0.1,0.1,4165567,6251999,2446,2998,514
COL,0007,time_share,0.7,0.075,0.7,0.075,0.075,0.075,4165567,6251999,2446,2998,514
COL,0007,time_share,0.8,0.05,0.8,0.05,0.05,0.05,4165567,6251999,2446,2998,514
COL,0007,time_share,0.9,0.025,0.9,0.025,0.025,0.025,4163828,6173207,2530,3318,565
COL,0007,time_share,1.0,0.0,1.0,0.0,0.0,0.0,4634630,6088345,3434,4168,706
COL,0007,stability_share,0.0,0.25,0.375,0.0,0.0,0.375,3928388,7349858,2436,2588,447
COL,0007,stability_share,0.1,0.225,0.3375,0.058333333333333334,0.041666666666666664,0.3375,3928388,7349858,2436,2588,447
COL,0007,stability_share,0.2,0.2,0.3,0.11666666666666667,0.08333333333333333,0.3,3928388,7349858,2436,2588,447
COL,0007,stability_share,0.3,0.175,0.2625,0.175,0.125,0.2625,4259560,8175059,2162,2156,360
COL,0007,stability_share,0.4,0.15,0.225,0.23333333333333334,0.16666666666666666,0.225,4259560,8175059,2162,2156,360
COL,0007,stability_share,0.5,0.125,0.1875,0.2916666666666667,0.20833333333333334,0.1875,4259560,8175059,2162,2156,360
COL,0007,stability_share,0.6,0.1,0.15,0.35,0.25,0.15,4259560,8175059,2162,2156,360
COL,0007,stability_share,0.7,0.075,0.1125,0.4083333333333333,0.2916666666666667,0.1125,4259560,8175059,2162,2156,360
COL,0007,stability_share,0.8,0.05,0.075,0.4666666666666667,0.3333333333333333,0.075,4376842,9318765,2020,2250,388
COL,0007,stability_share,0.9,0.025,0.0375,0.525,0.375,0.0375,4376842,9318765,2020,2250,388
COL,0007,stability_share,1.0,0.0,0.0,0.5833333333333334,0.4166666666666667,0.0,4376842,9318765,2020,2250,388
COL,0008,time_share,0.0,0.25,0.0,0.25,0.25,0.25,2938094,5176125,8404,3134,612
COL,0008,time_share,0.1,0.225,0.1,0.225,0.225,0.225,2938094,5176125,8404,3134,612
COL,0008,time_share,0.2,0.2,0.2,0.2,0.2,0.2,2889739,4459691,8532,3534,664
COL,0008,time_share,0.3,0.175,0.3,0.175,0.175,0.175,2891883,4446667,8482,3562,666
COL,0008,time_share,0.4,0.15,0.4,0.15,0.15,0.15,3022684,3961061,8412,3918,746
COL,0008,time_share,0.5,0.125,0.5,0.125,0.125,0.125,3031702,3933152,8360,3968,756
COL,0008,time_share,0.6,0.1,0.6,0.1,0.1,0.1,3034444,3921057,8308,4016,762
COL,0008,time_share,0.7,0.075,0.7,0.075,0.075,0.075,3034444,3921057,8308,4016,762
COL,0008,time_share,0.8,0.05,0.8,0.05,0.05,0.05,3053679,3905443,8266,4088,781
COL,0008,time_share,0.9,0.025,0.9,0.025,0.025,0.025,3110600,3885282,7648,4532,858
COL,0008,time_share,1.0,0.0,1.0,0.0,0.0,0.0,3110713,3885269,7652,4534,858
COL,0008,stability_share,0.0,0.25,0.375,0.0,0.0,0.375,2890911,4449338,8552,3540,665
COL,0008,stability_share,0.1,0.225,0.3375,0.058333333333333334,0.041666666666666664,0.3375,2890213,4451610,8532,3540,665
COL,0008,stability_share,0.2,0.2,0.3,0.11666666666666667,0.08333333333333333,0.3,2891883,4446667,8482,3562,666
COL,0008,stability_share,0.3,0.175,0.2625,0.175,0.125,0.2625,2891883,4446667,8482,3562,666
COL,0008,stability_share,0.4,0.15,0.225,0.23333333333333334,0.16666666666666666,0.225,2891883,4446667,8482,3562,666
COL,0008,stability_share,0.5,0.125,0.1875,0.2916666666666667,0.20833333333333334,0.1875,2938094,5176125,8404,3134,612
COL,0008,stability_share,0.6,0.1,0.15,0.35,0.25,0.15,2938094,5176125,8404,3134,612
COL,0008,stability_share,0.7,0.075,0.1125,0.4083333333333333,0.2916666666666667,0.1125,2938094,5176125,8404,3134,612
COL,0008,stability_share,0.8,0.05,0.075,0.4666666666666667,0.3333333333333333,0.075,2938094,5176125,8404,3134,612
COL,0008,stability_share,0.9,0.025,0.0375,0.525,0.375,0.0375,2938094,5176125,8404,3134,612
COL,0008,stability_share,1.0,0.0,0.0,0.5833333333333334,0.4166666666666667,0.0,2938094,5176125,8404,3134,612
COL,0009,time_share,0.0,0.25,0.0,0.25,0.25,0.25,138489,346226,177,228,41
COL,0009,time_share,0.1,0.225,0.1,0.225,0.225,0.225,138489,346226,177,228,41
COL,0009,time_share,0.2,0.2,0.2,0.2,0.2,0.2,138489,346226,177,228,41
COL,0009,time_share,0.3,0.175,0.3,0.175,0.175,0.175,138489,346226,177,228,41
COL,0009,time_share,0.4,0.15,0.4,0.15,0.15,0.15,138489,346226,177,228,41
COL,0009,time_share,0.5,0.125,0.5,0.125,0.125,0.125,176978,339981,259,236,42
COL,0009,time_share,0.6,0.1,0.6,0.1,0.1,0.1,176978,339981,259,236,42
COL,0009,time_share,0.7,0.075,0.7,0.075,0.075,0.075,176978,339981,259,236,42
COL,0009,time_share,0.8,0.05,0.8,0.05,0.05,0.05,176978,339981,259,236,42
COL,0009,time_share,0.9,0.025,0.9,0.025,0.025,0.025,176978,339981,259,236,42
COL,0009,time_share,1.0,0.0,1.0,0.0,0.0,0.0,176978,339981,259,236,42
COL,0009,stability_share,0.0,0.25,0.375,0.0,0.0,0.375,138489,346226,177,228,41
COL,0009,stability_share,0.1,0.225,0.3375,0.058333333333333334,0.041666666666666664,0.3375,138489,346226,177,228,41
COL,0009,stability_share,0.2,0.2,0.3,0.11666666666666667,0.08333333333333333,0.3,138489,346226,177,228,41
COL,0009,stability_share,0.3,0.175,0.2625,0.175,0.125,0.2625,138489,346226,177,228,41
COL,0009,stability_share,0.4,0.15,0.225,0.23333333333333334,0.16666666666666666,0.225,138489,346226,177,228,41
COL,0009,stability_share,0.5,0.125,0.1875,0.2916666666666667,0.20833333333333334,0.1875,138489,346226,177,228,41
COL,0009,stability_share,0.6,0.1,0.15,0.35,0.25,0.15,138489,346226,177,228,41
COL,0009,stability_share,0.7,0.075,0.1125,0.4083333333333333,0.2916666666666667,0.1125,138489,346226,177,228,41
COL,0009,stability_share,0.8,0.05,0.075,0.4666666666666667,0.3333333333333333,0.075,138489,346226,177,228,41
COL,0009,stability_share,0.9,0.025,0.0375,0.525,0.375,0.0375,138489,346226,177,228,41
COL,0009,stability_share,1.0,0.0,0.0,0.5833333333333334,0.4166666666666667,0.0,138489,346226,177,228,41
COL,0010,time_share,0.0,0.25,0.0,0.25,0.25,0.25,3337758,7564716,2929,1933,348
COL,0010,time_share,0.1,0.225,0.1,0.225,0.225,0.225,3337758,7564716,2929,1933,348
COL,0010,time_share,0.2,0.2,0.2,0.2,0.2,0.2,3034091,5208355,3319,2597,493
COL,0010,time_share,0.3,0.175,0.3,0.175,0.175,0.175,3490296,4920424,2757,2597,482
COL,0010,time_share,0.4,0.15,0.4,0.15,0.15,0.15,3490180,4261697,2803,3051,548
COL,0010,time_share,0.5,0.125,0.5,0.125,0.125,0.125,3490180,4261697,2803,3051,548
COL,0010,time_share,0.6,0.1,0.6,0.1,0.1,0.1,3490180,4261697,2803,3051,548
COL,0010,time_share,0.7,0.075,0.7,0.075,0.075,0.075,3152108,3813328,3023,4611,855
COL,0010,time_share,0.8,0.05,0.8,0.05,0.05,0.05,3152108,3813328,3023,4611,855
COL,0010,time_share,0.9,0.025,0.9,0.025,0.025,0.025,3152108,3813328,3023,4611,855
COL,0010,time_share,1.0,0.0,1.0,0.0,0.0,0.0,3152180,3812212,3033,4615,855
COL,0010,stability_share,0.0,0.25,0.375,0.0,0.0,0.375,3034091,5208355,3319,2597,493
COL,0010,stability_share,0.1,0.225,0.3375,0.058333333333333334,0.041666666666666664,0.3375,3034091,5208355,3319,2597,493
COL,0010,stability_share,0.2,0.2,0.3,0.11666666666666667,0.08333333333333333,0.3,3034091,5208355,3319,2597,493
COL,0010,stability_share,0.3,0.175,0.2625,0.175,0.125,0.2625,3490296,4920424,2757,2597,482
COL,0010,stability_share,0.4,0.15,0.225,0.23333333333333334,0.16666666666666666,0.225,3490296,4920424,2757,2597,482
COL,0010,stability_share,0.5,0.125,0.1875,0.2916666666666667,0.20833333333333334,0.1875,3490296,4920424,2757,2597,482
COL,0010,stability_share,0.6,0.1,0.15,0.35,0.25,0.15,3490296,4920424,2757,2597,482
COL,0010,stability_share,0.7,0.075,0.1125,0.4083333333333333,0.2916666666666667,0.1125,3491749,6122860,2413,3185,543
COL,0010,stability_share,0.8,0.05,0.075,0.4666666666666667,0.3333333333333333,0.075,3491749,6122860,2413,3185,543
COL,0010,stability_share,0.9,0.025,0.0375,0.525,0.375,0.0375,3491749,6122860,2413,3185,543
COL,0010,stability_share,1.0,0.0,0.0,0.5833333333333334,0.4166666666666667,0.0,3491749,6122860,2413,3185,543
COL,0011,time_share,0.0,0.25,0.0,0.25,0.25,0.25,1779988,3026419,6206,2900,540
COL,0011,time_share,0.1,0.225,0.1,0.225,0.225,0.225,1779988,3026419,6206,2900,540
COL,0011,time_share,0.2,0.2,0.2,0.2,0.2,0.2,1779988,3026419,6206,2900,540
COL,0011,time_share,0.3,0.175,0.3,0.175,0.175,0.175,1779988,3026419,6206,2900,540
COL,0011,time_share,0.4,0.15,0.4,0.15,0.15,0.15,1779479,2996170,6152,2940,550
COL,0011,time_share,0.5,0.125,0.5,0.125,0.125,0.125,1808810,2926255,6188,2998,569
COL,0011,time_share,0.6,0.1,0.6,0.1,0.1,0.1,1812076,2901234,6328,3028,575
COL,0011,time_share,0.7,0.075,0.7,0.075,0.075,0.075,1815918,2890262,6370,3066,582
COL,0011,time_share,0.8,0.05,0.8,0.05,0.05,0.05,1829022,2881874,6386,3092,589
COL,0011,time_share,0.9,0.025,0.9,0.025,0.025,0.025,1875127,2852871,6764,3280,619
COL,0011,time_share,1.0,0.0,1.0,0.0,0.0,0.0,1875127,2852871,6764,3280,619
COL,0011,stability_share,0.0,0.25,0.375,0.0,0.0,0.375,1779988,3026419,6206,2900,540
COL,0011,stability_share,0.1,0.225,0.3375,0.058333333333333334,0.041666666666666664,0.3375,1779988,3026419,6206,2900,540
COL,0011,stability_share,0.2,0.2,0.3,0.11666666666666667,0.08333333333333333,0.3,1779988,3026419,6206,2900,540
COL,0011,stability_share,0.3,0.175,0.2625,0.175,0.125,0.2625,1779988,3026419,6206,2900,540
COL,0011,stability_share,0.4,0.15,0.225,0.23333333333333334,0.16666666666666666,0.225,1779988,3026419,6206,2900,540
COL,0011,stability_share,0.5,0.125,0.1875,0.2916666666666667,0.20833333333333334,0.1875,1779988,3026419,6206,2900,540
COL,0011,stability_share,0.6,0.1,0.15,0.35,0.25,0.15,1779988,3026419,6206,2900,540
COL,0011,stability_share,0.7,0.075,0.1125,0.4083333333333333,0.2916666666666667,0.1125,1779988,3026419,6206,2900,540
COL,0011,stability_share,0.8,0.05,0.075,0.4666666666666667,0.3333333333333333,0.075,1779988,3026419,6206,2900,540
COL,0011,stability_share,0.9,0.025,0.0375,0.525,0.375,0.0375,1779988,3026419,6206,2900,540
COL,0011,stability_share,1.0,0.0,0.0,0.5833333333333334,0.4166666666666667,0.0,1779988,3026419,6206,2900,540
COL,0012,time_share,0.0,0.25,0.0,0.25,0.25,0.25,5998139,9202417,14502,7100,1332
COL,0012,time_share,0.1,0.225,0.1,0.225,0.225,0.225,5998139,9202417,14502,7100,1332
COL,0012,time_share,0.2,0.2,0.2,0.2,0.2,0.2,5998139,9202417,14502,7100,1332
COL,0012,time_share,0.3,0.175,0.3,0.175,0.175,0.175,5998139,9202417,14502,7100,1332
COL,0012,time_share,0.4,0.15,0.4,0.15,0.15,0.15,5852636,7477918,13632,8286,1561
COL,0012,time_share,0.5,0.125,0.5,0.125,0.125,0.125,5852636,7477918,13632,8286,1561
COL,0012,time_share,0.6,0.1,0.6,0.1,0.1,0.1,5852636,7477918,13632,8286,1561
COL,0012,time_share,0.7,0.075,0.7,0.075,0.075,0.075,5852636,7477918,13632,8286,1561
COL,0012,time_share,0.8,0.05,0.8,0.05,0.05,0.05,5862861,7433726,13652,8456,1580
COL,0012,time_share,0.9,0.025,0.9,0.025,0.025,0.025,5862861,7433726,13652,8456,1580
COL,0012,time_share,1.0,0.0,1.0,0.0,0.0,0.0,5878467,7430545,13706,8488,1583
COL,0012,stability_share,0.0,0.25,0.375,0.0,0.0,0.375,5432418,9169714,17126,7428,1374
COL,0012,stability_share,0.1,0.225,0.3375,0.058333333333333334,0.041666666666666664,0.3375,5432418,9169714,17126,7428,1374
COL,0012,stability_share,0.2,0.2,0.3,0.11666666666666667,0.08333333333333333,0.3,5998139,9202417,14502,7100,1332
COL,0012,stability_share,0.3,0.175,0.2625,0.175,0.125,0.2625,5998139,9202417,14502,7100,1332
COL,0012,stability_share,0.4,0.15,0.225,0.23333333333333334,0.16666666666666666,0.225,5998139,9202417,14502,7100,1332
COL,0012,stability_share,0.5,0.125,0.1875,0.2916666666666667,0.20833333333333334,0.1875,5998139,9202417,14502,7100,1332
COL,0012,stability_share,0.6,0.1,0.15,0.35,0.25,0.15,5998139,9202417,14502,7100,1332
COL,0012,stability_share,0.7,0.075,0.1125,0.4083333333333333,0.2916666666666667,0.1125,5998139,9202417,14502,7100,1332
COL,0012,stability_share,0.8,0.05,0.075,0.4666666666666667,0.3333333333333333,0.075,7661378,15097675,12754,6804,1287
COL,0012,stability_share,0.9,0.025,0.0375,0.525,0.375,0.0375,7661378,15097675,12754,6804,1287
COL,0012,stability_share,1.0,0.0,0.0,0.5833333333333334,0.4166666666666667,0.0,7661378,15097675,12754,6804,1287
COL,0013,time_share,0.0,0.25,0.0,0.25,0.25,0.25,4164548,5546683,14215,4378,877
COL,0013,time_share,0.1,0.225,0.1,0.225,0.225,0.225,4164548,5546683,14215,4378,877
COL,0013,time_share,0.2,0.2,0.2,0.2,0.2,0.2,4164548,5546683,14215,4378,877
COL,0013,time_share,0.3,0.175,0.3,0.175,0.175,0.175,4164548,5546683,14215,4378,877
COL,0013,time_share,0.4,0.15,0.4,0.15,0.15,0.15,4164548,5546683,14215,4378,877
COL,0013,time_share,0.5,0.125,0.5,0.125,0.125,0.125,4092588,5395244,14005,4590,920
COL,0013,time_share,0.6,0.1,0.6,0.1,0.1,0.1,4092588,5395244,14005,4590,920
COL,0013,time_share,0.7,0.075,0.7,0.075,0.075,0.075,3921192,4999709,17175,4554,901
COL,0013,time_share,0.8,0.05,0.8,0.05,0.05,0.05,3921192,4999709,17175,4554,901
COL,0013,time_share,0.9,0.025,0.9,0.025,0.025,0.025,3922039,4998232,17165,4588,899
COL,0013,time_share,1.0,0.0,1.0,0.0,0.0,0.0,3922039,4998232,17165,4588,899
COL,0013,stability_share,0.0,0.25,0.375,0.0,0.0,0.375,3920159,5013358,17181,4528,896
COL,0013,stability_share,0.1,0.225,0.3375,0.058333333333333334,0.041666666666666664,0.3375,4164548,5546683,14215,4378,877
COL,0013,stability_share,0.2,0.2,0.3,0.11666666666666667,0.08333333333333333,0.3,4164548,5546683,14215,4378,877
COL,0013,stability_share,0.3,0.175,0.2625,0.175,0.125,0.2625,4164548,5546683,14215,4378,877
COL,0013,stability_share,0.4,0.15,0.225,0.23333333333333334,0.16666666666666666,0.225,4164548,5546683,14215,4378,877
COL,0013,stability_share,0.5,0.125,0.1875,0.2916666666666667,0.20833333333333334,0.1875,4327963,6546933,11979,5154,1002
COL,0013,stability_share,0.6,0.1,0.15,0.35,0.25,0.15,4327963,6546933,11979,5154,1002
COL,0013,stability_share,0.7,0.075,0.1125,0.4083333333333333,0.2916666666666667,0.1125,4327963,6546933,11979,5154,1002
COL,0013,stability_share,0.8,0.05,0.075,0.4666666666666667,0.3333333333333333,0.075,4354300,6823645,10845,5948,1143
COL,0013,stability_share,0.9,0.025,0.0375,0.525,0.375,0.0375,4354300,6823645,10845,5948,1143
COL,0013,stability_share,1.0,0.0,0.0,0.5833333333333334,0.4166666666666667,0.0,4354300,6823645,10845,5948,1143
COL,0014,time_share,0.0,0.25,0.0,0.25,0.25,0.25,3279362,5900901,11200,3120,614
COL,0014,time_share,0.1,0.225,0.1,0.225,0.225,0.225,3279362,5900901,11200,3120,614
COL,0014,time_share,0.2,0.2,0.2,0.2,0.2,0.2,3378475,5587522,10838,3080,618
COL,0014,time_share,0.3,0.175,0.3,0.175,0.175,0.175,3378475,5587522,10838,3080,618
COL,0014,time_share,0.4,0.15,0.4,0.15,0.15,0.15,3378475,5587522,10838,3080,618
COL,0014,time_share,0.5,0.125,0.5,0.125,0.125,0.125,3335032,5359267,10760,3322,653
COL,0014,time_share,0.6,0.1,0.6,0.1,0.1,0.1,3335032,5359267,10760,3322,653
COL,0014,time_share,0.7,0.075,0.7,0.075,0.075,0.075,3335032,5359267,10760,3322,653
COL,0014,time_share,0.8,0.05,0.8,0.05,0.05,0.05,3330348,5350950,10822,3348,655
COL,0014,time_share,0.9,0.025,0.9,0.025,0.025,0.025,3333591,5333755,11264,3378,660
COL,0014,time_share,1.0,0.0,1.0,0.0,0.0,0.0,3334380,5332323,11264,3388,662
COL,0014,stability_share,0.0,0.25,0.375,0.0,0.0,0.375,3279362,5900901,11200,3120,614
COL,0014,stability_share,0.1,0.225,0.3375,0.058333333333333334,0.041666666666666664,0.3375,3279362,5900901,11200,3120,614
COL,0014,stability_share,0.2,0.2,0.3,0.11666666666666667,0.08333333333333333,0.3,3378475,5587522,10838,3080,618
COL,0014,stability_share,0.3,0.175,0.2625,0.175,0.125,0.2625,3378475,5587522,10838,3080,618
COL,0014,stability_share,0.4,0.15,0.225,0.23333333333333334,0.16666666666666666,0.225,3378475,5587522,10838,3080,618
COL,0014,stability_share,0.5,0.125,0.1875,0.2916666666666667,0.20833333333333334,0.1875,3378475,5587522,10838,3080,618
COL,0014,stability_share,0.6,0.1,0.15,0.35,0.25,0.15,3378475,5587522,10838,3080,618
COL,0014,stability_share,0.7,0.075,0.1125,0.4083333333333333,0.2916666666666667,0.1125,3378475,5587522,10838,3080,618
COL,0014,stability_share,0.8,0.05,0.075,0.4666666666666667,0.3333333333333333,0.075,3378475,5587522,10838,3080,618
COL,0014,stability_share,0.9,0.025,0.0375,0.525,0.375,0.0375,3378475,5587522,10838,3080,618
COL,0014,stability_share,1.0,0.0,0.0,0.5833333333333334,0.4166666666666667,0.0,3782139,8045251,8974,3684,712
COL,0015,time_share,0.0,0.25,0.0,0.25,0.25,0.25,3921232,7199069,2961,2647,473
COL,0015,time_share,0.1,0.225,0.1,0.225,0.225,0.225,3921232,7199069,2961,2647,473
COL,0015,time_share,0.2,0.2,0.2,0.2,0.2,0.2,3921232,7199069,2961,2647,473
COL,0015,time_share,0.3,0.175,0.3,0.175,0.175,0.175,3921232,7199069,2961,2647,473
COL,0015,time_share,0.4,0.15,0.4,0.15,0.15,0.15,4110088,6669485,2443,2947,529
COL,0015,time_share,0.5,0.125,0.5,0.125,0.125,0.125,4110088,6669485,2443,2947,529
COL,0015,time_share,0.6,0.1,0.6,0.1,0.1,0.1,4110088,6669485,2443,2947,529
COL,0015,time_share,0.7,0.075,0.7,0.075,0.075,0.075,4389819,4800284,4005,5189,968
COL,0015,time_share,0.8,0.05,0.8,0.05,0.05,0.05,4389819,4800284,4005,5189,968
COL,0015,time_share,0.9,0.025,0.9,0.025,0.025,0.025,4389819,4800284,4005,5189,968
COL,0015,time_share,1.0,0.0,1.0,0.0,0.0,0.0,4465284,4778346,4247,5255,1022
COL,0015,stability_share,0.0,0.25,0.375,0.0,0.0,0.375,3871752,6721993,3501,3039,540
COL,0015,stability_share,0.1,0.225,0.3375,0.058333333333333334,0.041666666666666664,0.3375,3921232,7199069,2961,2647,473
COL,0015,stability_share,0.2,0.2,0.3,0.11666666666666667,0.08333333333333333,0.3,3921232,7199069,2961,2647,473
COL,0015,stability_share,0.3,0.175,0.2625,0.175,0.125,0.2625,3921232,7199069,2961,2647,473
COL,0015,stability_share,0.4,0.15,0.225,0.23333333333333334,0.16666666666666666,0.225,4219436,7330822,2497,2321,428
COL,0015,stability_share,0.5,0.125,0.1875,0.2916666666666667,0.20833333333333334,0.1875,4219436,7330822,2497,2321,428
COL,0015,stability_share,0.6,0.1,0.15,0.35,0.25,0.15,4219436,7330822,2497,2321,428
COL,0015,stability_share,0.7,0.075,0.1125,0.4083333333333333,0.2916666666666667,0.1125,4350096,8516513,1967,2649,472
COL,0015,stability_share,0.8,0.05,0.075,0.4666666666666667,0.3333333333333333,0.075,4350096,8516513,1967,2649,472
COL,0015,stability_share,0.9,0.025,0.0375,0.525,0.375,0.0375,4543597,9421746,1791,2769,472
COL,0015,stability_share,1.0,0.0,0.0,0.5833333333333334,0.4166666666666667,0.0,4543597,9421746,1791,2769,472
COL,0016,time_share,0.0,0.25,0.0,0.25,0.25,0.25,621834,1115107,1156,1138,210
COL,0016,time_share,0.1,0.225,0.1,0.225,0.225,0.225,619798,1091905,1160,1132,211
COL,0016,time_share,0.2,0.2,0.2,0.2,0.2,0.2,619798,1091905,1160,1132,211
COL,0016,time_share,0.3,0.175,0.3,0.175,0.175,0.175,619798,1091905,1160,1132,211
COL,0016,time_share,0.4,0.15,0.4,0.15,0.15,0.15,619798,1091905,1160,1132,211
COL,0016,time_share,0.5,0.125,0.5,0.125,0.125,0.125,619798,1091905,1160,1132,211
COL,0016,time_share,0.6,0.1,0.6,0.1,0.1,0.1,619798,1091905,1160,1132,211
COL,0016,time_share,0.7,0.075,0.7,0.075,0.075,0.075,619798,1091905,1160,1132,211
COL,0016,time_share,0.8,0.05,0.8,0.05,0.05,0.05,619798,1091905,1160,1132,211
COL,0016,time_share,0.9,0.025,0.9,0.025,0.025,0.025,637466,1085700,1208,1068,208
COL,0016,time_share,1.0,0.0,1.0,0.0,0.0,0.0,677614,1082521,1380,1400,281
COL,0016,stability_share,0.0,0.25,0.375,0.0,0.0,0.375,606349,1128394,1264,1114,204
COL,0016,stability_share,0.1,0.225,0.3375,0.058333333333333334,0.041666666666666664,0.3375,619798,1091905,1160,1132,211
COL,0016,stability_share,0.2,0.2,0.3,0.11666666666666667,0.08333333333333333,0.3,619798,1091905,1160,1132,211
COL,0016,stability_share,0.3,0.175,0.2625,0.175,0.125,0.2625,619798,1091905,1160,1132,211
COL,0016,stability_share,0.4,0.15,0.225,0.23333333333333334,0.16666666666666666,0.225,619798,1091905,1160,1132,211
COL,0016,stability_share,0.5,0.125,0.1875,0.2916666666666667,0.20833333333333334,0.1875,619798,1091905,1160,1132,211
COL,0016,stability_share,0.6,0.1,0.15,0.35,0.25,0.15,619798,1091905,1160,1132,211
COL,0016,stability_share,0.7,0.075,0.1125,0.4083333333333333,0.2916666666666667,0.1125,621583,1096369,1158,1132,212
COL,0016,stability_share,0.8,0.05,0.075,0.4666666666666667,0.3333333333333333,0.075,621834,1115107,1156,1138,210
COL,0016,stability_share,0.9,0.025,0.0375,0.525,0.375,0.0375,621834,1115107,1156,1138,210
COL,0016,stability_share,1.0,0.0,0.0,0.5833333333333334,0.4166666666666667,0.0,621834,1115107,1156,1138,210
COL,0017,time_share,0.0,0.25,0.0,0.25,0.25,0.25,6478982,11471743,7927,5395,1005
COL,0017,time_share,0.1,0.225,0.1,0.225,0.225,0.225,6478982,11471743,7927,5395,1005
COL,0017,time_share,0.2,0.2,0.2,0.2,0.2,0.2,6478982,11471743,7927,5395,1005
COL,0017,time_share,0.3,0.175,0.3,0.175,0.175,0.175,6478982,11471743,7927,5395,1005
COL,0017,time_share,0.4,0.15,0.4,0.15,0.15,0.15,5825358,7632945,10525,6665,1239
COL,0017,time_share,0.5,0.125,0.5,0.125,0.125,0.125,5825832,7624864,10525,6671,1240
COL,0017,time_share,0.6,0.1,0.6,0.1,0.1,0.1,5981777,7049374,10423,7053,1322
COL,0017,time_share,0.7,0.075,0.7,0.075,0.075,0.075,5981777,7049374,10423,7053,1322
COL,0017,time_share,0.8,0.05,0.8,0.05,0.05,0.05,5982946,7038629,10419,7079,1325
COL,0017,time_share,0.9,0.025,0.9,0.025,0.025,0.025,6041525,7016307,9775,7387,1388
COL,0017,time_share,1.0,0.0,1.0,0.0,0.0,0.0,6041221,7012464,9813,7555,1407
COL,0017,stability_share,0.0,0.25,0.375,0.0,0.0,0.375,5801566,8038461,10811,6399,1202
COL,0017,stability_share,0.1,0.225,0.3375,0.058333333333333334,0.041666666666666664,0.3375,5800464,8082308,10757,6377,1200
COL,0017,stability_share,0.2,0.2,0.3,0.11666666666666667,0.08333333333333333,0.3,5803999,8785776,10739,6187,1162
COL,0017,stability_share,0.3,0.175,0.2625,0.175,0.125,0.2625,6478982,11471743,7927,5395,1005
COL,0017,stability_share,0.4,0.15,0.225,0.23333333333333334,0.16666666666666666,0.225,6478982,11471743,7927,5395,1005
COL,0017,stability_share,0.5,0.125,0.1875,0.2916666666666667,0.20833333333333334,0.1875,6478982,11471743,7927,5395,1005
COL,0017,stability_share,0.6,0.1,0.15,0.35,0.25,0.15,6478982,11471743,7927,5395,1005
COL,0017,stability_share,0.7,0.075,0.1125,0.4083333333333333,0.2916666666666667,0.1125,6478982,11471743,7927,5395,1005
COL,0017,stability_share,0.8,0.05,0.075,0.4666666666666667,0.3333333333333333,0.075,6478982,11471743,7927,5395,1005
COL,0017,stability_share,0.9,0.025,0.0375,0.525,0.375,0.0375,6576533,12319676,7457,5807,1074
COL,0017,stability_share,1.0,0.0,0.0,0.5833333333333334,0.4166666666666667,0.0,6576533,12319676,7457,5807,1074
COL,0018,time_share,0.0,0.25,0.0,0.25,0.25,0.25,2159079,3633665,2257,2596,474
COL,0018,time_share,0.1,0.225,0.1,0.225,0.225,0.225,2159079,3633665,2257,2596,474
COL,0018,time_share,0.2,0.2,0.2,0.2,0.2,0.2,2159079,3633665,2257,2596,474
COL,0018,time_share,0.3,0.175,0.3,0.175,0.175,0.175,2159079,3633665,2257,2596,474
COL,0018,time_share,0.4,0.15,0.4,0.15,0.15,0.15,2159079,3633665,2257,2596,474
COL,0018,time_share,0.5,0.125,0.5,0.125,0.125,0.125,2216223,2818187,2241,3184,570
COL,0018,time_share,0.6,0.1,0.6,0.1,0.1,0.1,2146339,2560377,3183,3218,634
COL,0018,time_share,0.7,0.075,0.7,0.075,0.075,0.075,2146339,2560377,3183,3218,634
COL,0018,time_share,0.8,0.05,0.8,0.05,0.05,0.05,2222365,2511363,3215,3226,635
COL,0018,time_share,0.9,0.025,0.9,0.025,0.025,0.025,2222365,2511363,3215,3226,635
COL,0018,time_share,1.0,0.0,1.0,0.0,0.0,0.0,2222365,2511363,3215,3226,635
COL,0018,stability_share,0.0,0.25,0.375,0.0,0.0,0.375,2159079,3633665,2257,2596,474
COL,0018,stability_share,0.1,0.225,0.3375,0.058333333333333334,0.041666666666666664,0.3375,2159079,3633665,2257,2596,474
COL,0018,stability_share,0.2,0.2,0.3,0.11666666666666667,0.08333333333333333,0.3,2159079,3633665,2257,2596,474
COL,0018,stability_share,0.3,0.175,0.2625,0.175,0.125,0.2625,2159079,3633665,2257,2596,474
COL,0018,stability_share,0.4,0.15,0.225,0.23333333333333334,0.16666666666666666,0.225,2159079,3633665,2257,2596,474
COL,0018,stability_share,0.5,0.125,0.1875,0.2916666666666667,0.20833333333333334,0.1875,2159079,3633665,2257,2596,474
COL,0018,stability_share,0.6,0.1,0.15,0.35,0.25,0.15,2159079,3633665,2257,2596,474
COL,0018,stability_share,0.7,0.075,0.1125,0.4083333333333333,0.2916666666666667,0.1125,2159079,3633665,2257,2596,474
COL,0018,stability_share,0.8,0.05,0.075,0.4666666666666667,0.3333333333333333,0.075,2603957,5888196,2275,2122,367
COL,0018,stability_share,0.9,0.025,0.0375,0.525,0.375,0.0375,2603957,5888196,2275,2122,367
COL,0018,stability_share,1.0,0.0,0.0,0.5833333333333334,0.4166666666666667,0.0,2603957,5888196,2275,2122,367
COL,0019,time_share,0.0,0.25,0.0,0.25,0.25,0.25,3157352,4047085,1600,1997,367
COL,0019,time_share,0.1,0.225,0.1,0.225,0.225,0.225,3157352,4047085,1600,1997,367
COL,0019,time_share,0.2,0.2,0.2,0.2,0.2,0.2,3047682,3412795,1656,2017,387
COL,0019,time_share,0.3,0.175,0.3,0.175,0.175,0.175,3036956,3309645,1664,2025,389
COL,0019,time_share,0.4,0.15,0.4,0.15,0.15,0.15,3036956,3309645,1664,2025,389
COL,0019,time_share,0.5,0.125,0.5,0.125,0.125,0.125,3036956,3309645,1664,2025,389
COL,0019,time_share,0.6,0.1,0.6,0.1,0.1,0.1,3036956,3309645,1664,2025,389
COL,0019,time_share,0.7,0.075,0.7,0.075,0.075,0.075,3036956,3309645,1664,2025,389
COL,0019,time_share,0.8,0.05,0.8,0.05,0.05,0.05,3033530,3264748,1672,2057,398
COL,0019,time_share,0.9,0.025,0.9,0.025,0.025,0.025,3033530,3264748,1672,2057,398
COL,0019,time_share,1.0,0.0,1.0,0.0,0.0,0.0,3033530,3264748,1672,2057,398
COL,0019,stability_share,0.0,0.25,0.375,0.0,0.0,0.375,3036956,3309645,1664,2025,389
COL,0019,stability_share,0.1,0.225,0.3375,0.058333333333333334,0.041666666666666664,0.3375,3036956,3309645,1664,2025,389
COL,0019,stability_share,0.2,0.2,0.3,0.11666666666666667,0.08333333333333333,0.3,3036956,3309645,1664,2025,389
COL,0019,stability_share,0.3,0.175,0.2625,0.175,0.125,0.2625,3036956,3309645,1664,2025,389
COL,0019,stability_share,0.4,0.15,0.225,0.23333333333333334,0.16666666666666666,0.225,3157352,4047085,1600,1997,367
COL,0019,stability_share,0.5,0.125,0.1875,0.2916666666666667,0.20833333333333334,0.1875,3157352,4047085,1600,1997,367
COL,0019,stability_share,0.6,0.1,0.15,0.35,0.25,0.15,3157352,4047085,1600,1997,367
COL,0019,stability_share,0.7,0.075,0.1125,0.4083333333333333,0.2916666666666667,0.1125,3157352,4047085,1600,1997,367
COL,0019,stability_share,0.8,0.05,0.075,0.4666666666666667,0.3333333333333333,0.075,3175851,4784116,1406,2185,390
COL,0019,stability_share,0.9,0.025,0.0375,0.525,0.375,0.0375,3175851,4784116,1406,2185,390
COL,0019,stability_share,1.0,0.0,0.0,0.5833333333333334,0.4166666666666667,0.0,3175851,4784116,1406,2185,390
COL,0020,time_share,0.0,0.25,0.0,0.25,0.25,0.25,5354212,11322206,4899,3677,670
COL,0020,time_share,0.1,0.225,0.1,0.225,0.225,0.225,5354212,11322206,4899,3677,670
COL,0020,time_share,0.2,0.2,0.2,0.2,0.2,0.2,5601994,9651023,5183,3711,678
COL,0020,time_share,0.3,0.175,0.3,0.175,0.175,0.175,5601994,9651023,5183,3711,678
COL,0020,time_share,0.4,0.15,0.4,0.15,0.15,0.15,4671999,5617494,6183,5897,1105
COL,0020,time_share,0.5,0.125,0.5,0.125,0.125,0.125,4671999,5617494,6183,5897,1105
COL,0020,time_share,0.6,0.1,0.6,0.1,0.1,0.1,4671999,5617494,6183,5897,1105
COL,0020,time_share,0.7,0.075,0.7,0.075,0.075,0.075,4671999,5617494,6183,5897,1105
COL,0020,time_share,0.8,0.05,0.8,0.05,0.05,0.05,4593521,5503750,6293,6317,1161
COL,0020,time_share,0.9,0.025,0.9,0.025,0.025,0.025,4586293,5496473,6329,6367,1169
COL,0020,time_share,1.0,0.0,1.0,0.0,0.0,0.0,4661758,5474535,6571,6433,1223
COL,0020,stability_share,0.0,0.25,0.375,0.0,0.0,0.375,4671999,5617494,6183,5897,1105
COL,0020,stability_share,0.1,0.225,0.3375,0.058333333333333334,0.041666666666666664,0.3375,4671999,5617494,6183,5897,1105
COL,0020,stability_share,0.2,0.2,0.3,0.11666666666666667,0.08333333333333333,0.3,5601994,9651023,5183,3711,678
COL,0020,stability_share,0.3,0.175,0.2625,0.175,0.125,0.2625,5601994,9651023,5183,3711,678
COL,0020,stability_share,0.4,0.15,0.225,0.23333333333333334,0.16666666666666666,0.225,5601994,9651023,5183,3711,678
COL,0020,stability_share,0.5,0.125,0.1875,0.2916666666666667,0.20833333333333334,0.1875,5601994,9651023,5183,3711,678
COL,0020,stability_share,0.6,0.1,0.15,0.35,0.25,0.15,5354212,11322206,4899,3677,670
COL,0020,stability_share,0.7,0.075,0.1125,0.4083333333333333,0.2916666666666667,0.1125,5354212,11322206,4899,3677,670
COL,0020,stability_share,0.8,0.05,0.075,0.4666666666666667,0.3333333333333333,0.075,5354212,11322206,4899,3677,670
COL,0020,stability_share,0.9,0.025,0.0375,0.525,0.375,0.0375,5354212,11322206,4899,3677,670
COL,0020,stability_share,1.0,0.0,0.0,0.5833333333333334,0.4166666666666667,0.0,5354212,11322206,4899,3677,670
COL,0021,time_share,0.0,0.25,0.0,0.25,0.25,0.25,1857748,2285283,2308,2449,484
COL,0021,time_share,0.1,0.225,0.1,0.225,0.225,0.225,1857748,2285283,2308,2449,484
COL,0021,time_share,0.2,0.2,0.2,0.2,0.2,0.2,1857748,2285283,2308,2449,484
COL,0021,time_share,0.3,0.175,0.3,0.175,0.175,0.175,1857748,2285283,2308,2449,484
COL,0021,time_share,0.4,0.15,0.4,0.15,0.15,0.15,1857748,2285283,2308,2449,484
COL,0021,time_share,0.5,0.125,0.5,0.125,0.125,0.125,1867265,2066281,2412,2597,518
COL,0021,time_share,0.6,0.1,0.6,0.1,0.1,0.1,1867265,2066281,2412,2597,518
COL,0021,time_share,0.7,0.075,0.7,0.075,0.075,0.075,1867265,2066281,2412,2597,518
COL,0021,time_share,0.8,0.05,0.8,0.05,0.05,0.05,1867265,2066281,2412,2597,518
COL,0021,time_share,0.9,0.025,0.9,0.025,0.025,0.025,1867265,2066281,2412,2597,518
COL,0021,time_share,1.0,0.0,1.0,0.0,0.0,0.0,1902305,2037707,2618,3193,599
COL,0021,stability_share,0.0,0.25,0.375,0.0,0.0,0.375,1857748,2285283,2308,2449,484
COL,0021,stability_share,0.1,0.225,0.3375,0.058333333333333334,0.041666666666666664,0.3375,1857748,2285283,2308,2449,484
COL,0021,stability_share,0.2,0.2,0.3,0.11666666666666667,0.08333333333333333,0.3,1857748,2285283,2308,2449,484
COL,0021,stability_share,0.3,0.175,0.2625,0.175,0.125,0.2625,1857748,2285283,2308,2449,484
COL,0021,stability_share,0.4,0.15,0.225,0.23333333333333334,0.16666666666666666,0.225,1857748,2285283,2308,2449,484
COL,0021,stability_share,0.5,0.125,0.1875,0.2916666666666667,0.20833333333333334,0.1875,1857748,2285283,2308,2449,484
COL,0021,stability_share,0.6,0.1,0.15,0.35,0.25,0.15,1857748,2285283,2308,2449,484
COL,0021,stability_share,0.7,0.075,0.1125,0.4083333333333333,0.2916666666666667,0.1125,1857748,2285283,2308,2449,484
COL,0021,stability_share,0.8,0.05,0.075,0.4666666666666667,0.3333333333333333,0.075,1857748,2285283,2308,2449,484
COL,0021,stability_share,0.9,0.025,0.0375,0.525,0.375,0.0375,1857748,2285283,2308,2449,484
COL,0021,stability_share,1.0,0.0,0.0,0.5833333333333334,0.4166666666666667,0.0,1857748,2285283,2308,2449,484
COL,0022,time_share,0.0,0.25,0.0,0.25,0.25,0.25,3541239,5805976,9057,4823,885
COL,0022,time_share,0.1,0.225,0.1,0.225,0.225,0.225,3541239,5805976,9057,4823,885
COL,0022,time_share,0.2,0.2,0.2,0.2,0.2,0.2,3677602,5189890,8283,5045,926
COL,0022,time_share,0.3,0.175,0.3,0.175,0.175,0.175,3677602,5189890,8283,5045,926
COL,0022,time_share,0.4,0.15,0.4,0.15,0.15,0.15,3684116,5039080,8131,5205,953
COL,0022,time_share,0.5,0.125,0.5,0.125,0.125,0.125,3669757,5024854,8203,5235,958
COL,0022,time_share,0.6,0.1,0.6,0.1,0.1,0.1,3825168,4757671,11993,4811,921
COL,0022,time_share,0.7,0.075,0.7,0.075,0.075,0.075,3838553,4742494,12007,4861,926
COL,0022,time_share,0.8,0.05,0.8,0.05,0.05,0.05,4239650,4418803,13943,5251,1049
COL,0022,time_share,0.9,0.025,0.9,0.025,0.025,0.025,4248375,4415113,13897,5283,1052
COL,0022,time_share,1.0,0.0,1.0,0.0,0.0,0.0,4253751,4413209,13905,5321,1060
COL,0022,stability_share,0.0,0.25,0.375,0.0,0.0,0.375,3821943,4825285,12033,4711,903
COL,0022,stability_share,0.1,0.225,0.3375,0.058333333333333334,0.041666666666666664,0.3375,3677602,5189890,8283,5045,926
COL,0022,stability_share,0.2,0.2,0.3,0.11666666666666667,0.08333333333333333,0.3,3677602,5189890,8283,5045,926
COL,0022,stability_share,0.3,0.175,0.2625,0.175,0.125,0.2625,3677602,5189890,8283,5045,926
COL,0022,stability_share,0.4,0.15,0.225,0.23333333333333334,0.16666666666666666,0.225,3677602,5189890,8283,5045,926
COL,0022,stability_share,0.5,0.125,0.1875,0.2916666666666667,0.20833333333333334,0.1875,3677602,5189890,8283,5045,926
COL,0022,stability_share,0.6,0.1,0.15,0.35,0.25,0.15,3677602,5189890,8283,5045,926
COL,0022,stability_share,0.7,0.075,0.1125,0.4083333333333333,0.2916666666666667,0.1125,3677602,5189890,8283,5045,926
COL,0022,stability_share,0.8,0.05,0.075,0.4666666666666667,0.3333333333333333,0.075,3677602,5189890,8283,5045,926
COL,0022,stability_share,0.9,0.025,0.0375,0.525,0.375,0.0375,3677602,5189890,8283,5045,926
COL,0022,stability_share,1.0,0.0,0.0,0.5833333333333334,0.4166666666666667,0.0,3692225,5440563,8013,5171,945
COL,0023,time_share,0.0,0.25,0.0,0.25,0.25,0.25,4332549,7120619,8661,4907,914
COL,0023,time_share,0.1,0.225,0.1,0.225,0.225,0.225,4332549,7120619,8661,4907,914
COL,0023,time_share,0.2,0.2,0.2,0.2,0.2,0.2,4332549,7120619,8661,4907,914
COL,0023,time_share,0.3,0.175,0.3,0.175,0.175,0.175,4332549,7120619,8661,4907,914
COL,0023,time_share,0.4,0.15,0.4,0.15,0.15,0.15,4332549,7120619,8661,4907,914
COL,0023,time_share,0.5,0.125,0.5,0.125,0.125,0.125,4105441,5468629,8627,6263,1149
COL,0023,time_share,0.6,0.1,0.6,0.1,0.1,0.1,4105441,5468629,8627,6263,1149
COL,0023,time_share,0.7,0.075,0.7,0.075,0.075,0.075,4105441,5468629,8627,6263,1149
COL,0023,time_share,0.8,0.05,0.8,0.05,0.05,0.05,4090266,5402655,8697,6413,1172
COL,0023,time_share,0.9,0.025,0.9,0.025,0.025,0.025,4100182,5376225,8707,6495,1185
COL,0023,time_share,1.0,0.0,1.0,0.0,0.0,0.0,4100182,5376225,8707,6495,1185
COL,0023,stability_share,0.0,0.25,0.375,0.0,0.0,0.375,4332549,7120619,8661,4907,914
COL,0023,stability_share,0.1,0.225,0.3375,0.058333333333333334,0.041666666666666664,0.3375,4332549,7120619,8661,4907,914
COL,0023,stability_share,0.2,0.2,0.3,0.11666666666666667,0.08333333333333333,0.3,4332549,7120619,8661,4907,914
COL,0023,stability_share,0.3,0.175,0.2625,0.175,0.125,0.2625,4332549,7120619,8661,4907,914
COL,0023,stability_share,0.4,0.15,0.225,0.23333333333333334,0.16666666666666666,0.225,4332549,7120619,8661,4907,914
COL,0023,stability_share,0.5,0.125,0.1875,0.2916666666666667,0.20833333333333334,0.1875,4332549,7120619,8661,4907,914
COL,0023,stability_share,0.6,0.1,0.15,0.35,0.25,0.15,4332549,7120619,8661,4907,914
COL,0023,stability_share,0.7,0.075,0.1125,0.4083333333333333,0.2916666666666667,0.1125,4332549,7120619,8661,4907,914
COL,0023,stability_share,0.8,0.05,0.075,0.4666666666666667,0.3333333333333333,0.075,4332549,7120619,8661,4907,914
COL,0023,stability_share,0.9,0.025,0.0375,0.525,0.375,0.0375,4332549,7120619,8661,4907,914
COL,0023,stability_share,1.0,0.0,0.0,0.5833333333333334,0.4166666666666667,0.0,4332549,7120619,8661,4907,914
COL,0024,time_share,0.0,0.25,0.0,0.25,0.25,0.25,1432249,1577381,6934,1289,264
COL,0024,time_share,0.1,0.225,0.1,0.225,0.225,0.225,1432249,1577381,6934,1289,264
COL,0024,time_share,0.2,0.2,0.2,0.2,0.2,0.2,1432249,1577381,6934,1289,264
COL,0024,time_share,0.3,0.175,0.3,0.175,0.175,0.175,1432249,1577381,6934,1289,264
COL,0024,time_share,0.4,0.15,0.4,0.15,0.15,0.15,1432249,1577381,6934,1289,264
COL,0024,time_share,0.5,0.125,0.5,0.125,0.125,0.125,1431684,1485098,6964,1355,278
COL,0024,time_share,0.6,0.1,0.6,0.1,0.1,0.1,1431684,1485098,6964,1355,278
COL,0024,time_share,0.7,0.075,0.7,0.075,0.075,0.075,1431684,1485098,6964,1355,278
COL,0024,time_share,0.8,0.05,0.8,0.05,0.05,0.05,1431684,1485098,6964,1355,278
COL,0024,time_share,0.9,0.025,0.9,0.025,0.025,0.025,1431684,1485098,6964,1355,278
COL,0024,time_share,1.0,0.0,1.0,0.0,0.0,0.0,1431280,1484087,6976,1373,279
COL,0024,stability_share,0.0,0.25,0.375,0.0,0.0,0.375,1432249,1577381,6934,1289,264
COL,0024,stability_share,0.1,0.225,0.3375,0.058333333333333334,0.041666666666666664,0.3375,1432249,1577381,6934,1289,264
COL,0024,stability_share,0.2,0.2,0.3,0.11666666666666667,0.08333333333333333,0.3,1432249,1577381,6934,1289,264
COL,0024,stability_share,0.3,0.175,0.2625,0.175,0.125,0.2625,1432249,1577381,6934,1289,264
COL,0024,stability_share,0.4,0.15,0.225,0.23333333333333334,0.16666666666666666,0.225,1432249,1577381,6934,1289,264
COL,0024,stability_share,0.5,0.125,0.1875,0.2916666666666667,0.20833333333333334,0.1875,1432249,1577381,6934,1289,264
COL,0024,stability_share,0.6,0.1,0.15,0.35,0.25,0.15,1432249,1577381,6934,1289,264
COL,0024,stability_share,0.7,0.075,0.1125,0.4083333333333333,0.2916666666666667,0.1125,1432249,1577381,6934,1289,264
COL,0024,stability_share,0.8,0.05,0.075,0.4666666666666667,0.3333333333333333,0.075,1432249,1577381,6934,1289,264
COL,0024,stability_share,0.9,0.025,0.0375,0.525,0.375,0.0375,1432249,1577381,6934,1289,264
COL,0024,stability_share,1.0,0.0,0.0,0.5833333333333334,0.4166666666666667,0.0,1432249,1577381,6934,1289,264
COL,0025,time_share,0.0,0.25,0.0,0.25,0.25,0.25,4086865,6987693,3994,2954,545
COL,0025,time_share,0.1,0.225,0.1,0.225,0.225,0.225,4086865,6987693,3994,2954,545
COL,0025,time_share,0.2,0.2,0.2,0.2,0.2,0.2,4086865,6987693,3994,2954,545
COL,0025,time_share,0.3,0.175,0.3,0.175,0.175,0.175,4086865,6987693,3994,2954,545
COL,0025,time_share,0.4,0.15,0.4,0.15,0.15,0.15,4086865,6987693,3994,2954,545
COL,0025,time_share,0.5,0.125,0.5,0.125,0.125,0.125,4086865,6987693,3994,2954,545
COL,0025,time_share,0.6,0.1,0.6,0.1,0.1,0.1,3929400,5088111,4384,4104,741
COL,0025,time_share,0.7,0.075,0.7,0.075,0.075,0.075,3941007,4975031,4498,4128,752
COL,0025,time_share,0.8,0.05,0.8,0.05,0.05,0.05,3862846,4917993,4978,4080,733
COL,0025,time_share,0.9,0.025,0.9,0.025,0.025,0.025,3862846,4917993,4978,4080,733
COL,0025,time_share,1.0,0.0,1.0,0.0,0.0,0.0,3862631,4917778,4988,4150,740
COL,0025,stability_share,0.0,0.25,0.375,0.0,0.0,0.375,3759836,5701906,4738,3576,649
COL,0025,stability_share,0.1,0.225,0.3375,0.058333333333333334,0.041666666666666664,0.3375,4086865,6987693,3994,2954,545
COL,0025,stability_share,0.2,0.2,0.3,0.11666666666666667,0.08333333333333333,0.3,4086865,6987693,3994,2954,545
COL,0025,stability_share,0.3,0.175,0.2625,0.175,0.125,0.2625,4086865,6987693,3994,2954,545
COL,0025,stability_share,0.4,0.15,0.225,0.23333333333333334,0.16666666666666666,0.225,4086865,6987693,3994,2954,545
COL,0025,stability_share,0.5,0.125,0.1875,0.2916666666666667,0.20833333333333334,0.1875,4086865,6987693,3994,2954,545
COL,0025,stability_share,0.6,0.1,0.15,0.35,0.25,0.15,4086865,6987693,3994,2954,545
COL,0025,stability_share,0.7,0.075,0.1125,0.4083333333333333,0.2916666666666667,0.1125,4125282,8222818,3586,3236,599
COL,0025,stability_share,0.8,0.05,0.075,0.4666666666666667,0.3333333333333333,0.075,4125282,8222818,3586,3236,599
COL,0025,stability_share,0.9,0.025,0.0375,0.525,0.375,0.0375,4125282,8222818,3586,3236,599
COL,0025,stability_share,1.0,0.0,0.0,0.5833333333333334,0.4166666666666667,0.0,4125282,8222818,3586,3236,599
COL,0026,time_share,0.0,0.25,0.0,0.25,0.25,0.25,4550465,9879792,5390,3527,641
COL,0026,time_share,0.1,0.225,0.1,0.225,0.225,0.225,4550465,9879792,5390,3527,641
COL,0026,time_share,0.2,0.2,0.2,0.2,0.2,0.2,3564892,4416142,5840,4581,883
COL,0026,time_share,0.3,0.175,0.3,0.175,0.175,0.175,3564892,4416142,5840,4581,883
COL,0026,time_share,0.4,0.15,0.4,0.15,0.15,0.15,3564892,4416142,5840,4581,883
COL,0026,time_share,0.5,0.125,0.5,0.125,0.125,0.125,3564892,4416142,5840,4581,883
COL,0026,time_share,0.6,0.1,0.6,0.1,0.1,0.1,3524220,3964546,6070,4779,940
COL,0026,time_share,0.7,0.075,0.7,0.075,0.075,0.075,3524220,3964546,6070,4779,940
COL,0026,time_share,0.8,0.05,0.8,0.05,0.05,0.05,3524220,3964546,6070,4779,940
COL,0026,time_share,0.9,0.025,0.9,0.025,0.025,0.025,3324052,3760788,6346,5387,1039
COL,0026,time_share,1.0,0.0,1.0,0.0,0.0,0.0,3324552,3759071,6356,5385,1041
COL,0026,stability_share,0.0,0.25,0.375,0.0,0.0,0.375,3564892,4416142,5840,4581,883
COL,0026,stability_share,0.1,0.225,0.3375,0.058333333333333334,0.041666666666666664,0.3375,3564892,4416142,5840,4581,883
COL,0026,stability_share,0.2,0.2,0.3,0.11666666666666667,0.08333333333333333,0.3,3564892,4416142,5840,4581,883
COL,0026,stability_share,0.3,0.175,0.2625,0.175,0.125,0.2625,3564892,4416142,5840,4581,883
COL,0026,stability_share,0.4,0.15,0.225,0.23333333333333334,0.16666666666666666,0.225,3564892,4416142,5840,4581,883
COL,0026,stability_share,0.5,0.125,0.1875,0.2916666666666667,0.20833333333333334,0.1875,4550465,9879792,5390,3527,641
COL,0026,stability_share,0.6,0.1,0.15,0.35,0.25,0.15,4550465,9879792,5390,3527,641
COL,0026,stability_share,0.7,0.075,0.1125,0.4083333333333333,0.2916666666666667,0.1125,4550465,9879792,5390,3527,641
COL,0026,stability_share,0.8,0.05,0.075,0.4666666666666667,0.3333333333333333,0.075,4550465,9879792,5390,3527,641
COL,0026,stability_share,0.9,0.025,0.0375,0.525,0.375,0.0375,5669431,11118213,4794,4473,823
COL,0026,stability_share,1.0,0.0,0.0,0.5833333333333334,0.4166666666666667,0.0,5669431,11118213,4794,4473,823
COL,0027,time_share,0.0,0.25,0.0,0.25,0.25,0.25,2477134,3843491,10160,2758,545
COL,0027,time_share,0.1,0.225,0.1,0.225,0.225,0.225,2477134,3843491,10160,2758,545
COL,0027,time_share,0.2,0.2,0.2,0.2,0.2,0.2,2477134,3843491,10160,2758,545
COL,0027,time_share,0.3,0.175,0.3,0.175,0.175,0.175,2477134,3843491,10160,2758,545
COL,0027,time_share,0.4,0.15,0.4,0.15,0.15,0.15,2477134,3843491,10160,2758,545
COL,0027,time_share,0.5,0.125,0.5,0.125,0.125,0.125,2477134,3843491,10160,2758,545
COL,0027,time_share,0.6,0.1,0.6,0.1,0.1,0.1,2595958,3346581,13178,2836,559
COL,0027,time_share,0.7,0.075,0.7,0.075,0.075,0.075,2596360,3343493,13186,2842,560
COL,0027,time_share,0.8,0.05,0.8,0.05,0.05,0.05,2596940,3339059,13172,2852,563
COL,0027,time_share,0.9,0.025,0.9,0.025,0.025,0.025,2598375,3329846,13204,2898,567
COL,0027,time_share,1.0,0.0,1.0,0.0,0.0,0.0,2599131,3328699,13204,2910,569
COL,0027,stability_share,0.0,0.25,0.375,0.0,0.0,0.375,2477134,3843491,10160,2758,545
COL,0027,stability_share,0.1,0.225,0.3375,0.058333333333333334,0.041666666666666664,0.3375,2477134,3843491,10160,2758,545
COL,0027,stability_share,0.2,0.2,0.3,0.11666666666666667,0.08333333333333333,0.3,2477134,3843491,10160,2758,545
COL,0027,stability_share,0.3,0.175,0.2625,0.175,0.125,0.2625,2477134,3843491,10160,2758,545
COL,0027,stability_share,0.4,0.15,0.225,0.23333333333333334,0.16666666666666666,0.225,2477134,3843491,10160,2758,545
COL,0027,stability_share,0.5,0.125,0.1875,0.2916666666666667,0.20833333333333334,0.1875,2477134,3843491,10160,2758,545
COL,0027,stability_share,0.6,0.1,0.15,0.35,0.25,0.15,2477134,3843491,10160,2758,545
COL,0027,stability_share,0.7,0.075,0.1125,0.4083333333333333,0.2916666666666667,0.1125,2477134,3843491,10160,2758,545
COL,0027,stability_share,0.8,0.05,0.075,0.4666666666666667,0.3333333333333333,0.075,2477134,3843491,10160,2758,545
COL,0027,stability_share,0.9,0.025,0.0375,0.525,0.375,0.0375,2477134,3843491,10160,2758,545
COL,0027,stability_share,1.0,0.0,0.0,0.5833333333333334,0.4166666666666667,0.0,2477134,3843491,10160,2758,545
COL,0028,time_share,0.0,0.25,0.0,0.25,0.25,0.25,6303603,11227838,12223,6612,1254
COL,0028,time_share,0.1,0.225,0.1,0.225,0.225,0.225,6303603,11227838,12223,6612,1254
COL,0028,time_share,0.2,0.2,0.2,0.2,0.2,0.2,6303603,11227838,12223,6612,1254
COL,0028,time_share,0.3,0.175,0.3,0.175,0.175,0.175,6303603,11227838,12223,6612,1254
COL,0028,time_share,0.4,0.15,0.4,0.15,0.15,0.15,6303603,11227838,12223,6612,1254
COL,0028,time_share,0.5,0.125,0.5,0.125,0.125,0.125,6359617,8564257,12359,9044,1682
COL,0028,time_share,0.6,0.1,0.6,0.1,0.1,0.1,6575351,8109976,12169,9494,1748
COL,0028,time_share,0.7,0.075,0.7,0.075,0.075,0.075,6575351,8109976,12169,9494,1748
COL,0028,time_share,0.8,0.05,0.8,0.05,0.05,0.05,6576293,8098931,12175,9524,1753
COL,0028,time_share,0.9,0.025,0.9,0.025,0.025,0.025,6564271,8093147,12205,9590,1762
COL,0028,time_share,1.0,0.0,1.0,0.0,0.0,0.0,6564271,8093147,12205,9590,1762
COL,0028,stability_share,0.0,0.25,0.375,0.0,0.0,0.375,5875105,11057898,16865,7176,1307
COL,0028,stability_share,0.1,0.225,0.3375,0.058333333333333334,0.041666666666666664,0.3375,5875105,11057898,16865,7176,1307
COL,0028,stability_share,0.2,0.2,0.3,0.11666666666666667,0.08333333333333333,0.3,6303603,11227838,12223,6612,1254
COL,0028,stability_share,0.3,0.175,0.2625,0.175,0.125,0.2625,6303603,11227838,12223,6612,1254
COL,0028,stability_share,0.4,0.15,0.225,0.23333333333333334,0.16666666666666666,0.225,6303603,11227838,12223,6612,1254
COL,0028,stability_share,0.5,0.125,0.1875,0.2916666666666667,0.20833333333333334,0.1875,6303603,11227838,12223,6612,1254
COL,0028,stability_share,0.6,0.1,0.15,0.35,0.25,0.15,6303603,11227838,12223,6612,1254
COL,0028,stability_share,0.7,0.075,0.1125,0.4083333333333333,0.2916666666666667,0.1125,6865508,12435837,10961,6760,1258
COL,0028,stability_share,0.8,0.05,0.075,0.4666666666666667,0.3333333333333333,0.075,6865508,12435837,10961,6760,1258
COL,0028,stability_share,0.9,0.025,0.0375,0.525,0.375,0.0375,6865508,12435837,10961,6760,1258
COL,0028,stability_share,1.0,0.0,0.0,0.5833333333333334,0.4166666666666667,0.0,6865508,12435837,10961,6760,1258
COL,0029,time_share,0.0,0.25,0.0,0.25,0.25,0.25,866975,1348291,533,1730,272
COL,0029,time_share,0.1,0.225,0.1,0.225,0.225,0.225,866975,1348291,533,1730,272
COL,0029,time_share,0.2,0.2,0.2,0.2,0.2,0.2,866975,1348291,533,1730,272
COL,0029,time_share,0.3,0.175,0.3,0.175,0.175,0.175,866975,1348291,533,1730,272
COL,0029,time_share,0.4,0.15,0.4,0.15,0.15,0.15,866975,1348291,533,1730,272
COL,0029,time_share,0.5,0.125,0.5,0.125,0.125,0.125,847591,1303899,645,1694,274
COL,0029,time_share,0.6,0.1,0.6,0.1,0.1,0.1,847204,1279687,665,1716,276
COL,0029,time_share,0.7,0.075,0.7,0.075,0.075,0.075,852257,1234782,727,1738,280
COL,0029,time_share,0.8,0.05,0.8,0.05,0.05,0.05,894396,1091083,893,1798,326
COL,0029,time_share,0.9,0.025,0.9,0.025,0.025,0.025,894396,1091083,893,1798,326
COL,0029,time_share,1.0,0.0,1.0,0.0,0.0,0.0,894396,1091083,893,1798,326
COL,0029,stability_share,0.0,0.25,0.375,0.0,0.0,0.375,847591,1303899,645,1694,274
COL,0029,stability_share,0.1,0.225,0.3375,0.058333333333333334,0.041666666666666664,0.3375,847591,1303899,645,1694,274
COL,0029,stability_share,0.2,0.2,0.3,0.11666666666666667,0.08333333333333333,0.3,866975,1348291,533,1730,272
COL,0029,stability_share,0.3,0.175,0.2625,0.175,0.125,0.2625,866975,1348291,533,1730,272
COL,0029,stability_share,0.4,0.15,0.225,0.23333333333333334,0.16666666666666666,0.225,866975,1348291,533,1730,272
COL,0029,stability_share,0.5,0.125,0.1875,0.2916666666666667,0.20833333333333334,0.1875,866975,1348291,533,1730,272
COL,0029,stability_share,0.6,0.1,0.15,0.35,0.25,0.15,866975,1348291,533,1730,272
COL,0029,stability_share,0.7,0.075,0.1125,0.4083333333333333,0.2916666666666667,0.1125,866975,1348291,533,1730,272
COL,0029,stability_share,0.8,0.05,0.075,0.4666666666666667,0.3333333333333333,0.075,866975,1348291,533,1730,272
COL,0029,stability_share,0.9,0.025,0.0375,0.525,0.375,0.0375,866975,1348291,533,1730,272
COL,0029,stability_share,1.0,0.0,0.0,0.5833333333333334,0.4166666666666667,0.0,866975,1348291,533,1730,272
COL,0030,time_share,0.0,0.25,0.0,0.25,0.25,0.25,5276721,9515139,12872,5408,1041
COL,0030,time_share,0.1,0.225,0.1,0.225,0.225,0.225,5276721,9515139,12872,5408,1041
COL,0030,time_share,0.2,0.2,0.2,0.2,0.2,0.2,5276721,9515139,12872,5408,1041
COL,0030,time_share,0.3,0.175,0.3,0.175,0.175,0.175,5276721,9515139,12872,5408,1041
COL,0030,time_share,0.4,0.15,0.4,0.15,0.15,0.15,5210808,8503897,12346,6466,1216
COL,0030,time_share,0.5,0.125,0.5,0.125,0.125,0.125,5210808,8503897,12346,6466,1216
COL,0030,time_share,0.6,0.1,0.6,0.1,0.1,0.1,5222882,8425405,12362,6622,1235
COL,0030,time_share,0.7,0.075,0.7,0.075,0.075,0.075,5243771,8343000,12354,6818,1273
COL,0030,time_share,0.8,0.05,0.8,0.05,0.05,0.05,5243771,8343000,12354,6818,1273
COL,0030,time_share,0.9,0.025,0.9,0.025,0.025,0.025,5256765,8331525,12422,6902,1290
COL,0030,time_share,1.0,0.0,1.0,0.0,0.0,0.0,5786750,8277010,12368,7662,1436
COL,0030,stability_share,0.0,0.25,0.375,0.0,0.0,0.375,5276721,9515139,12872,5408,1041
COL,0030,stability_share,0.1,0.225,0.3375,0.058333333333333334,0.041666666666666664,0.3375,5276721,9515139,12872,5408,1041
COL,0030,stability_share,0.2,0.2,0.3,0.11666666666666667,0.08333333333333333,0.3,5276721,9515139,12872,5408,1041
COL,0030,stability_share,0.3,0.175,0.2625,0.175,0.125,0.2625,5276721,9515139,12872,5408,1041
COL,0030,stability_share,0.4,0.15,0.225,0.23333333333333334,0.16666666666666666,0.225,5276721,9515139,12872,5408,1041
COL,0030,stability_share,0.5,0.125,0.1875,0.2916666666666667,0.20833333333333334,0.1875,5276721,9515139,12872,5408,1041
COL,0030,stability_share,0.6,0.1,0.15,0.35,0.25,0.15,5276721,9515139,12872,5408,1041
COL,0030,stability_share,0.7,0.075,0.1125,0.4083333333333333,0.2916666666666667,0.1125,5276721,9515139,12872,5408,1041
COL,0030,stability_share,0.8,0.05,0.075,0.4666666666666667,0.3333333333333333,0.075,5549937,9810000,11152,6134,1175
COL,0030,stability_share,0.9,0.025,0.0375,0.525,0.375,0.0375,5549937,9810000,11152,6134,1175
COL,0030,stability_share,1.0,0.0,0.0,0.5833333333333334,0.4166666666666667,0.0,5549937,9810000,11152,6134,1175
NY,0001,time_share,0.0,0.25,0.0,0.25,0.25,0.25,689486,949413,1056,2342,406
NY,0001,time_share,0.1,0.225,0.1,0.225,0.225,0.225,689486,949413,1056,2342,406
NY,0001,time_share,0.2,0.2,0.2,0.2,0.2,0.2,689486,949413,1056,2342,406
NY,0001,time_share,0.3,0.175,0.3,0.175,0.175,0.175,689486,949413,1056,2342,406
NY,0001,time_share,0.4,0.15,0.4,0.15,0.15,0.15,698677,934147,1078,2264,399
NY,0001,time_share,0.5,0.125,0.5,0.125,0.125,0.125,714378,885474,1212,2100,375
NY,0001,time_share,0.6,0.1,0.6,0.1,0.1,0.1,720728,826108,1268,2156,403
NY,0001,time_share,0.7,0.075,0.7,0.075,0.075,0.075,720728,826108,1268,2156,403
NY,0001,time_share,0.8,0.05,0.8,0.05,0.05,0.05,720728,826108,1268,2156,403
NY,0001,time_share,0.9,0.025,0.9,0.025,0.025,0.025,720728,826108,1268,2156,403
NY,0001,time_share,1.0,0.0,1.0,0.0,0.0,0.0,720728,826108,1268,2156,403
NY,0001,stability_share,0.0,0.25,0.375,0.0,0.0,0.375,714378,885474,1212,2100,375
NY,0001,stability_share,0.1,0.225,0.3375,0.058333333333333334,0.041666666666666664,0.3375,714378,885474,1212,2100,375
NY,0001,stability_share,0.2,0.2,0.3,0.11666666666666667,0.08333333333333333,0.3,714378,885474,1212,2100,375
NY,0001,stability_share,0.3,0.175,0.2625,0.175,0.125,0.2625,689486,949413,1056,2342,406
NY,0001,stability_share,0.4,0.15,0.225,0.23333333333333334,0.16666666666666666,0.225,689486,949413,1056,2342,406
NY,0001,stability_share,0.5,0.125,0.1875,0.2916666666666667,0.20833333333333334,0.1875,689486,949413,1056,2342,406
NY,0001,stability_share,0.6,0.1,0.15,0.35,0.25,0.15,689486,949413,1056,2342,406
NY,0001,stability_share,0.7,0.075,0.1125,0.4083333333333333,0.2916666666666667,0.1125,689486,949413,1056,2342,406
NY,0001,stability_share,0.8,0.05,0.075,0.4666666666666667,0.3333333333333333,0.075,689486,949413,1056,2342,406
NY,0001,stability_share,0.9,0.025,0.0375,0.525,0.375,0.0375,726634,1069918,980,2566,430
NY,0001,stability_share,1.0,0.0,0.0,0.5833333333333334,0.4166666666666667,0.0,708924,1227454,950,2674,434
NY,0002,time_share,0.0,0.25,0.0,0.25,0.25,0.25,311335,416040,555,992,173
NY,0002,time_share,0.1,0.225,0.1,0.225,0.225,0.225,310698,390718,555,1006,176
NY,0002,time_share,0.2,0.2,0.2,0.2,0.2,0.2,310698,390718,555,1006,176
NY,0002,time_share,0.3,0.175,0.3,0.175,0.175,0.175,310698,390718,555,1006,176
NY,0002,time_share,0.4,0.15,0.4,0.15,0.15,0.15,310156,361648,579,1032,182
NY,0002,time_share,0.5,0.125,0.5,0.125,0.125,0.125,310156,361648,579,1032,182
NY,0002,time_share,0.6,0.1,0.6,0.1,0.1,0.1,310156,361648,579,1032,182
NY,0002,time_share,0.7,0.075,0.7,0.075,0.075,0.075,310156,361648,579,1032,182
NY,0002,time_share,0.8,0.05,0.8,0.05,0.05,0.05,305736,349953,605,1178,204
NY,0002,time_share,0.9,0.025,0.9,0.025,0.025,0.025,305736,349953,605,1178,204
NY,0002,time_share,1.0,0.0,1.0,0.0,0.0,0.0,306768,349406,613,1184,205
NY,0002,stability_share,0.0,0.25,0.375,0.0,0.0,0.375,310156,361648,579,1032,182
NY,0002,stability_share,0.1,0.225,0.3375,0.058333333333333334,0.041666666666666664,0.3375,310156,361648,579,1032,182
NY,0002,stability_share,0.2,0.2,0.3,0.11666666666666667,0.08333333333333333,0.3,310156,361648,579,1032,182
NY,0002,stability_share,0.3,0.175,0.2625,0.175,0.125,0.2625,310698,390718,555,1006,176
NY,0002,stability_share,0.4,0.15,0.225,0.23333333333333334,0.16666666666666666,0.225,310698,390718,555,1006,176
NY,0002,stability_share,0.5,0.125,0.1875,0.2916666666666667,0.20833333333333334,0.1875,310698,390718,555,1006,176
NY,0002,stability_share,0.6,0.1,0.15,0.35,0.25,0.15,310698,390718,555,1006,176
NY,0002,stability_share,0.7,0.075,0.1125,0.4083333333333333,0.2916666666666667,0.1125,310698,390718,555,1006,176
NY,0002,stability_share,0.8,0.05,0.075,0.4666666666666667,0.3333333333333333,0.075,311335,416040,555,992,173
NY,0002,stability_share,0.9,0.025,0.0375,0.525,0.375,0.0375,311335,416040,555,992,173
NY,0002,stability_share,1.0,0.0,0.0,0.5833333333333334,0.4166666666666667,0.0,315271,439634,533,1058,185
NY,0003,time_share,0.0,0.25,0.0,0.25,0.25,0.25,1449909,1655441,3001,3511,646
NY,0003,time_share,0.1,0.225,0.1,0.225,0.225,0.225,1449909,1655441,3001,3511,646
NY,0003,time_share,0.2,0.2,0.2,0.2,0.2,0.2,1449909,1655441,3001,3511,646
NY,0003,time_share,0.3,0.175,0.3,0.175,0.175,0.175,1449909,1655441,3001,3511,646
NY,0003,time_share,0.4,0.15,0.4,0.15,0.15,0.15,1449909,1655441,3001,3511,646
NY,0003,time_share,0.5,0.125,0.5,0.125,0.125,0.125,1449909,1655441,3001,3511,646
NY,0003,time_share,0.6,0.1,0.6,0.1,0.1,0.1,1437565,1629427,3085,3613,664
NY,0003,time_share,0.7,0.075,0.7,0.075,0.075,0.075,1437565,1629427,3085,3613,664
NY,0003,time_share,0.8,0.05,0.8,0.05,0.05,0.05,1444750,1622632,3141,3613,662
NY,0003,time_share,0.9,0.025,0.9,0.025,0.025,0.025,1444750,1622632,3141,3613,662
NY,0003,time_share,1.0,0.0,1.0,0.0,0.0,0.0,1444750,1622632,3141,3613,662
NY,0003,stability_share,0.0,0.25,0.375,0.0,0.0,0.375,1437565,1629427,3085,3613,664
NY,0003,stability_share,0.1,0.225,0.3375,0.058333333333333334,0.041666666666666664,0.3375,1449909,1655441,3001,3511,646
NY,0003,stability_share,0.2,0.2,0.3,0.11666666666666667,0.08333333333333333,0.3,1449909,1655441,3001,3511,646
NY,0003,stability_share,0.3,0.175,0.2625,0.175,0.125,0.2625,1449909,1655441,3001,3511,646
NY,0003,stability_share,0.4,0.15,0.225,0.23333333333333334,0.16666666666666666,0.225,1449909,1655441,3001,3511,646
NY,0003,stability_share,0.5,0.125,0.1875,0.2916666666666667,0.20833333333333334,0.1875,1449909,1655441,3001,3511,646
NY,0003,stability_share,0.6,0.1,0.15,0.35,0.25,0.15,1449909,1655441,3001,3511,646
NY,0003,stability_share,0.7,0.075,0.1125,0.4083333333333333,0.2916666666666667,0.1125,1449909,1655441,3001,3511,646
NY,0003,stability_share,0.8,0.05,0.075,0.4666666666666667,0.3333333333333333,0.075,1507117,1723958,3007,3327,622
NY,0003,stability_share,0.9,0.025,0.0375,0.525,0.375,0.0375,1565857,2440106,2321,4999,811
NY,0003,stability_share,1.0,0.0,0.0,0.5833333333333334,0.4166666666666667,0.0,1565857,2440106,2321,4999,811
NY,0004,time_share,0.0,0.25,0.0,0.25,0.25,0.25,429209,630866,616,1072,194
NY,0004,time_share,0.1,0.225,0.1,0.225,0.225,0.225,429209,630866,616,1072,194
NY,0004,time_share,0.2,0.2,0.2,0.2,0.2,0.2,429209,630866,616,1072,194
NY,0004,time_share,0.3,0.175,0.3,0.175,0.175,0.175,429209,630866,616,1072,194
NY,0004,time_share,0.4,0.15,0.4,0.15,0.15,0.15,423905,617603,626,1104,199
NY,0004,time_share,0.5,0.125,0.5,0.125,0.125,0.125,423905,617603,626,1104,199
NY,0004,time_share,0.6,0.1,0.6,0.1,0.1,0.1,469899,560760,900,1072,198
NY,0004,time_share,0.7,0.075,0.7,0.075,0.075,0.075,469899,560760,900,1072,198
NY,0004,time_share,0.8,0.05,0.8,0.05,0.05,0.05,469899,560760,900,1072,198
NY,0004,time_share,0.9,0.025,0.9,0.025,0.025,0.025,469899,560760,900,1072,198
NY,0004,time_share,1.0,0.0,1.0,0.0,0.0,0.0,469899,560760,900,1072,198
NY,0004,stability_share,0.0,0.25,0.375,0.0,0.0,0.375,423905,617603,626,1104,199
NY,0004,stability_share,0.1,0.225,0.3375,0.058333333333333334,0.041666666666666664,0.3375,423905,617603,626,1104,199
NY,0004,stability_share,0.2,0.2,0.3,0.11666666666666667,0.08333333333333333,0.3,429209,630866,616,1072,194
NY,0004,stability_share,0.3,0.175,0.2625,0.175,0.125,0.2625,429209,630866,616,1072,194
NY,0004,stability_share,0.4,0.15,0.225,0.23333333333333334,0.16666666666666666,0.225,429209,630866,616,1072,194
NY,0004,stability_share,0.5,0.125,0.1875,0.2916666666666667,0.20833333333333334,0.1875,429209,630866,616,1072,194
NY,0004,stability_share,0.6,0.1,0.15,0.35,0.25,0.15,429209,630866,616,1072,194
NY,0004,stability_share,0.7,0.075,0.1125,0.4083333333333333,0.2916666666666667,0.1125,429209,630866,616,1072,194
NY,0004,stability_share,0.8,0.05,0.075,0.4666666666666667,0.3333333333333333,0.075,429209,630866,616,1072,194
NY,0004,stability_share,0.9,0.025,0.0375,0.525,0.375,0.0375,429209,630866,616,1072,194
NY,0004,stability_share,1.0,0.0,0.0,0.5833333333333334,0.4166666666666667,0.0,429209,630866,616,1072,194
NY,0005,time_share,0.0,0.25,0.0,0.25,0.25,0.25,259855,327395,546,946,169
NY,0005,time_share,0.1,0.225,0.1,0.225,0.225,0.225,259855,327395,546,946,169
NY,0005,time_share,0.2,0.2,0.2,0.2,0.2,0.2,259855,327395,546,946,169
NY,0005,time_share,0.3,0.175,0.3,0.175,0.175,0.175,259855,327395,546,946,169
NY,0005,time_share,0.4,0.15,0.4,0.15,0.15,0.15,259855,327395,546,946,169
NY,0005,time_share,0.5,0.125,0.5,0.125,0.125,0.125,259318,321339,546,958,172
NY,0005,time_share,0.6,0.1,0.6,0.1,0.1,0.1,259318,321339,546,958,172
NY,0005,time_share,0.7,0.075,0.7,0.075,0.075,0.075,259318,321339,546,958,172
NY,0005,time_share,0.8,0.05,0.8,0.05,0.05,0.05,258491,319275,548,976,174
NY,0005,time_share,0.9,0.025,0.9,0.025,0.025,0.025,257782,317500,562,990,176
NY,0005,time_share,1.0,0.0,1.0,0.0,0.0,0.0,284352,313933,634,1104,195
NY,0005,stability_share,0.0,0.25,0.375,0.0,0.0,0.375,259855,327395,546,946,169
NY,0005,stability_share,0.1,0.225,0.3375,0.058333333333333334,0.041666666666666664,0.3375,259855,327395,546,946,169
NY,0005,stability_share,0.2,0.2,0.3,0.11666666666666667,0.08333333333333333,0.3,259855,327395,546,946,169
NY,0005,stability_share,0.3,0.175,0.2625,0.175,0.125,0.2625,259855,327395,546,946,169
NY,0005,stability_share,0.4,0.15,0.225,0.23333333333333334,0.16666666666666666,0.225,259855,327395,546,946,169
NY,0005,stability_share,0.5,0.125,0.1875,0.2916666666666667,0.20833333333333334,0.1875,259855,327395,546,946,169
NY,0005,stability_share,0.6,0.1,0.15,0.35,0.25,0.15,259855,327395,546,946,169
NY,0005,stability_share,0.7,0.075,0.1125,0.4083333333333333,0.2916666666666667,0.1125,259855,327395,546,946,169
NY,0005,stability_share,0.8,0.05,0.075,0.4666666666666667,0.3333333333333333,0.075,259855,327395,546,946,169
NY,0005,stability_share,0.9,0.025,0.0375,0.525,0.375,0.0375,266050,553293,412,1270,200
NY,0005,stability_share,1.0,0.0,0.0,0.5833333333333334,0.4166666666666667,0.0,275672,603169,398,1300,204
NY,0006,time_share,0.0,0.25,0.0,0.25,0.25,0.25,358880,495714,494,1054,191
NY,0006,time_share,0.1,0.225,0.1,0.225,0.225,0.225,358880,495714,494,1054,191
NY,0006,time_share,0.2,0.2,0.2,0.2,0.2,0.2,358880,495714,494,1054,191
NY,0006,time_share,0.3,0.175,0.3,0.175,0.175,0.175,334587,422107,524,1234,207
NY,0006,time_share,0.4,0.15,0.4,0.15,0.15,0.15,334587,422107,524,1234,207
NY,0006,time_share,0.5,0.125,0.5,0.125,0.125,0.125,334587,422107,524,1234,207
NY,0006,time_share,0.6,0.1,0.6,0.1,0.1,0.1,334587,422107,524,1234,207
NY,0006,time_share,0.7,0.075,0.7,0.075,0.075,0.075,334587,422107,524,1234,207
NY,0006,time_share,0.8,0.05,0.8,0.05,0.05,0.05,334688,404666,692,1252,210
NY,0006,time_share,0.9,0.025,0.9,0.025,0.025,0.025,369515,384909,756,1406,237
NY,0006,time_share,1.0,0.0,1.0,0.0,0.0,0.0,369483,384877,762,1416,239
NY,0006,stability_share,0.0,0.25,0.375,0.0,0.0,0.375,333958,406186,692,1252,210
NY,0006,stability_share,0.1,0.225,0.3375,0.058333333333333334,0.041666666666666664,0.3375,334587,422107,524,1234,207
NY,0006,stability_share,0.2,0.2,0.3,0.11666666666666667,0.08333333333333333,0.3,334587,422107,524,1234,207
NY,0006,stability_share,0.3,0.175,0.2625,0.175,0.125,0.2625,334587,422107,524,1234,207
NY,0006,stability_share,0.4,0.15,0.225,0.23333333333333334,0.16666666666666666,0.225,358880,495714,494,1054,191
NY,0006,stability_share,0.5,0.125,0.1875,0.2916666666666667,0.20833333333333334,0.1875,358880,495714,494,1054,191
NY,0006,stability_share,0.6,0.1,0.15,0.35,0.25,0.15,358880,495714,494,1054,191
NY,0006,stability_share,0.7,0.075,0.1125,0.4083333333333333,0.2916666666666667,0.1125,358880,495714,494,1054,191
NY,0006,stability_share,0.8,0.05,0.075,0.4666666666666667,0.3333333333333333,0.075,358880,495714,494,1054,191
NY,0006,stability_share,0.9,0.025,0.0375,0.525,0.375,0.0375,358880,495714,494,1054,191
NY,0006,stability_share,1.0,0.0,0.0,0.5833333333333334,0.4166666666666667,0.0,381958,752854,406,1274,216
NY,0007,time_share,0.0,0.25,0.0,0.25,0.25,0.25,772339,1218422,1465,2178,370
NY,0007,time_share,0.1,0.225,0.1,0.225,0.225,0.225,772339,1218422,1465,2178,370
NY,0007,time_share,0.2,0.2,0.2,0.2,0.2,0.2,772339,1218422,1465,2178,370
NY,0007,time_share,0.3,0.175,0.3,0.175,0.175,0.175,767749,1081600,1473,2422,408
NY,0007,time_share,0.4,0.15,0.4,0.15,0.15,0.15,767749,1081600,1473,2422,408
NY,0007,time_share,0.5,0.125,0.5,0.125,0.125,0.125,767749,1081600,1473,2422,408
NY,0007,time_share,0.6,0.1,0.6,0.1,0.1,0.1,767749,1081600,1473,2422,408
NY,0007,time_share,0.7,0.075,0.7,0.075,0.075,0.075,762068,1049768,1553,2532,427
NY,0007,time_share,0.8,0.05,0.8,0.05,0.05,0.05,762068,1049768,1553,2532,427
NY,0007,time_share,0.9,0.025,0.9,0.025,0.025,0.025,764565,1045913,1577,2632,440
NY,0007,time_share,1.0,0.0,1.0,0.0,0.0,0.0,764549,1045897,1591,2632,440
NY,0007,stability_share,0.0,0.25,0.375,0.0,0.0,0.375,712387,1085666,1631,2438,408
NY,0007,stability_share,0.1,0.225,0.3375,0.058333333333333334,0.041666666666666664,0.3375,712387,1085666,1631,2438,408
NY,0007,stability_share,0.2,0.2,0.3,0.11666666666666667,0.08333333333333333,0.3,767749,1081600,1473,2422,408
NY,0007,stability_share,0.3,0.175,0.2625,0.175,0.125,0.2625,772339,1218422,1465,2178,370
NY,0007,stability_share,0.4,0.15,0.225,0.23333333333333334,0.16666666666666666,0.225,772339,1218422,1465,2178,370
NY,0007,stability_share,0.5,0.125,0.1875,0.2916666666666667,0.20833333333333334,0.1875,772339,1218422,1465,2178,370
NY,0007,stability_share,0.6,0.1,0.15,0.35,0.25,0.15,757181,1438324,1323,2766,447
NY,0007,stability_share,0.7,0.075,0.1125,0.4083333333333333,0.2916666666666667,0.1125,816500,1310148,1317,2792,454
NY,0007,stability_share,0.8,0.05,0.075,0.4666666666666667,0.3333333333333333,0.075,816500,1310148,1317,2792,454
NY,0007,stability_share,0.9,0.025,0.0375,0.525,0.375,0.0375,816500,1310148,1317,2792,454
NY,0007,stability_share,1.0,0.0,0.0,0.5833333333333334,0.4166666666666667,0.0,816500,1310148,1317,2792,454
NY,0008,time_share,0.0,0.25,0.0,0.25,0.25,0.25,630197,919428,1181,2090,350
NY,0008,time_share,0.1,0.225,0.1,0.225,0.225,0.225,630197,919428,1181,2090,350
NY,0008,time_share,0.2,0.2,0.2,0.2,0.2,0.2,630197,919428,1181,2090,350
NY,0008,time_share,0.3,0.175,0.3,0.175,0.175,0.175,598984,832717,1237,2272,378
NY,0008,time_share,0.4,0.15,0.4,0.15,0.15,0.15,598984,832717,1237,2272,378
NY,0008,time_share,0.5,0.125,0.5,0.125,0.125,0.125,598984,832717,1237,2272,378
NY,0008,time_share,0.6,0.1,0.6,0.1,0.1,0.1,598984,832717,1237,2272,378
NY,0008,time_share,0.7,0.075,0.7,0.075,0.075,0.075,570309,796764,1321,2584,429
NY,0008,time_share,0.8,0.05,0.8,0.05,0.05,0.05,570309,796764,1321,2584,429
NY,0008,time_share,0.9,0.025,0.9,0.025,0.025,0.025,571684,793658,1337,2616,432
NY,0008,time_share,1.0,0.0,1.0,0.0,0.0,0.0,571668,793642,1351,2616,432
NY,0008,stability_share,0.0,0.25,0.375,0.0,0.0,0.375,598984,832717,1237,2272,378
NY,0008,stability_share,0.1,0.225,0.3375,0.058333333333333334,0.041666666666666664,0.3375,598984,832717,1237,2272,378
NY,0008,stability_share,0.2,0.2,0.3,0.11666666666666667,0.08333333333333333,0.3,598984,832717,1237,2272,378
NY,0008,stability_share,0.3,0.175,0.2625,0.175,0.125,0.2625,630197,919428,1181,2090,350
NY,0008,stability_share,0.4,0.15,0.225,0.23333333333333334,0.16666666666666666,0.225,630197,919428,1181,2090,350
NY,0008,stability_share,0.5,0.125,0.1875,0.2916666666666667,0.20833333333333334,0.1875,630197,919428,1181,2090,350
NY,0008,stability_share,0.6,0.1,0.15,0.35,0.25,0.15,630197,919428,1181,2090,350
NY,0008,stability_share,0.7,0.075,0.1125,0.4083333333333333,0.2916666666666667,0.1125,630197,919428,1181,2090,350
NY,0008,stability_share,0.8,0.05,0.075,0.4666666666666667,0.3333333333333333,0.075,687714,1457170,861,3524,531
NY,0008,stability_share,0.9,0.025,0.0375,0.525,0.375,0.0375,687714,1457170,861,3524,531
NY,0008,stability_share,1.0,0.0,0.0,0.5833333333333334,0.4166666666666667,0.0,687714,1457170,861,3524,531
NY,0009,time_share,0.0,0.25,0.0,0.25,0.25,0.25,911312,1336146,2232,1721,317
NY,0009,time_share,0.1,0.225,0.1,0.225,0.225,0.225,911312,1336146,2232,1721,317
NY,0009,time_share,0.2,0.2,0.2,0.2,0.2,0.2,911312,1336146,2232,1721,317
NY,0009,time_share,0.3,0.175,0.3,0.175,0.175,0.175,911312,1336146,2232,1721,317
NY,0009,time_share,0.4,0.15,0.4,0.15,0.15,0.15,911312,1336146,2232,1721,317
NY,0009,time_share,0.5,0.125,0.5,0.125,0.125,0.125,911312,1336146,2232,1721,317
NY,0009,time_share,0.6,0.1,0.6,0.1,0.1,0.1,926434,1284086,2298,1825,335
NY,0009,time_share,0.7,0.075,0.7,0.075,0.075,0.075,926434,1284086,2298,1825,335
NY,0009,time_share,0.8,0.05,0.8,0.05,0.05,0.05,928535,1278659,2326,1847,339
NY,0009,time_share,0.9,0.025,0.9,0.025,0.025,0.025,928535,1278659,2326,1847,339
NY,0009,time_share,1.0,0.0,1.0,0.0,0.0,0.0,928535,1278659,2326,1847,339
NY,0009,stability_share,0.0,0.25,0.375,0.0,0.0,0.375,911312,1336146,2232,1721,317
NY,0009,stability_share,0.1,0.225,0.3375,0.058333333333333334,0.041666666666666664,0.3375,911312,1336146,2232,1721,317
NY,0009,stability_share,0.2,0.2,0.3,0.11666666666666667,0.08333333333333333,0.3,911312,1336146,2232,1721,317
NY,0009,stability_share,0.3,0.175,0.2625,0.175,0.125,0.2625,911312,1336146,2232,1721,317
NY,0009,stability_share,0.4,0.15,0.225,0.23333333333333334,0.16666666666666666,0.225,911312,1336146,2232,1721,317
NY,0009,stability_share,0.5,0.125,0.1875,0.2916666666666667,0.20833333333333334,0.1875,911312,1336146,2232,1721,317
NY,0009,stability_share,0.6,0.1,0.15,0.35,0.25,0.15,911312,1336146,2232,1721,317
NY,0009,stability_share,0.7,0.075,0.1125,0.4083333333333333,0.2916666666666667,0.1125,911312,1336146,2232,1721,317
NY,0009,stability_share,0.8,0.05,0.075,0.4666666666666667,0.3333333333333333,0.075,911312,1336146,2232,1721,317
NY,0009,stability_share,0.9,0.025,0.0375,0.525,0.375,0.0375,911312,1336146,2232,1721,317
NY,0009,stability_share,1.0,0.0,0.0,0.5833333333333334,0.4166666666666667,0.0,914746,1872957,1890,2607,464
NY,0010,time_share,0.0,0.25,0.0,0.25,0.25,0.25,77049,120278,110,292,49
NY,0010,time_share,0.1,0.225,0.1,0.225,0.225,0.225,77049,120278,110,292,49
NY,0010,time_share,0.2,0.2,0.2,0.2,0.2,0.2,77049,120278,110,292,49
NY,0010,time_share,0.3,0.175,0.3,0.175,0.175,0.175,77049,120278,110,292,49
NY,0010,time_share,0.4,0.15,0.4,0.15,0.15,0.15,75922,110019,116,322,54
NY,0010,time_share,0.5,0.125,0.5,0.125,0.125,0.125,75922,110019,116,322,54
NY,0010,time_share,0.6,0.1,0.6,0.1,0.1,0.1,75922,110019,116,322,54
NY,0010,time_share,0.7,0.075,0.7,0.075,0.075,0.075,75922,110019,116,322,54
NY,0010,time_share,0.8,0.05,0.8,0.05,0.05,0.05,75731,107711,124,350,58
NY,0010,time_share,0.9,0.025,0.9,0.025,0.025,0.025,80223,104478,150,390,64
NY,0010,time_share,1.0,0.0,1.0,0.0,0.0,0.0,83727,104444,156,400,65
NY,0010,stability_share,0.0,0.25,0.375,0.0,0.0,0.375,75922,110019,116,322,54
NY,0010,stability_share,0.1,0.225,0.3375,0.058333333333333334,0.041666666666666664,0.3375,75922,110019,116,322,54
NY,0010,stability_share,0.2,0.2,0.3,0.11666666666666667,0.08333333333333333,0.3,77049,120278,110,292,49
NY,0010,stability_share,0.3,0.175,0.2625,0.175,0.125,0.2625,77049,120278,110,292,49
NY,0010,stability_share,0.4,0.15,0.225,0.23333333333333334,0.16666666666666666,0.225,77049,120278,110,292,49
NY,0010,stability_share,0.5,0.125,0.1875,0.2916666666666667,0.20833333333333334,0.1875,77049,120278,110,292,49
NY,0010,stability_share,0.6,0.1,0.15,0.35,0.25,0.15,77049,120278,110,292,49
NY,0010,stability_share,0.7,0.075,0.1125,0.4083333333333333,0.2916666666666667,0.1125,77049,120278,110,292,49
NY,0010,stability_share,0.8,0.05,0.075,0.4666666666666667,0.3333333333333333,0.075,77049,120278,110,292,49
NY,0010,stability_share,0.9,0.025,0.0375,0.525,0.375,0.0375,77049,120278,110,292,49
NY,0010,stability_share,1.0,0.0,0.0,0.5833333333333334,0.4166666666666667,0.0,77049,120278,110,292,49
NY,0011,time_share,0.0,0.25,0.0,0.25,0.25,0.25,418387,785196,775,1234,209
NY,0011,time_share,0.1,0.225,0.1,0.225,0.225,0.225,414897,738681,735,1298,218
NY,0011,time_share,0.2,0.2,0.2,0.2,0.2,0.2,414897,738681,735,1298,218
NY,0011,time_share,0.3,0.175,0.3,0.175,0.175,0.175,414897,738681,735,1298,218
NY,0011,time_share,0.4,0.15,0.4,0.15,0.15,0.15,378214,553522,813,1736,277
NY,0011,time_share,0.5,0.125,0.5,0.125,0.125,0.125,378214,553522,813,1736,277
NY,0011,time_share,0.6,0.1,0.6,0.1,0.1,0.1,378214,553522,813,1736,277
NY,0011,time_share,0.7,0.075,0.7,0.075,0.075,0.075,388561,537069,833,1804,285
NY,0011,time_share,0.8,0.05,0.8,0.05,0.05,0.05,389476,534805,833,1832,287
NY,0011,time_share,0.9,0.025,0.9,0.025,0.025,0.025,396120,529350,883,1826,297
NY,0011,time_share,1.0,0.0,1.0,0.0,0.0,0.0,396120,529350,883,1826,297
NY,0011,stability_share,0.0,0.25,0.375,0.0,0.0,0.375,403122,605890,863,1446,244
NY,0011,stability_share,0.1,0.225,0.3375,0.058333333333333334,0.041666666666666664,0.3375,403122,605890,863,1446,244
NY,0011,stability_share,0.2,0.2,0.3,0.11666666666666667,0.08333333333333333,0.3,403122,605890,863,1446,244
NY,0011,stability_share,0.3,0.175,0.2625,0.175,0.125,0.2625,414897,738681,735,1298,218
NY,0011,stability_share,0.4,0.15,0.225,0.23333333333333334,0.16666666666666666,0.225,414897,738681,735,1298,218
NY,0011,stability_share,0.5,0.125,0.1875,0.2916666666666667,0.20833333333333334,0.1875,414897,738681,735,1298,218
NY,0011,stability_share,0.6,0.1,0.15,0.35,0.25,0.15,414897,738681,735,1298,218
NY,0011,stability_share,0.7,0.075,0.1125,0.4083333333333333,0.2916666666666667,0.1125,414897,738681,735,1298,218
NY,0011,stability_share,0.8,0.05,0.075,0.4666666666666667,0.3333333333333333,0.075,414897,738681,735,1298,218
NY,0011,stability_share,0.9,0.025,0.0375,0.525,0.375,0.0375,414897,738681,735,1298,218
NY,0011,stability_share,1.0,0.0,0.0,0.5833333333333334,0.4166666666666667,0.0,427374,804893,761,1232,208
NY,0012,time_share,0.0,0.25,0.0,0.25,0.25,0.25,502875,743505,944,1786,306
NY,0012,time_share,0.1,0.225,0.1,0.225,0.225,0.225,502875,743505,944,1786,306
NY,0012,time_share,0.2,0.2,0.2,0.2,0.2,0.2,502875,743505,944,1786,306
NY,0012,time_share,0.3,0.175,0.3,0.175,0.175,0.175,502875,743505,944,1786,306
NY,0012,time_share,0.4,0.15,0.4,0.15,0.15,0.15,502875,743505,944,1786,306
NY,0012,time_share,0.5,0.125,0.5,0.125,0.125,0.125,502875,743505,944,1786,306
NY,0012,time_share,0.6,0.1,0.6,0.1,0.1,0.1,493867,722890,1010,1840,316
NY,0012,time_share,0.7,0.075,0.7,0.075,0.075,0.075,493867,722890,1010,1840,316
NY,0012,time_share,0.8,0.05,0.8,0.05,0.05,0.05,540920,664562,1008,2088,369
NY,0012,time_share,0.9,0.025,0.9,0.025,0.025,0.025,540920,664562,1008,2088,369
NY,0012,time_share,1.0,0.0,1.0,0.0,0.0,0.0,540883,664469,1030,2140,377
NY,0012,stability_share,0.0,0.25,0.375,0.0,0.0,0.375,493867,722890,1010,1840,316
NY,0012,stability_share,0.1,0.225,0.3375,0.058333333333333334,0.041666666666666664,0.3375,502875,743505,944,1786,306
NY,0012,stability_share,0.2,0.2,0.3,0.11666666666666667,0.08333333333333333,0.3,502875,743505,944,1786,306
NY,0012,stability_share,0.3,0.175,0.2625,0.175,0.125,0.2625,502875,743505,944,1786,306
NY,0012,stability_share,0.4,0.15,0.225,0.23333333333333334,0.16666666666666666,0.225,502875,743505,944,1786,306
NY,0012,stability_share,0.5,0.125,0.1875,0.2916666666666667,0.20833333333333334,0.1875,502875,743505,944,1786,306
NY,0012,stability_share,0.6,0.1,0.15,0.35,0.25,0.15,502875,743505,944,1786,306
NY,0012,stability_share,0.7,0.075,0.1125,0.4083333333333333,0.2916666666666667,0.1125,578426,975197,986,1526,272
NY,0012,stability_share,0.8,0.05,0.075,0.4666666666666667,0.3333333333333333,0.075,620043,1178195,892,1574,270
NY,0012,stability_share,0.9,0.025,0.0375,0.525,0.375,0.0375,620043,1178195,892,1574,270
NY,0012,stability_share,1.0,0.0,0.0,0.5833333333333334,0.4166666666666667,0.0,620043,1178195,892,1574,270
NY,0013,time_share,0.0,0.25,0.0,0.25,0.25,0.25,598545,961223,1371,2481,413
NY,0013,time_share,0.1,0.225,0.1,0.225,0.225,0.225,598545,961223,1371,2481,413
NY,0013,time_share,0.2,0.2,0.2,0.2,0.2,0.2,598545,961223,1371,2481,413
NY,0013,time_share,0.3,0.175,0.3,0.175,0.175,0.175,598545,961223,1371,2481,413
NY,0013,time_share,0.4,0.15,0.4,0.15,0.15,0.15,598545,961223,1371,2481,413
NY,0013,time_share,0.5,0.125,0.5,0.125,0.125,0.125,596354,864165,1469,2679,445
NY,0013,time_share,0.6,0.1,0.6,0.1,0.1,0.1,596354,864165,1469,2679,445
NY,0013,time_share,0.7,0.075,0.7,0.075,0.075,0.075,626700,838349,1525,2735,460
NY,0013,time_share,0.8,0.05,0.8,0.05,0.05,0.05,651459,817651,1581,2873,487
NY,0013,time_share,0.9,0.025,0.9,0.025,0.025,0.025,651459,817651,1581,2873,487
NY,0013,time_share,1.0,0.0,1.0,0.0,0.0,0.0,651459,817651,1581,2873,487
NY,0013,stability_share,0.0,0.25,0.375,0.0,0.0,0.375,598545,961223,1371,2481,413
NY,0013,stability_share,0.1,0.225,0.3375,0.058333333333333334,0.041666666666666664,0.3375,598545,961223,1371,2481,413
NY,0013,stability_share,0.2,0.2,0.3,0.11666666666666667,0.08333333333333333,0.3,598545,961223,1371,2481,413
NY,0013,stability_share,0.3,0.175,0.2625,0.175,0.125,0.2625,598545,961223,1371,2481,413
NY,0013,stability_share,0.4,0.15,0.225,0.23333333333333334,0.16666666666666666,0.225,598545,961223,1371,2481,413
NY,0013,stability_share,0.5,0.125,0.1875,0.2916666666666667,0.20833333333333334,0.1875,598545,961223,1371,2481,413
NY,0013,stability_share,0.6,0.1,0.15,0.35,0.25,0.15,598545,961223,1371,2481,413
NY,0013,stability_share,0.7,0.075,0.1125,0.4083333333333333,0.2916666666666667,0.1125,598545,961223,1371,2481,413
NY,0013,stability_share,0.8,0.05,0.075,0.4666666666666667,0.3333333333333333,0.075,670787,1162948,1115,2923,472
NY,0013,stability_share,0.9,0.025,0.0375,0.525,0.375,0.0375,655156,1257371,1025,3145,492
NY,0013,stability_share,1.0,0.0,0.0,0.5833333333333334,0.4166666666666667,0.0,651357,1324273,915,3419,525
NY,0014,time_share,0.0,0.25,0.0,0.25,0.25,0.25,509829,797817,1262,2150,350
NY,0014,time_share,0.1,0.225,0.1,0.225,0.225,0.225,509829,797817,1262,2150,350
NY,0014,time_share,0.2,0.2,0.2,0.2,0.2,0.2,509829,797817,1262,2150,350
NY,0014,time_share,0.3,0.175,0.3,0.175,0.175,0.175,509829,797817,1262,2150,350
NY,0014,time_share,0.4,0.15,0.4,0.15,0.15,0.15,509829,797817,1262,2150,350
NY,0014,time_share,0.5,0.125,0.5,0.125,0.125,0.125,499281,769663,1268,2260,369
NY,0014,time_share,0.6,0.1,0.6,0.1,0.1,0.1,522641,749977,1274,2250,372
NY,0014,time_share,0.7,0.075,0.7,0.075,0.075,0.075,522641,749977,1274,2250,372
NY,0014,time_share,0.8,0.05,0.8,0.05,0.05,0.05,545611,709977,1380,2376,395
NY,0014,time_share,0.9,0.025,0.9,0.025,0.025,0.025,545195,707559,1404,2392,399
NY,0014,time_share,1.0,0.0,1.0,0.0,0.0,0.0,573614,700947,1480,2412,411
NY,0014,stability_share,0.0,0.25,0.375,0.0,0.0,0.375,497395,768787,1318,2232,365
NY,0014,stability_share,0.1,0.225,0.3375,0.058333333333333334,0.041666666666666664,0.3375,509829,797817,1262,2150,350
NY,0014,stability_share,0.2,0.2,0.3,0.11666666666666667,0.08333333333333333,0.3,509829,797817,1262,2150,350
NY,0014,stability_share,0.3,0.175,0.2625,0.175,0.125,0.2625,509829,797817,1262,2150,350
NY,0014,stability_share,0.4,0.15,0.225,0.23333333333333334,0.16666666666666666,0.225,509829,797817,1262,2150,350
NY,0014,stability_share,0.5,0.125,0.1875,0.2916666666666667,0.20833333333333334,0.1875,509829,797817,1262,2150,350
NY,0014,stability_share,0.6,0.1,0.15,0.35,0.25,0.15,509829,797817,1262,2150,350
NY,0014,stability_share,0.7,0.075,0.1125,0.4083333333333333,0.2916666666666667,0.1125,509829,797817,1262,2150,350
NY,0014,stability_share,0.8,0.05,0.075,0.4666666666666667,0.3333333333333333,0.075,685677,1283933,934,3002,476
NY,0014,stability_share,0.9,0.025,0.0375,0.525,0.375,0.0375,685677,1283933,934,3002,476
NY,0014,stability_share,1.0,0.0,0.0,0.5833333333333334,0.4166666666666667,0.0,685677,1283933,934,3002,476
NY,0015,time_share,0.0,0.25,0.0,0.25,0.25,0.25,759231,907402,1403,2345,398
NY,0015,time_share,0.1,0.225,0.1,0.225,0.225,0.225,672286,863768,1469,2533,427
NY,0015,time_share,0.2,0.2,0.2,0.2,0.2,0.2,672286,863768,1469,2533,427
NY,0015,time_share,0.3,0.175,0.3,0.175,0.175,0.175,672286,863768,1469,2533,427
NY,0015,time_share,0.4,0.15,0.4,0.15,0.15,0.15,672286,863768,1469,2533,427
NY,0015,time_share,0.5,0.125,0.5,0.125,0.125,0.125,700477,825562,1467,2547,426
NY,0015,time_share,0.6,0.1,0.6,0.1,0.1,0.1,699095,822489,1473,2551,427
NY,0015,time_share,0.7,0.075,0.7,0.075,0.075,0.075,699095,822489,1473,2551,427
NY,0015,time_share,0.8,0.05,0.8,0.05,0.05,0.05,699095,822489,1473,2551,427
NY,0015,time_share,0.9,0.025,0.9,0.025,0.025,0.025,719153,806333,1543,2611,448
NY,0015,time_share,1.0,0.0,1.0,0.0,0.0,0.0,719137,806317,1557,2611,448
NY,0015,stability_share,0.0,0.25,0.375,0.0,0.0,0.375,672010,856943,1505,2519,426
NY,0015,stability_share,0.1,0.225,0.3375,0.058333333333333334,0.041666666666666664,0.3375,672026,856959,1491,2519,426
NY,0015,stability_share,0.2,0.2,0.3,0.11666666666666667,0.08333333333333333,0.3,672286,863768,1469,2533,427
NY,0015,stability_share,0.3,0.175,0.2625,0.175,0.125,0.2625,672286,863768,1469,2533,427
NY,0015,stability_share,0.4,0.15,0.225,0.23333333333333334,0.16666666666666666,0.225,759231,907402,1403,2345,398
NY,0015,stability_share,0.5,0.125,0.1875,0.2916666666666667,0.20833333333333334,0.1875,759231,907402,1403,2345,398
NY,0015,stability_share,0.6,0.1,0.15,0.35,0.25,0.15,759231,907402,1403,2345,398
NY,0015,stability_share,0.7,0.075,0.1125,0.4083333333333333,0.2916666666666667,0.1125,851831,1657098,971,4065,622
NY,0015,stability_share,0.8,0.05,0.075,0.4666666666666667,0.3333333333333333,0.075,851831,1657098,971,4065,622
NY,0015,stability_share,0.9,0.025,0.0375,0.525,0.375,0.0375,851831,1657098,971,4065,622
NY,0015,stability_share,1.0,0.0,0.0,0.5833333333333334,0.4166666666666667,0.0,851831,1657098,971,4065,622
NY,0016,time_share,0.0,0.25,0.0,0.25,0.25,0.25,93061,134183,198,431,72
NY,0016,time_share,0.1,0.225,0.1,0.225,0.225,0.225,93061,134183,198,431,72
NY,0016,time_share,0.2,0.2,0.2,0.2,0.2,0.2,91648,116756,204,417,71
NY,0016,time_share,0.3,0.175,0.3,0.175,0.175,0.175,91648,116756,204,417,71
NY,0016,time_share,0.4,0.15,0.4,0.15,0.15,0.15,91648,116756,204,417,71
NY,0016,time_share,0.5,0.125,0.5,0.125,0.125,0.125,90851,113819,204,427,73
NY,0016,time_share,0.6,0.1,0.6,0.1,0.1,0.1,90851,113819,204,427,73
NY,0016,time_share,0.7,0.075,0.7,0.075,0.075,0.075,92714,106093,208,445,77
NY,0016,time_share,0.8,0.05,0.8,0.05,0.05,0.05,92714,106093,208,445,77
NY,0016,time_share,0.9,0.025,0.9,0.025,0.025,0.025,92714,106093,208,445,77
NY,0016,time_share,1.0,0.0,1.0,0.0,0.0,0.0,92714,106093,208,445,77
NY,0016,stability_share,0.0,0.25,0.375,0.0,0.0,0.375,91648,116756,204,417,71
NY,0016,stability_share,0.1,0.225,0.3375,0.058333333333333334,0.041666666666666664,0.3375,91648,116756,204,417,71
NY,0016,stability_share,0.2,0.2,0.3,0.11666666666666667,0.08333333333333333,0.3,91648,116756,204,417,71
NY,0016,stability_share,0.3,0.175,0.2625,0.175,0.125,0.2625,91648,116756,204,417,71
NY,0016,stability_share,0.4,0.15,0.225,0.23333333333333334,0.16666666666666666,0.225,93061,134183,198,431,72
NY,0016,stability_share,0.5,0.125,0.1875,0.2916666666666667,0.20833333333333334,0.1875,93061,134183,198,431,72
NY,0016,stability_share,0.6,0.1,0.15,0.35,0.25,0.15,93061,134183,198,431,72
NY,0016,stability_share,0.7,0.075,0.1125,0.4083333333333333,0.2916666666666667,0.1125,93061,134183,198,431,72
NY,0016,stability_share,0.8,0.05,0.075,0.4666666666666667,0.3333333333333333,0.075,93061,134183,198,431,72
NY,0016,stability_share,0.9,0.025,0.0375,0.525,0.375,0.0375,93061,134183,198,431,72
NY,0016,stability_share,1.0,0.0,0.0,0.5833333333333334,0.4166666666666667,0.0,93061,134183,198,431,72
NY,0017,time_share,0.0,0.25,0.0,0.25,0.25,0.25,285771,389004,518,1089,184
NY,0017,time_share,0.1,0.225,0.1,0.225,0.225,0.225,285771,389004,518,1089,184
NY,0017,time_share,0.2,0.2,0.2,0.2,0.2,0.2,285771,389004,518,1089,184
NY,0017,time_share,0.3,0.175,0.3,0.175,0.175,0.175,283129,382399,526,1101,186
NY,0017,time_share,0.4,0.15,0.4,0.15,0.15,0.15,283426,378884,530,1103,187
NY,0017,time_share,0.5,0.125,0.5,0.125,0.125,0.125,283322,378624,532,1103,187
NY,0017,time_share,0.6,0.1,0.6,0.1,0.1,0.1,283322,378624,532,1103,187
NY,0017,time_share,0.7,0.075,0.7,0.075,0.075,0.075,283322,378624,532,1103,187
NY,0017,time_share,0.8,0.05,0.8,0.05,0.05,0.05,283322,378624,532,1103,187
NY,0017,time_share,0.9,0.025,0.9,0.025,0.025,0.025,283322,378624,532,1103,187
NY,0017,time_share,1.0,0.0,1.0,0.0,0.0,0.0,288267,375766,572,1169,198
NY,0017,stability_share,0.0,0.25,0.375,0.0,0.0,0.375,283129,382399,526,1101,186
NY,0017,stability_share,0.1,0.225,0.3375,0.058333333333333334,0.041666666666666664,0.3375,283129,382399,526,1101,186
NY,0017,stability_share,0.2,0.2,0.3,0.11666666666666667,0.08333333333333333,0.3,283129,382399,526,1101,186
NY,0017,stability_share,0.3,0.175,0.2625,0.175,0.125,0.2625,285771,389004,518,1089,184
NY,0017,stability_share,0.4,0.15,0.225,0.23333333333333334,0.16666666666666666,0.225,285771,389004,518,1089,184
NY,0017,stability_share,0.5,0.125,0.1875,0.2916666666666667,0.20833333333333334,0.1875,285771,389004,518,1089,184
NY,0017,stability_share,0.6,0.1,0.15,0.35,0.25,0.15,285771,389004,518,1089,184
NY,0017,stability_share,0.7,0.075,0.1125,0.4083333333333333,0.2916666666666667,0.1125,285771,389004,518,1089,184
NY,0017,stability_share,0.8,0.05,0.075,0.4666666666666667,0.3333333333333333,0.075,285771,389004,518,1089,184
NY,0017,stability_share,0.9,0.025,0.0375,0.525,0.375,0.0375,285771,389004,518,1089,184
NY,0017,stability_share,1.0,0.0,0.0,0.5833333333333334,0.4166666666666667,0.0,309597,713920,410,1197,183
NY,0018,time_share,0.0,0.25,0.0,0.25,0.25,0.25,256631,484767,506,937,156
NY,0018,time_share,0.1,0.225,0.1,0.225,0.225,0.225,256631,484767,506,937,156
NY,0018,time_share,0.2,0.2,0.2,0.2,0.2,0.2,256631,484767,506,937,156
NY,0018,time_share,0.3,0.175,0.3,0.175,0.175,0.175,256631,484767,506,937,156
NY,0018,time_share,0.4,0.15,0.4,0.15,0.15,0.15,256631,484767,506,937,156
NY,0018,time_share,0.5,0.125,0.5,0.125,0.125,0.125,255422,464111,564,953,162
NY,0018,time_share,0.6,0.1,0.6,0.1,0.1,0.1,259448,444014,576,977,167
NY,0018,time_share,0.7,0.075,0.7,0.075,0.075,0.075,259448,444014,576,977,167
NY,0018,time_share,0.8,0.05,0.8,0.05,0.05,0.05,264249,434667,572,1015,172
NY,0018,time_share,0.9,0.025,0.9,0.025,0.025,0.025,264249,434667,572,1015,172
NY,0018,time_share,1.0,0.0,1.0,0.0,0.0,0.0,264174,434592,580,1019,173
NY,0018,stability_share,0.0,0.25,0.375,0.0,0.0,0.375,256631,484767,506,937,156
NY,0018,stability_share,0.1,0.225,0.3375,0.058333333333333334,0.041666666666666664,0.3375,256631,484767,506,937,156
NY,0018,stability_share,0.2,0.2,0.3,0.11666666666666667,0.08333333333333333,0.3,256631,484767,506,937,156
NY,0018,stability_share,0.3,0.175,0.2625,0.175,0.125,0.2625,256631,484767,506,937,156
NY,0018,stability_share,0.4,0.15,0.225,0.23333333333333334,0.16666666666666666,0.225,256631,484767,506,937,156
NY,0018,stability_share,0.5,0.125,0.1875,0.2916666666666667,0.20833333333333334,0.1875,256631,484767,506,937,156
NY,0018,stability_share,0.6,0.1,0.15,0.35,0.25,0.15,256631,484767,506,937,156
NY,0018,stability_share,0.7,0.075,0.1125,0.4083333333333333,0.2916666666666667,0.1125,256631,484767,506,937,156
NY,0018,stability_share,0.8,0.05,0.075,0.4666666666666667,0.3333333333333333,0.075,256631,484767,506,937,156
NY,0018,stability_share,0.9,0.025,0.0375,0.525,0.375,0.0375,256631,484767,506,937,156
NY,0018,stability_share,1.0,0.0,0.0,0.5833333333333334,0.4166666666666667,0.0,256631,484767,506,937,156
NY,0019,time_share,0.0,0.25,0.0,0.25,0.25,0.25,388467,504205,748,1165,209
NY,0019,time_share,0.1,0.225,0.1,0.225,0.225,0.225,388467,504205,748,1165,209
NY,0019,time_share,0.2,0.2,0.2,0.2,0.2,0.2,388467,504205,748,1165,209
NY,0019,time_share,0.3,0.175,0.3,0.175,0.175,0.175,388467,504205,748,1165,209
NY,0019,time_share,0.4,0.15,0.4,0.15,0.15,0.15,388467,504205,748,1165,209
NY,0019,time_share,0.5,0.125,0.5,0.125,0.125,0.125,389685,498285,738,1179,213
NY,0019,time_share,0.6,0.1,0.6,0.1,0.1,0.1,389685,498285,738,1179,213
NY,0019,time_share,0.7,0.075,0.7,0.075,0.075,0.075,389685,498285,738,1179,213
NY,0019,time_share,0.8,0.05,0.8,0.05,0.05,0.05,389685,498285,738,1179,213
NY,0019,time_share,0.9,0.025,0.9,0.025,0.025,0.025,384304,496658,778,1223,219
NY,0019,time_share,1.0,0.0,1.0,0.0,0.0,0.0,384272,496626,784,1233,221
NY,0019,stability_share,0.0,0.25,0.375,0.0,0.0,0.375,388467,504205,748,1165,209
NY,0019,stability_share,0.1,0.225,0.3375,0.058333333333333334,0.041666666666666664,0.3375,388467,504205,748,1165,209
NY,0019,stability_share,0.2,0.2,0.3,0.11666666666666667,0.08333333333333333,0.3,388467,504205,748,1165,209
NY,0019,stability_share,0.3,0.175,0.2625,0.175,0.125,0.2625,388467,504205,748,1165,209
NY,0019,stability_share,0.4,0.15,0.225,0.23333333333333334,0.16666666666666666,0.225,388467,504205,748,1165,209
NY,0019,stability_share,0.5,0.125,0.1875,0.2916666666666667,0.20833333333333334,0.1875,388467,504205,748,1165,209
NY,0019,stability_share,0.6,0.1,0.15,0.35,0.25,0.15,388467,504205,748,1165,209
NY,0019,stability_share,0.7,0.075,0.1125,0.4083333333333333,0.2916666666666667,0.1125,377244,560480,630,1289,226
NY,0019,stability_share,0.8,0.05,0.075,0.4666666666666667,0.3333333333333333,0.075,377244,560480,630,1289,226
NY,0019,stability_share,0.9,0.025,0.0375,0.525,0.375,0.0375,377244,560480,630,1289,226
NY,0019,stability_share,1.0,0.0,0.0,0.5833333333333334,0.4166666666666667,0.0,377244,560480,630,1289,226
NY,0020,time_share,0.0,0.25,0.0,0.25,0.25,0.25,223983,559939,660,973,153
NY,0020,time_share,0.1,0.225,0.1,0.225,0.225,0.225,223983,559939,660,973,153
NY,0020,time_share,0.2,0.2,0.2,0.2,0.2,0.2,240196,533781,570,967,148
NY,0020,time_share,0.3,0.175,0.3,0.175,0.175,0.175,240196,533781,570,967,148
NY,0020,time_share,0.4,0.15,0.4,0.15,0.15,0.15,265666,347336,564,1129,184
NY,0020,time_share,0.5,0.125,0.5,0.125,0.125,0.125,265666,347336,564,1129,184
NY,0020,time_share,0.6,0.1,0.6,0.1,0.1,0.1,270225,332154,598,1185,185
NY,0020,time_share,0.7,0.075,0.7,0.075,0.075,0.075,270225,332154,598,1185,185
NY,0020,time_share,0.8,0.05,0.8,0.05,0.05,0.05,270225,332154,598,1185,185
NY,0020,time_share,0.9,0.025,0.9,0.025,0.025,0.025,272321,330186,626,1195,185
NY,0020,time_share,1.0,0.0,1.0,0.0,0.0,0.0,272321,330186,626,1195,185
NY,0020,stability_share,0.0,0.25,0.375,0.0,0.0,0.375,223983,559939,660,973,153
NY,0020,stability_share,0.1,0.225,0.3375,0.058333333333333334,0.041666666666666664,0.3375,223983,559939,660,973,153
NY,0020,stability_share,0.2,0.2,0.3,0.11666666666666667,0.08333333333333333,0.3,240196,533781,570,967,148
NY,0020,stability_share,0.3,0.175,0.2625,0.175,0.125,0.2625,240196,533781,570,967,148
NY,0020,stability_share,0.4,0.15,0.225,0.23333333333333334,0.16666666666666666,0.225,240196,533781,570,967,148
NY,0020,stability_share,0.5,0.125,0.1875,0.2916666666666667,0.20833333333333334,0.1875,240196,533781,570,967,148
NY,0020,stability_share,0.6,0.1,0.15,0.35,0.25,0.15,254535,449099,460,1099,175
NY,0020,stability_share,0.7,0.075,0.1125,0.4083333333333333,0.2916666666666667,0.1125,253619,596120,354,1151,174
NY,0020,stability_share,0.8,0.05,0.075,0.4666666666666667,0.3333333333333333,0.075,253619,596120,354,1151,174
NY,0020,stability_share,0.9,0.025,0.0375,0.525,0.375,0.0375,253619,596120,354,1151,174
NY,0020,stability_share,1.0,0.0,0.0,0.5833333333333334,0.4166666666666667,0.0,253619,596120,354,1151,174
NY,0021,time_share,0.0,0.25,0.0,0.25,0.25,0.25,227055,351795,472,846,138
NY,0021,time_share,0.1,0.225,0.1,0.225,0.225,0.225,227055,351795,472,846,138
NY,0021,time_share,0.2,0.2,0.2,0.2,0.2,0.2,227055,351795,472,846,138
NY,0021,time_share,0.3,0.175,0.3,0.175,0.175,0.175,227055,351795,472,846,138
NY,0021,time_share,0.4,0.15,0.4,0.15,0.15,0.15,227055,351795,472,846,138
NY,0021,time_share,0.5,0.125,0.5,0.125,0.125,0.125,227055,351795,472,846,138
NY,0021,time_share,0.6,0.1,0.6,0.1,0.1,0.1,223951,286746,546,1036,169
NY,0021,time_share,0.7,0.075,0.7,0.075,0.075,0.075,223951,286746,546,1036,169
NY,0021,time_share,0.8,0.05,0.8,0.05,0.05,0.05,223951,286746,546,1036,169
NY,0021,time_share,0.9,0.025,0.9,0.025,0.025,0.025,225392,283555,582,1060,170
NY,0021,time_share,1.0,0.0,1.0,0.0,0.0,0.0,225386,283543,588,1062,170
NY,0021,stability_share,0.0,0.25,0.375,0.0,0.0,0.375,227055,351795,472,846,138
NY,0021,stability_share,0.1,0.225,0.3375,0.058333333333333334,0.041666666666666664,0.3375,227055,351795,472,846,138
NY,0021,stability_share,0.2,0.2,0.3,0.11666666666666667,0.08333333333333333,0.3,227055,351795,472,846,138
NY,0021,stability_share,0.3,0.175,0.2625,0.175,0.125,0.2625,227055,351795,472,846,138
NY,0021,stability_share,0.4,0.15,0.225,0.23333333333333334,0.16666666666666666,0.225,227055,351795,472,846,138
NY,0021,stability_share,0.5,0.125,0.1875,0.2916666666666667,0.20833333333333334,0.1875,227055,351795,472,846,138
NY,0021,stability_share,0.6,0.1,0.15,0.35,0.25,0.15,227055,351795,472,846,138
NY,0021,stability_share,0.7,0.075,0.1125,0.4083333333333333,0.2916666666666667,0.1125,227055,351795,472,846,138
NY,0021,stability_share,0.8,0.05,0.075,0.4666666666666667,0.3333333333333333,0.075,227055,351795,472,846,138
NY,0021,stability_share,0.9,0.025,0.0375,0.525,0.375,0.0375,259290,524630,372,1062,167
NY,0021,stability_share,1.0,0.0,0.0,0.5833333333333334,0.4166666666666667,0.0,259290,524630,372,1062,167
NY,0022,time_share,0.0,0.25,0.0,0.25,0.25,0.25,655822,882042,1056,1676,300
NY,0022,time_share,0.1,0.225,0.1,0.225,0.225,0.225,655822,882042,1056,1676,300
NY,0022,time_share,0.2,0.2,0.2,0.2,0.2,0.2,655822,882042,1056,1676,300
NY,0022,time_share,0.3,0.175,0.3,0.175,0.175,0.175,639181,800957,1092,1886,336
NY,0022,time_share,0.4,0.15,0.4,0.15,0.15,0.15,639181,800957,1092,1886,336
NY,0022,time_share,0.5,0.125,0.5,0.125,0.125,0.125,639181,800957,1092,1886,336
NY,0022,time_share,0.6,0.1,0.6,0.1,0.1,0.1,640562,798053,1104,1896,337
NY,0022,time_share,0.7,0.075,0.7,0.075,0.075,0.075,682878,785485,1168,1776,327
NY,0022,time_share,0.8,0.05,0.8,0.05,0.05,0.05,697404,779579,1164,1818,335
NY,0022,time_share,0.9,0.025,0.9,0.025,0.025,0.025,697404,779579,1164,1818,335
NY,0022,time_share,1.0,0.0,1.0,0.0,0.0,0.0,749458,776901,1456,2448,421
NY,0022,stability_share,0.0,0.25,0.375,0.0,0.0,0.375,639181,800957,1092,1886,336
NY,0022,stability_share,0.1,0.225,0.3375,0.058333333333333334,0.041666666666666664,0.3375,639181,800957,1092,1886,336
NY,0022,stability_share,0.2,0.2,0.3,0.11666666666666667,0.08333333333333333,0.3,655822,882042,1056,1676,300
NY,0022,stability_share,0.3,0.175,0.2625,0.175,0.125,0.2625,655822,882042,1056,1676,300
NY,0022,stability_share,0.4,0.15,0.225,0.23333333333333334,0.16666666666666666,0.225,655822,882042,1056,1676,300
NY,0022,stability_share,0.5,0.125,0.1875,0.2916666666666667,0.20833333333333334,0.1875,655822,882042,1056,1676,300
NY,0022,stability_share,0.6,0.1,0.15,0.35,0.25,0.15,655822,882042,1056,1676,300
NY,0022,stability_share,0.7,0.075,0.1125,0.4083333333333333,0.2916666666666667,0.1125,655822,882042,1056,1676,300
NY,0022,stability_share,0.8,0.05,0.075,0.4666666666666667,0.3333333333333333,0.075,661198,1017374,858,2004,345
NY,0022,stability_share,0.9,0.025,0.0375,0.525,0.375,0.0375,655712,1069611,856,1992,343
NY,0022,stability_share,1.0,0.0,0.0,0.5833333333333334,0.4166666666666667,0.0,655712,1069611,856,1992,343
NY,0023,time_share,0.0,0.25,0.0,0.25,0.25,0.25,19873,49681,55,140,22
NY,0023,time_share,0.1,0.225,0.1,0.225,0.225,0.225,19873,49681,55,140,22
NY,0023,time_share,0.2,0.2,0.2,0.2,0.2,0.2,19873,49681,55,140,22
NY,0023,time_share,0.3,0.175,0.3,0.175,0.175,0.175,19873,49681,55,140,22
NY,0023,time_share,0.4,0.15,0.4,0.15,0.15,0.15,19873,49681,55,140,22
NY,0023,time_share,0.5,0.125,0.5,0.125,0.125,0.125,19873,49681,55,140,22
NY,0023,time_share,0.6,0.1,0.6,0.1,0.1,0.1,19873,49681,55,140,22
NY,0023,time_share,0.7,0.075,0.7,0.075,0.075,0.075,19873,49681,55,140,22
NY,0023,time_share,0.8,0.05,0.8,0.05,0.05,0.05,19873,49681,55,140,22
NY,0023,time_share,0.9,0.025,0.9,0.025,0.025,0.025,24798,46555,85,196,31
NY,0023,time_share,1.0,0.0,1.0,0.0,0.0,0.0,24798,46555,85,196,31
NY,0023,stability_share,0.0,0.25,0.375,0.0,0.0,0.375,19873,49681,55,140,22
NY,0023,stability_share,0.1,0.225,0.3375,0.058333333333333334,0.041666666666666664,0.3375,19873,49681,55,140,22
NY,0023,stability_share,0.2,0.2,0.3,0.11666666666666667,0.08333333333333333,0.3,19873,49681,55,140,22
NY,0023,stability_share,0.3,0.175,0.2625,0.175,0.125,0.2625,19873,49681,55,140,22
NY,0023,stability_share,0.4,0.15,0.225,0.23333333333333334,0.16666666666666666,0.225,19873,49681,55,140,22
NY,0023,stability_share,0.5,0.125,0.1875,0.2916666666666667,0.20833333333333334,0.1875,19873,49681,55,140,22
NY,0023,stability_share,0.6,0.1,0.15,0.35,0.25,0.15,19873,49681,55,140,22
NY,0023,stability_share,0.7,0.075,0.1125,0.4083333333333333,0.2916666666666667,0.1125,19873,49681,55,140,22
NY,0023,stability_share,0.8,0.05,0.075,0.4666666666666667,0.3333333333333333,0.075,19873,49681,55,140,22
NY,0023,stability_share,0.9,0.025,0.0375,0.525,0.375,0.0375,19873,49681,55,140,22
NY,0023,stability_share,1.0,0.0,0.0,0.5833333333333334,0.4166666666666667,0.0,19873,49681,55,140,22
NY,0024,time_share,0.0,0.25,0.0,0.25,0.25,0.25,193187,368032,503,841,125
NY,0024,time_share,0.1,0.225,0.1,0.225,0.225,0.225,193187,368032,503,841,125
NY,0024,time_share,0.2,0.2,0.2,0.2,0.2,0.2,189466,302827,475,897,134
NY,0024,time_share,0.3,0.175,0.3,0.175,0.175,0.175,189466,302827,475,897,134
NY,0024,time_share,0.4,0.15,0.4,0.15,0.15,0.15,189466,302827,475,897,134
NY,0024,time_share,0.5,0.125,0.5,0.125,0.125,0.125,189466,302827,475,897,134
NY,0024,time_share,0.6,0.1,0.6,0.1,0.1,0.1,191510,281611,489,967,147
NY,0024,time_share,0.7,0.075,0.7,0.075,0.075,0.075,191510,281611,489,967,147
NY,0024,time_share,0.8,0.05,0.8,0.05,0.05,0.05,191510,281611,489,967,147
NY,0024,time_share,0.9,0.025,0.9,0.025,0.025,0.025,190972,278546,537,1005,154
NY,0024,time_share,1.0,0.0,1.0,0.0,0.0,0.0,190972,278546,537,1005,154
NY,0024,stability_share,0.0,0.25,0.375,0.0,0.0,0.375,189466,302827,475,897,134
NY,0024,stability_share,0.1,0.225,0.3375,0.058333333333333334,0.041666666666666664,0.3375,189466,302827,475,897,134
NY,0024,stability_share,0.2,0.2,0.3,0.11666666666666667,0.08333333333333333,0.3,189466,302827,475,897,134
NY,0024,stability_share,0.3,0.175,0.2625,0.175,0.125,0.2625,189466,302827,475,897,134
NY,0024,stability_share,0.4,0.15,0.225,0.23333333333333334,0.16666666666666666,0.225,189466,302827,475,897,134
NY,0024,stability_share,0.5,0.125,0.1875,0.2916666666666667,0.20833333333333334,0.1875,189466,302827,475,897,134
NY,0024,stability_share,0.6,0.1,0.15,0.35,0.25,0.15,189466,302827,475,897,134
NY,0024,stability_share,0.7,0.075,0.1125,0.4083333333333333,0.2916666666666667,0.1125,190437,417967,379,985,148
NY,0024,stability_share,0.8,0.05,0.075,0.4666666666666667,0.3333333333333333,0.075,190437,417967,379,985,148
NY,0024,stability_share,0.9,0.025,0.0375,0.525,0.375,0.0375,190437,417967,379,985,148
NY,0024,stability_share,1.0,0.0,0.0,0.5833333333333334,0.4166666666666667,0.0,190437,417967,379,985,148
NY,0025,time_share,0.0,0.25,0.0,0.25,0.25,0.25,539447,718376,984,1964,329
NY,0025,time_share,0.1,0.225,0.1,0.225,0.225,0.225,539447,718376,984,1964,329
NY,0025,time_share,0.2,0.2,0.2,0.2,0.2,0.2,539447,718376,984,1964,329
NY,0025,time_share,0.3,0.175,0.3,0.175,0.175,0.175,539447,718376,984,1964,329
NY,0025,time_share,0.4,0.15,0.4,0.15,0.15,0.15,539447,718376,984,1964,329
NY,0025,time_share,0.5,0.125,0.5,0.125,0.125,0.125,539447,718376,984,1964,329
NY,0025,time_share,0.6,0.1,0.6,0.1,0.1,0.1,547965,683731,988,2114,358
NY,0025,time_share,0.7,0.075,0.7,0.075,0.075,0.075,547965,683731,988,2114,358
NY,0025,time_share,0.8,0.05,0.8,0.05,0.05,0.05,547965,683731,988,2114,358
NY,0025,time_share,0.9,0.025,0.9,0.025,0.025,0.025,549077,669877,1226,2182,369
NY,0025,time_share,1.0,0.0,1.0,0.0,0.0,0.0,550100,669775,1238,2184,370
NY,0025,stability_share,0.0,0.25,0.375,0.0,0.0,0.375,539447,718376,984,1964,329
NY,0025,stability_share,0.1,0.225,0.3375,0.058333333333333334,0.041666666666666664,0.3375,539447,718376,984,1964,329
NY,0025,stability_share,0.2,0.2,0.3,0.11666666666666667,0.08333333333333333,0.3,539447,718376,984,1964,329
NY,0025,stability_share,0.3,0.175,0.2625,0.175,0.125,0.2625,539447,718376,984,1964,329
NY,0025,stability_share,0.4,0.15,0.225,0.23333333333333334,0.16666666666666666,0.225,539447,718376,984,1964,329
NY,0025,stability_share,0.5,0.125,0.1875,0.2916666666666667,0.20833333333333334,0.1875,539447,718376,984,1964,329
NY,0025,stability_share,0.6,0.1,0.15,0.35,0.25,0.15,539447,718376,984,1964,329
NY,0025,stability_share,0.7,0.075,0.1125,0.4083333333333333,0.2916666666666667,0.1125,539447,718376,984,1964,329
NY,0025,stability_share,0.8,0.05,0.075,0.4666666666666667,0.3333333333333333,0.075,539447,718376,984,1964,329
NY,0025,stability_share,0.9,0.025,0.0375,0.525,0.375,0.0375,601374,1186488,714,2734,405
NY,0025,stability_share,1.0,0.0,0.0,0.5833333333333334,0.4166666666666667,0.0,601374,1186488,714,2734,405
NY,0026,time_share,0.0,0.25,0.0,0.25,0.25,0.25,229099,538907,258,537,91
NY,0026,time_share,0.1,0.225,0.1,0.225,0.225,0.225,229099,538907,258,537,91
NY,0026,time_share,0.2,0.2,0.2,0.2,0.2,0.2,229099,538907,258,537,91
NY,0026,time_share,0.3,0.175,0.3,0.175,0.175,0.175,229099,538907,258,537,91
NY,0026,time_share,0.4,0.15,0.4,0.15,0.15,0.15,229099,538907,258,537,91
NY,0026,time_share,0.5,0.125,0.5,0.125,0.125,0.125,229099,538907,258,537,91
NY,0026,time_share,0.6,0.1,0.6,0.1,0.1,0.1,223595,525152,260,559,96
NY,0026,time_share,0.7,0.075,0.7,0.075,0.075,0.075,223595,525152,260,559,96
NY,0026,time_share,0.8,0.05,0.8,0.05,0.05,0.05,223595,525152,260,559,96
NY,0026,time_share,0.9,0.025,0.9,0.025,0.025,0.025,217127,522102,270,573,99
NY,0026,time_share,1.0,0.0,1.0,0.0,0.0,0.0,217127,522102,270,573,99
NY,0026,stability_share,0.0,0.25,0.375,0.0,0.0,0.375,229099,538907,258,537,91
NY,0026,stability_share,0.1,0.225,0.3375,0.058333333333333334,0.041666666666666664,0.3375,229099,538907,258,537,91
NY,0026,stability_share,0.2,0.2,0.3,0.11666666666666667,0.08333333333333333,0.3,229099,538907,258,537,91
NY,0026,stability_share,0.3,0.175,0.2625,0.175,0.125,0.2625,229099,538907,258,537,91
NY,0026,stability_share,0.4,0.15,0.225,0.23333333333333334,0.16666666666666666,0.225,229099,538907,258,537,91
NY,0026,stability_share,0.5,0.125,0.1875,0.2916666666666667,0.20833333333333334,0.1875,229099,538907,258,537,91
NY,0026,stability_share,0.6,0.1,0.15,0.35,0.25,0.15,243445,574767,250,529,92
NY,0026,stability_share,0.7,0.075,0.1125,0.4083333333333333,0.2916666666666667,0.1125,243445,574767,250,529,92
NY,0026,stability_share,0.8,0.05,0.075,0.4666666666666667,0.3333333333333333,0.075,243445,574767,250,529,92
NY,0026,stability_share,0.9,0.025,0.0375,0.525,0.375,0.0375,243445,574767,250,529,92
NY,0026,stability_share,1.0,0.0,0.0,0.5833333333333334,0.4166666666666667,0.0,243445,574767,250,529,92
NY,0027,time_share,0.0,0.25,0.0,0.25,0.25,0.25,660079,1031399,1007,2090,355
NY,0027,time_share,0.1,0.225,0.1,0.225,0.225,0.225,660079,1031399,1007,2090,355
NY,0027,time_share,0.2,0.2,0.2,0.2,0.2,0.2,660079,1031399,1007,2090,355
NY,0027,time_share,0.3,0.175,0.3,0.175,0.175,0.175,645776,941533,1135,2150,373
NY,0027,time_share,0.4,0.15,0.4,0.15,0.15,0.15,648706,848853,1171,2192,399
NY,0027,time_share,0.5,0.125,0.5,0.125,0.125,0.125,648706,848853,1171,2192,399
NY,0027,time_share,0.6,0.1,0.6,0.1,0.1,0.1,652137,839060,1181,2198,402
NY,0027,time_share,0.7,0.075,0.7,0.075,0.075,0.075,652137,839060,1181,2198,402
NY,0027,time_share,0.8,0.05,0.8,0.05,0.05,0.05,652137,839060,1181,2198,402
NY,0027,time_share,0.9,0.025,0.9,0.025,0.025,0.025,660112,831716,1219,2286,415
NY,0027,time_share,1.0,0.0,1.0,0.0,0.0,0.0,660112,831716,1219,2286,415
NY,0027,stability_share,0.0,0.25,0.375,0.0,0.0,0.375,645776,941533,1135,2150,373
NY,0027,stability_share,0.1,0.225,0.3375,0.058333333333333334,0.041666666666666664,0.3375,645776,941533,1135,2150,373
NY,0027,stability_share,0.2,0.2,0.3,0.11666666666666667,0.08333333333333333,0.3,645776,941533,1135,2150,373
NY,0027,stability_share,0.3,0.175,0.2625,0.175,0.125,0.2625,660079,1031399,1007,2090,355
NY,0027,stability_share,0.4,0.15,0.225,0.23333333333333334,0.16666666666666666,0.225,660079,1031399,1007,2090,355
NY,0027,stability_share,0.5,0.125,0.1875,0.2916666666666667,0.20833333333333334,0.1875,660079,1031399,1007,2090,355
NY,0027,stability_share,0.6,0.1,0.15,0.35,0.25,0.15,660079,1031399,1007,2090,355
NY,0027,stability_share,0.7,0.075,0.1125,0.4083333333333333,0.2916666666666667,0.1125,660079,1031399,1007,2090,355
NY,0027,stability_share,0.8,0.05,0.075,0.4666666666666667,0.3333333333333333,0.075,660079,1031399,1007,2090,355
NY,0027,stability_share,0.9,0.025,0.0375,0.525,0.375,0.0375,660079,1031399,1007,2090,355
NY,0027,stability_share,1.0,0.0,0.0,0.5833333333333334,0.4166666666666667,0.0,660079,1031399,1007,2090,355
NY,0028,time_share,0.0,0.25,0.0,0.25,0.25,0.25,494832,778165,749,1862,298
NY,0028,time_share,0.1,0.225,0.1,0.225,0.225,0.225,494832,778165,749,1862,298
NY,0028,time_share,0.2,0.2,0.2,0.2,0.2,0.2,517331,655022,1201,1604,270
NY,0028,time_share,0.3,0.175,0.3,0.175,0.175,0.175,517331,655022,1201,1604,270
NY,0028,time_share,0.4,0.15,0.4,0.15,0.15,0.15,467733,582977,1061,1908,329
NY,0028,time_share,0.5,0.125,0.5,0.125,0.125,0.125,471249,561779,1021,1964,335
NY,0028,time_share,0.6,0.1,0.6,0.1,0.1,0.1,471249,561779,1021,1964,335
NY,0028,time_share,0.7,0.075,0.7,0.075,0.075,0.075,469649,557728,1069,1950,337
NY,0028,time_share,0.8,0.05,0.8,0.05,0.05,0.05,469649,557728,1069,1950,337
NY,0028,time_share,0.9,0.025,0.9,0.025,0.025,0.025,476649,553321,1105,2008,344
NY,0028,time_share,1.0,0.0,1.0,0.0,0.0,0.0,476649,553321,1105,2008,344
NY,0028,stability_share,0.0,0.25,0.375,0.0,0.0,0.375,517331,655022,1201,1604,270
NY,0028,stability_share,0.1,0.225,0.3375,0.058333333333333334,0.041666666666666664,0.3375,517331,655022,1201,1604,270
NY,0028,stability_share,0.2,0.2,0.3,0.11666666666666667,0.08333333333333333,0.3,517331,655022,1201,1604,270
NY,0028,stability_share,0.3,0.175,0.2625,0.175,0.125,0.2625,517331,655022,1201,1604,270
NY,0028,stability_share,0.4,0.15,0.225,0.23333333333333334,0.16666666666666666,0.225,517331,655022,1201,1604,270
NY,0028,stability_share,0.5,0.125,0.1875,0.2916666666666667,0.20833333333333334,0.1875,494832,778165,749,1862,298
NY,0028,stability_share,0.6,0.1,0.15,0.35,0.25,0.15,494832,778165,749,1862,298
NY,0028,stability_share,0.7,0.075,0.1125,0.4083333333333333,0.2916666666666667,0.1125,494832,778165,749,1862,298
NY,0028,stability_share,0.8,0.05,0.075,0.4666666666666667,0.3333333333333333,0.075,494832,778165,749,1862,298
NY,0028,stability_share,0.9,0.025,0.0375,0.525,0.375,0.0375,511402,922688,685,1910,303
NY,0028,stability_share,1.0,0.0,0.0,0.5833333333333334,0.4166666666666667,0.0,511402,922688,685,1910,303
NY,0029,time_share,0.0,0.25,0.0,0.25,0.25,0.25,478367,705198,895,1881,281
NY,0029,time_share,0.1,0.225,0.1,0.225,0.225,0.225,478367,705198,895,1881,281
NY,0029,time_share,0.2,0.2,0.2,0.2,0.2,0.2,478367,705198,895,1881,281
NY,0029,time_share,0.3,0.175,0.3,0.175,0.175,0.175,478367,705198,895,1881,281
NY,0029,time_share,0.4,0.15,0.4,0.15,0.15,0.15,478367,705198,895,1881,281
NY,0029,time_share,0.5,0.125,0.5,0.125,0.125,0.125,450154,656336,985,2065,309
NY,0029,time_share,0.6,0.1,0.6,0.1,0.1,0.1,450154,656336,985,2065,309
NY,0029,time_share,0.7,0.075,0.7,0.075,0.075,0.075,469779,634300,1017,2073,319
NY,0029,time_share,0.8,0.05,0.8,0.05,0.05,0.05,469779,634300,1017,2073,319
NY,0029,time_share,0.9,0.025,0.9,0.025,0.025,0.025,471969,631738,1029,2101,324
NY,0029,time_share,1.0,0.0,1.0,0.0,0.0,0.0,471731,631684,1043,2135,330
NY,0029,stability_share,0.0,0.25,0.375,0.0,0.0,0.375,450154,656336,985,2065,309
NY,0029,stability_share,0.1,0.225,0.3375,0.058333333333333334,0.041666666666666664,0.3375,478367,705198,895,1881,281
NY,0029,stability_share,0.2,0.2,0.3,0.11666666666666667,0.08333333333333333,0.3,478367,705198,895,1881,281
NY,0029,stability_share,0.3,0.175,0.2625,0.175,0.125,0.2625,478367,705198,895,1881,281
NY,0029,stability_share,0.4,0.15,0.225,0.23333333333333334,0.16666666666666666,0.225,478367,705198,895,1881,281
NY,0029,stability_share,0.5,0.125,0.1875,0.2916666666666667,0.20833333333333334,0.1875,478367,705198,895,1881,281
NY,0029,stability_share,0.6,0.1,0.15,0.35,0.25,0.15,478367,705198,895,1881,281
NY,0029,stability_share,0.7,0.075,0.1125,0.4083333333333333,0.2916666666666667,0.1125,478367,705198,895,1881,281
NY,0029,stability_share,0.8,0.05,0.075,0.4666666666666667,0.3333333333333333,0.075,478367,705198,895,1881,281
NY,0029,stability_share,0.9,0.025,0.0375,0.525,0.375,0.0375,537533,1032727,721,2145,328
NY,0029,stability_share,1.0,0.0,0.0,0.5833333333333334,0.4166666666666667,0.0,537533,1032727,721,2145,328
NY,0030,time_share,0.0,0.25,0.0,0.25,0.25,0.25,253657,405956,329,629,106
NY,0030,time_share,0.1,0.225,0.1,0.225,0.225,0.225,253657,405956,329,629,106
NY,0030,time_share,0.2,0.2,0.2,0.2,0.2,0.2,253657,405956,329,629,106
NY,0030,time_share,0.3,0.175,0.3,0.175,0.175,0.175,253657,405956,329,629,106
NY,0030,time_share,0.4,0.15,0.4,0.15,0.15,0.15,253657,405956,329,629,106
NY,0030,time_share,0.5,0.125,0.5,0.125,0.125,0.125,253657,405956,329,629,106
NY,0030,time_share,0.6,0.1,0.6,0.1,0.1,0.1,252836,399240,387,641,110
NY,0030,time_share,0.7,0.075,0.7,0.075,0.075,0.075,252836,399240,387,641,110
NY,0030,time_share,0.8,0.05,0.8,0.05,0.05,0.05,252836,399240,387,641,110
NY,0030,time_share,0.9,0.025,0.9,0.025,0.025,0.025,252836,399240,387,641,110
NY,0030,time_share,1.0,0.0,1.0,0.0,0.0,0.0,252836,399240,387,641,110
NY,0030,stability_share,0.0,0.25,0.375,0.0,0.0,0.375,252836,399240,387,641,110
NY,0030,stability_share,0.1,0.225,0.3375,0.058333333333333334,0.041666666666666664,0.3375,253657,405956,329,629,106
NY,0030,stability_share,0.2,0.2,0.3,0.11666666666666667,0.08333333333333333,0.3,253657,405956,329,629,106
NY,0030,stability_share,0.3,0.175,0.2625,0.175,0.125,0.2625,253657,405956,329,629,106
NY,0030,stability_share,0.4,0.15,0.225,0.23333333333333334,0.16666666666666666,0.225,253657,405956,329,629,106
NY,0030,stability_share,0.5,0.125,0.1875,0.2916666666666667,0.20833333333333334,0.1875,253657,405956,329,629,106
NY,0030,stability_share,0.6,0.1,0.15,0.35,0.25,0.15,253657,405956,329,629,106
NY,0030,stability_share,0.7,0.075,0.1125,0.4083333333333333,0.2916666666666667,0.1125,253657,405956,329,629,106
NY,0030,stability_share,0.8,0.05,0.075,0.4666666666666667,0.3333333333333333,0.075,253657,405956,329,629,106
NY,0030,stability_share,0.9,0.025,0.0375,0.525,0.375,0.0375,257592,411414,323,647,108
NY,0030,stability_share,1.0,0.0,0.0,0.5833333333333334,0.4166666666666667,0.0,257592,411414,323,647,108
